ISO-10303-21;
HEADER;
/* Generated by software containing ST-Developer
 * from STEP Tools, Inc. (www.steptools.com) 
 */

FILE_DESCRIPTION(
/* description */ (''),
/* implementation_level */ '2;1');

FILE_NAME(
/* name */ 'plate side-l.step',
/* time_stamp */ '2026-08-31T17:57:26+09:00',
/* author */ (''),
/* organization */ (''),
/* preprocessor_version */ 'ST-DEVELOPER v20.1',
/* originating_system */ 'Autodesk Translation Framework v15.8.0.0',
/* authorisation */ '');

FILE_SCHEMA (('AUTOMOTIVE_DESIGN { 1 0 10303 214 3 1 1 }'));
ENDSEC;

DATA;
#10=MECHANICAL_DESIGN_GEOMETRIC_PRESENTATION_REPRESENTATION('',(#13),#6278);
#11=SHAPE_REPRESENTATION_RELATIONSHIP('SRR','None',#6285,#12);
#12=ADVANCED_BREP_SHAPE_REPRESENTATION('',(#14),#6277);
#13=STYLED_ITEM('',(#6294),#14);
#14=MANIFOLD_SOLID_BREP('\X2\BCF8CCB4\X0\1',#3342);
#15=FACE_BOUND('',#684,.T.);
#16=FACE_BOUND('',#685,.T.);
#17=FACE_BOUND('',#709,.T.);
#18=FACE_BOUND('',#713,.T.);
#19=FACE_BOUND('',#714,.T.);
#20=FACE_BOUND('',#715,.T.);
#21=FACE_BOUND('',#716,.T.);
#22=FACE_BOUND('',#717,.T.);
#23=FACE_BOUND('',#718,.T.);
#24=FACE_BOUND('',#719,.T.);
#25=FACE_BOUND('',#720,.T.);
#26=FACE_BOUND('',#721,.T.);
#27=FACE_BOUND('',#722,.T.);
#28=FACE_BOUND('',#723,.T.);
#29=FACE_BOUND('',#724,.T.);
#30=FACE_BOUND('',#725,.T.);
#31=FACE_BOUND('',#726,.T.);
#32=FACE_BOUND('',#729,.T.);
#33=FACE_BOUND('',#732,.T.);
#34=FACE_BOUND('',#735,.T.);
#35=FACE_BOUND('',#743,.T.);
#36=FACE_BOUND('',#744,.T.);
#37=FACE_BOUND('',#745,.T.);
#38=FACE_BOUND('',#746,.T.);
#39=B_SPLINE_CURVE_WITH_KNOTS('',3,(#4341,#4342,#4343,#4344,#4345),
 .UNSPECIFIED.,.F.,.F.,(4,1,4),(0.,0.0500834181250371,0.101033232274658),
 .UNSPECIFIED.);
#40=B_SPLINE_CURVE_WITH_KNOTS('',3,(#4349,#4350,#4351,#4352,#4353),
 .UNSPECIFIED.,.F.,.F.,(4,1,4),(0.,0.0500834181250371,0.101033232274658),
 .UNSPECIFIED.);
#41=B_SPLINE_CURVE_WITH_KNOTS('',3,(#4366,#4367,#4368,#4369,#4370),
 .UNSPECIFIED.,.F.,.F.,(4,1,4),(0.,0.0499740309170637,0.099948229144989),
 .UNSPECIFIED.);
#42=B_SPLINE_CURVE_WITH_KNOTS('',3,(#4373,#4374,#4375,#4376,#4377),
 .UNSPECIFIED.,.F.,.F.,(4,1,4),(0.,0.0499740309170637,0.099948229144989),
 .UNSPECIFIED.);
#43=B_SPLINE_CURVE_WITH_KNOTS('',3,(#4389,#4390,#4391,#4392,#4393),
 .UNSPECIFIED.,.F.,.F.,(4,1,4),(0.,0.0509497113796995,0.101033082396307),
 .UNSPECIFIED.);
#44=B_SPLINE_CURVE_WITH_KNOTS('',3,(#4396,#4397,#4398,#4399,#4400),
 .UNSPECIFIED.,.F.,.F.,(4,1,4),(0.,0.0509497113796995,0.101033082396307),
 .UNSPECIFIED.);
#45=B_SPLINE_CURVE_WITH_KNOTS('',3,(#4430,#4431,#4432,#4433,#4434),
 .UNSPECIFIED.,.F.,.F.,(4,1,4),(0.,0.00679089679175219,0.014354402364307),
 .UNSPECIFIED.);
#46=B_SPLINE_CURVE_WITH_KNOTS('',3,(#4437,#4438,#4439,#4440,#4441),
 .UNSPECIFIED.,.F.,.F.,(4,1,4),(0.,0.00679089679175219,0.014354402364307),
 .UNSPECIFIED.);
#47=B_SPLINE_CURVE_WITH_KNOTS('',3,(#4453,#4454,#4455,#4456,#4457),
 .UNSPECIFIED.,.F.,.F.,(4,1,4),(0.,0.00746738277337963,0.0140782795362796),
 .UNSPECIFIED.);
#48=B_SPLINE_CURVE_WITH_KNOTS('',3,(#4460,#4461,#4462,#4463,#4464),
 .UNSPECIFIED.,.F.,.F.,(4,1,4),(0.,0.00746738277337963,0.0140782795362796),
 .UNSPECIFIED.);
#49=B_SPLINE_CURVE_WITH_KNOTS('',3,(#4482,#4483,#4484,#4485,#4486),
 .UNSPECIFIED.,.F.,.F.,(4,1,4),(0.,0.00631239455318633,0.0127384508160154),
 .UNSPECIFIED.);
#50=B_SPLINE_CURVE_WITH_KNOTS('',3,(#4489,#4490,#4491,#4492,#4493),
 .UNSPECIFIED.,.F.,.F.,(4,1,4),(0.,0.00631239455318633,0.0127384508160154),
 .UNSPECIFIED.);
#51=B_SPLINE_CURVE_WITH_KNOTS('',3,(#4505,#4506,#4507,#4508,#4509),
 .UNSPECIFIED.,.F.,.F.,(4,1,4),(0.,0.00756350557255485,0.014354402364307),
 .UNSPECIFIED.);
#52=B_SPLINE_CURVE_WITH_KNOTS('',3,(#4512,#4513,#4514,#4515,#4516),
 .UNSPECIFIED.,.F.,.F.,(4,1,4),(0.,0.00756350557255485,0.014354402364307),
 .UNSPECIFIED.);
#53=B_SPLINE_CURVE_WITH_KNOTS('',3,(#4546,#4547,#4548,#4549,#4550),
 .UNSPECIFIED.,.F.,.F.,(4,1,4),(0.,0.0500833710166079,0.101033082396307),
 .UNSPECIFIED.);
#54=B_SPLINE_CURVE_WITH_KNOTS('',3,(#4553,#4554,#4555,#4556,#4557),
 .UNSPECIFIED.,.F.,.F.,(4,1,4),(0.,0.0500833710166079,0.101033082396307),
 .UNSPECIFIED.);
#55=B_SPLINE_CURVE_WITH_KNOTS('',3,(#4569,#4570,#4571,#4572,#4573),
 .UNSPECIFIED.,.F.,.F.,(4,1,4),(0.,0.049974104219001,0.099948208438002),
 .UNSPECIFIED.);
#56=B_SPLINE_CURVE_WITH_KNOTS('',3,(#4576,#4577,#4578,#4579,#4580),
 .UNSPECIFIED.,.F.,.F.,(4,1,4),(0.,0.049974104219001,0.099948208438002),
 .UNSPECIFIED.);
#57=B_SPLINE_CURVE_WITH_KNOTS('',3,(#4592,#4593,#4594,#4595,#4596),
 .UNSPECIFIED.,.F.,.F.,(4,1,4),(0.,0.0509497113796995,0.101033082396307),
 .UNSPECIFIED.);
#58=B_SPLINE_CURVE_WITH_KNOTS('',3,(#4599,#4600,#4601,#4602,#4603),
 .UNSPECIFIED.,.F.,.F.,(4,1,4),(0.,0.0509497113796995,0.101033082396307),
 .UNSPECIFIED.);
#59=B_SPLINE_CURVE_WITH_KNOTS('',3,(#4677,#4678,#4679,#4680,#4681),
 .UNSPECIFIED.,.F.,.F.,(4,1,4),(0.,0.0183486679797179,0.0385845053250739),
 .UNSPECIFIED.);
#60=B_SPLINE_CURVE_WITH_KNOTS('',3,(#4684,#4685,#4686,#4687,#4688),
 .UNSPECIFIED.,.F.,.F.,(4,1,4),(0.,0.0183486679797179,0.0385845053250739),
 .UNSPECIFIED.);
#61=B_SPLINE_CURVE_WITH_KNOTS('',3,(#4700,#4701,#4702,#4703,#4704),
 .UNSPECIFIED.,.F.,.F.,(4,1,4),(0.,0.0202359743926786,0.0385846423723965),
 .UNSPECIFIED.);
#62=B_SPLINE_CURVE_WITH_KNOTS('',3,(#4707,#4708,#4709,#4710,#4711),
 .UNSPECIFIED.,.F.,.F.,(4,1,4),(0.,0.0202359743926786,0.0385846423723965),
 .UNSPECIFIED.);
#63=B_SPLINE_CURVE_WITH_KNOTS('',3,(#4729,#4730,#4731,#4732,#4733),
 .UNSPECIFIED.,.F.,.F.,(4,1,4),(0.,0.0182026962564143,0.0392954978814437),
 .UNSPECIFIED.);
#64=B_SPLINE_CURVE_WITH_KNOTS('',3,(#4736,#4737,#4738,#4739,#4740),
 .UNSPECIFIED.,.F.,.F.,(4,1,4),(0.,0.0182026962564143,0.0392954978814437),
 .UNSPECIFIED.);
#65=B_SPLINE_CURVE_WITH_KNOTS('',3,(#4752,#4753,#4754,#4755,#4756),
 .UNSPECIFIED.,.F.,.F.,(4,1,4),(0.,0.0202082603176791,0.0382813902065908),
 .UNSPECIFIED.);
#66=B_SPLINE_CURVE_WITH_KNOTS('',3,(#4759,#4760,#4761,#4762,#4763),
 .UNSPECIFIED.,.F.,.F.,(4,1,4),(0.,0.0202082603176791,0.0382813902065908),
 .UNSPECIFIED.);
#67=B_SPLINE_CURVE_WITH_KNOTS('',3,(#4793,#4794,#4795,#4796,#4797),
 .UNSPECIFIED.,.F.,.F.,(4,1,4),(0.,0.0500836135836718,0.101032962628315),
 .UNSPECIFIED.);
#68=B_SPLINE_CURVE_WITH_KNOTS('',3,(#4800,#4801,#4802,#4803,#4804),
 .UNSPECIFIED.,.F.,.F.,(4,1,4),(0.,0.0500836135836718,0.101032962628315),
 .UNSPECIFIED.);
#69=B_SPLINE_CURVE_WITH_KNOTS('',3,(#4816,#4817,#4818,#4819,#4820),
 .UNSPECIFIED.,.F.,.F.,(4,1,4),(0.,0.0499739839125729,0.0999481821404982),
 .UNSPECIFIED.);
#70=B_SPLINE_CURVE_WITH_KNOTS('',3,(#4823,#4824,#4825,#4826,#4827),
 .UNSPECIFIED.,.F.,.F.,(4,1,4),(0.,0.0499739839125729,0.0999481821404982),
 .UNSPECIFIED.);
#71=B_SPLINE_CURVE_WITH_KNOTS('',3,(#4839,#4840,#4841,#4842,#4843),
 .UNSPECIFIED.,.F.,.F.,(4,1,4),(0.,0.0509498295853963,0.101033200602004),
 .UNSPECIFIED.);
#72=B_SPLINE_CURVE_WITH_KNOTS('',3,(#4846,#4847,#4848,#4849,#4850),
 .UNSPECIFIED.,.F.,.F.,(4,1,4),(0.,0.0509498295853963,0.101033200602004),
 .UNSPECIFIED.);
#73=B_SPLINE_CURVE_WITH_KNOTS('',3,(#4868,#4869,#4870,#4871,#4872),
 .UNSPECIFIED.,.F.,.F.,(4,1,4),(0.,0.0500833710166079,0.101033082396307),
 .UNSPECIFIED.);
#74=B_SPLINE_CURVE_WITH_KNOTS('',3,(#4875,#4876,#4877,#4878,#4879),
 .UNSPECIFIED.,.F.,.F.,(4,1,4),(0.,0.0500833710166079,0.101033082396307),
 .UNSPECIFIED.);
#75=B_SPLINE_CURVE_WITH_KNOTS('',3,(#4891,#4892,#4893,#4894,#4895),
 .UNSPECIFIED.,.F.,.F.,(4,1,4),(0.,0.0499741982279253,0.099948229144989),
 .UNSPECIFIED.);
#76=B_SPLINE_CURVE_WITH_KNOTS('',3,(#4898,#4899,#4900,#4901,#4902),
 .UNSPECIFIED.,.F.,.F.,(4,1,4),(0.,0.0499741982279253,0.099948229144989),
 .UNSPECIFIED.);
#77=B_SPLINE_CURVE_WITH_KNOTS('',3,(#4914,#4915,#4916,#4917,#4918),
 .UNSPECIFIED.,.F.,.F.,(4,1,4),(0.,0.0509495931740074,0.101032964190615),
 .UNSPECIFIED.);
#78=B_SPLINE_CURVE_WITH_KNOTS('',3,(#4921,#4922,#4923,#4924,#4925),
 .UNSPECIFIED.,.F.,.F.,(4,1,4),(0.,0.0509495931740074,0.101032964190615),
 .UNSPECIFIED.);
#79=B_SPLINE_CURVE_WITH_KNOTS('',3,(#4956,#4957,#4958,#4959,#4960),
 .UNSPECIFIED.,.F.,.F.,(4,1,4),(0.,0.0183486679797179,0.0385845053250739),
 .UNSPECIFIED.);
#80=B_SPLINE_CURVE_WITH_KNOTS('',3,(#4963,#4964,#4965,#4966,#4967),
 .UNSPECIFIED.,.F.,.F.,(4,1,4),(0.,0.0183486679797179,0.0385845053250739),
 .UNSPECIFIED.);
#81=B_SPLINE_CURVE_WITH_KNOTS('',3,(#4979,#4980,#4981,#4982,#4983),
 .UNSPECIFIED.,.F.,.F.,(4,1,4),(0.,0.0202359743926786,0.0385846423723965),
 .UNSPECIFIED.);
#82=B_SPLINE_CURVE_WITH_KNOTS('',3,(#4986,#4987,#4988,#4989,#4990),
 .UNSPECIFIED.,.F.,.F.,(4,1,4),(0.,0.0202359743926786,0.0385846423723965),
 .UNSPECIFIED.);
#83=B_SPLINE_CURVE_WITH_KNOTS('',3,(#5008,#5009,#5010,#5011,#5012),
 .UNSPECIFIED.,.F.,.F.,(4,1,4),(0.,0.0182026962564143,0.0392954978814437),
 .UNSPECIFIED.);
#84=B_SPLINE_CURVE_WITH_KNOTS('',3,(#5015,#5016,#5017,#5018,#5019),
 .UNSPECIFIED.,.F.,.F.,(4,1,4),(0.,0.0182026962564143,0.0392954978814437),
 .UNSPECIFIED.);
#85=B_SPLINE_CURVE_WITH_KNOTS('',3,(#5031,#5032,#5033,#5034,#5035),
 .UNSPECIFIED.,.F.,.F.,(4,1,4),(0.,0.0202087314190189,0.0382814536427374),
 .UNSPECIFIED.);
#86=B_SPLINE_CURVE_WITH_KNOTS('',3,(#5038,#5039,#5040,#5041,#5042),
 .UNSPECIFIED.,.F.,.F.,(4,1,4),(0.,0.0202087314190189,0.0382814536427374),
 .UNSPECIFIED.);
#87=B_SPLINE_CURVE_WITH_KNOTS('',3,(#5072,#5073,#5074,#5075,#5076),
 .UNSPECIFIED.,.F.,.F.,(4,1,4),(0.,0.0500836135836718,0.101033435451146),
 .UNSPECIFIED.);
#88=B_SPLINE_CURVE_WITH_KNOTS('',3,(#5079,#5080,#5081,#5082,#5083),
 .UNSPECIFIED.,.F.,.F.,(4,1,4),(0.,0.0500836135836718,0.101033435451146),
 .UNSPECIFIED.);
#89=B_SPLINE_CURVE_WITH_KNOTS('',3,(#5095,#5096,#5097,#5098,#5099),
 .UNSPECIFIED.,.F.,.F.,(4,1,4),(0.,0.0499738373090909,0.0999478475192752),
 .UNSPECIFIED.);
#90=B_SPLINE_CURVE_WITH_KNOTS('',3,(#5102,#5103,#5104,#5105,#5106),
 .UNSPECIFIED.,.F.,.F.,(4,1,4),(0.,0.0499738373090909,0.0999478475192752),
 .UNSPECIFIED.);
#91=B_SPLINE_CURVE_WITH_KNOTS('',3,(#5118,#5119,#5120,#5121,#5122),
 .UNSPECIFIED.,.F.,.F.,(4,1,4),(0.,0.0509497987141194,0.101033358165881),
 .UNSPECIFIED.);
#92=B_SPLINE_CURVE_WITH_KNOTS('',3,(#5125,#5126,#5127,#5128,#5129),
 .UNSPECIFIED.,.F.,.F.,(4,1,4),(0.,0.0509497987141194,0.101033358165881),
 .UNSPECIFIED.);
#93=B_SPLINE_CURVE_WITH_KNOTS('',3,(#5147,#5148,#5149,#5150,#5151),
 .UNSPECIFIED.,.F.,.F.,(4,1,4),(0.,0.0500833710166079,0.101033113268753),
 .UNSPECIFIED.);
#94=B_SPLINE_CURVE_WITH_KNOTS('',3,(#5154,#5155,#5156,#5157,#5158),
 .UNSPECIFIED.,.F.,.F.,(4,1,4),(0.,0.0500833710166079,0.101033113268753),
 .UNSPECIFIED.);
#95=B_SPLINE_CURVE_WITH_KNOTS('',3,(#5170,#5171,#5172,#5173,#5174),
 .UNSPECIFIED.,.F.,.F.,(4,1,4),(0.,0.0499740102101843,0.0999478945239038),
 .UNSPECIFIED.);
#96=B_SPLINE_CURVE_WITH_KNOTS('',3,(#5177,#5178,#5179,#5180,#5181),
 .UNSPECIFIED.,.F.,.F.,(4,1,4),(0.,0.0499740102101843,0.0999478945239038),
 .UNSPECIFIED.);
#97=B_SPLINE_CURVE_WITH_KNOTS('',3,(#5193,#5194,#5195,#5196,#5197),
 .UNSPECIFIED.,.F.,.F.,(4,1,4),(0.,0.0509498295853963,0.101033419614986),
 .UNSPECIFIED.);
#98=B_SPLINE_CURVE_WITH_KNOTS('',3,(#5200,#5201,#5202,#5203,#5204),
 .UNSPECIFIED.,.F.,.F.,(4,1,4),(0.,0.0509498295853963,0.101033419614986),
 .UNSPECIFIED.);
#99=B_SPLINE_CURVE_WITH_KNOTS('',3,(#5246,#5247,#5248,#5249,#5250),
 .UNSPECIFIED.,.F.,.F.,(4,1,4),(0.,0.00756350557255485,0.014354402364307),
 .UNSPECIFIED.);
#100=B_SPLINE_CURVE_WITH_KNOTS('',3,(#5254,#5255,#5256,#5257,#5258),
 .UNSPECIFIED.,.F.,.F.,(4,1,4),(0.,0.00756350557255485,0.014354402364307),
 .UNSPECIFIED.);
#101=B_SPLINE_CURVE_WITH_KNOTS('',3,(#5277,#5278,#5279,#5280,#5281),
 .UNSPECIFIED.,.F.,.F.,(4,1,4),(0.,0.00693783008192479,0.0136460833209515),
 .UNSPECIFIED.);
#102=B_SPLINE_CURVE_WITH_KNOTS('',3,(#5284,#5285,#5286,#5287,#5288),
 .UNSPECIFIED.,.F.,.F.,(4,1,4),(0.,0.00693783008192479,0.0136460833209515),
 .UNSPECIFIED.);
#103=B_SPLINE_CURVE_WITH_KNOTS('',3,(#5300,#5301,#5302,#5303,#5304),
 .UNSPECIFIED.,.F.,.F.,(4,1,4),(0.,0.00643284974008299,0.0130324632447859),
 .UNSPECIFIED.);
#104=B_SPLINE_CURVE_WITH_KNOTS('',3,(#5307,#5308,#5309,#5310,#5311),
 .UNSPECIFIED.,.F.,.F.,(4,1,4),(0.,0.00643284974008299,0.0130324632447859),
 .UNSPECIFIED.);
#105=B_SPLINE_CURVE_WITH_KNOTS('',3,(#5329,#5330,#5331,#5332,#5333),
 .UNSPECIFIED.,.F.,.F.,(4,1,4),(0.,0.00688563959991135,0.0143590714609116),
 .UNSPECIFIED.);
#106=B_SPLINE_CURVE_WITH_KNOTS('',3,(#5336,#5337,#5338,#5339,#5340),
 .UNSPECIFIED.,.F.,.F.,(4,1,4),(0.,0.00688563959991135,0.0143590714609116),
 .UNSPECIFIED.);
#107=B_SPLINE_CURVE_WITH_KNOTS('',3,(#5352,#5353,#5354,#5355,#5356),
 .UNSPECIFIED.,.F.,.F.,(4,1,4),(0.,0.00670821004443489,0.0136461654124046),
 .UNSPECIFIED.);
#108=B_SPLINE_CURVE_WITH_KNOTS('',3,(#5359,#5360,#5361,#5362,#5363),
 .UNSPECIFIED.,.F.,.F.,(4,1,4),(0.,0.00670821004443489,0.0136461654124046),
 .UNSPECIFIED.);
#109=B_SPLINE_CURVE_WITH_KNOTS('',3,(#5381,#5382,#5383,#5384,#5385),
 .UNSPECIFIED.,.F.,.F.,(4,1,4),(0.,0.00679089679175219,0.014354402364307),
 .UNSPECIFIED.);
#110=B_SPLINE_CURVE_WITH_KNOTS('',3,(#5388,#5389,#5390,#5391,#5392),
 .UNSPECIFIED.,.F.,.F.,(4,1,4),(0.,0.00679089679175219,0.014354402364307),
 .UNSPECIFIED.);
#111=B_SPLINE_CURVE_WITH_KNOTS('',3,(#5404,#5405,#5406,#5407,#5408),
 .UNSPECIFIED.,.F.,.F.,(4,1,4),(0.,0.00746738277337963,0.0140782795362796),
 .UNSPECIFIED.);
#112=B_SPLINE_CURVE_WITH_KNOTS('',3,(#5411,#5412,#5413,#5414,#5415),
 .UNSPECIFIED.,.F.,.F.,(4,1,4),(0.,0.00746738277337963,0.0140782795362796),
 .UNSPECIFIED.);
#113=B_SPLINE_CURVE_WITH_KNOTS('',3,(#5432,#5433,#5434,#5435,#5436),
 .UNSPECIFIED.,.F.,.F.,(4,1,4),(0.,0.00631249619122443,0.0127383141224624),
 .UNSPECIFIED.);
#114=B_SPLINE_CURVE_WITH_KNOTS('',3,(#5437,#5438,#5439,#5440,#5441),
 .UNSPECIFIED.,.F.,.F.,(4,1,4),(0.,0.00631249619122443,0.0127383141224624),
 .UNSPECIFIED.);
#115=B_SPLINE_CURVE_WITH_KNOTS('',3,(#5454,#5455,#5456,#5457,#5458),
 .UNSPECIFIED.,.F.,.F.,(4,1,4),(0.,0.00756350557255485,0.014354402364307),
 .UNSPECIFIED.);
#116=B_SPLINE_CURVE_WITH_KNOTS('',3,(#5462,#5463,#5464,#5465,#5466),
 .UNSPECIFIED.,.F.,.F.,(4,1,4),(0.,0.00756350557255485,0.014354402364307),
 .UNSPECIFIED.);
#117=B_SPLINE_CURVE_WITH_KNOTS('',3,(#5485,#5486,#5487,#5488,#5489),
 .UNSPECIFIED.,.F.,.F.,(4,1,4),(0.,0.0067907687925559,0.0143543126752027),
 .UNSPECIFIED.);
#118=B_SPLINE_CURVE_WITH_KNOTS('',3,(#5492,#5493,#5494,#5495,#5496),
 .UNSPECIFIED.,.F.,.F.,(4,1,4),(0.,0.0067907687925559,0.0143543126752027),
 .UNSPECIFIED.);
#119=B_SPLINE_CURVE_WITH_KNOTS('',3,(#5508,#5509,#5510,#5511,#5512),
 .UNSPECIFIED.,.F.,.F.,(4,1,4),(0.,0.00642581954150416,0.0127383157327286),
 .UNSPECIFIED.);
#120=B_SPLINE_CURVE_WITH_KNOTS('',3,(#5515,#5516,#5517,#5518,#5519),
 .UNSPECIFIED.,.F.,.F.,(4,1,4),(0.,0.00642581954150416,0.0127383157327286),
 .UNSPECIFIED.);
#121=B_SPLINE_CURVE_WITH_KNOTS('',3,(#5537,#5538,#5539,#5540,#5541),
 .UNSPECIFIED.,.F.,.F.,(4,1,4),(0.,0.00631208964276072,0.0127383858473341),
 .UNSPECIFIED.);
#122=B_SPLINE_CURVE_WITH_KNOTS('',3,(#5544,#5545,#5546,#5547,#5548),
 .UNSPECIFIED.,.F.,.F.,(4,1,4),(0.,0.00631208964276072,0.0127383858473341),
 .UNSPECIFIED.);
#123=B_SPLINE_CURVE_WITH_KNOTS('',3,(#5560,#5561,#5562,#5563,#5564),
 .UNSPECIFIED.,.F.,.F.,(4,1,4),(0.,0.00746726082449425,0.0140782765500817),
 .UNSPECIFIED.);
#124=B_SPLINE_CURVE_WITH_KNOTS('',3,(#5567,#5568,#5569,#5570,#5571),
 .UNSPECIFIED.,.F.,.F.,(4,1,4),(0.,0.00746726082449425,0.0140782765500817),
 .UNSPECIFIED.);
#125=B_SPLINE_CURVE_WITH_KNOTS('',3,(#5589,#5590,#5591,#5592,#5593),
 .UNSPECIFIED.,.F.,.F.,(4,1,4),(0.,0.00661096407143771,0.014078284484473),
 .UNSPECIFIED.);
#126=B_SPLINE_CURVE_WITH_KNOTS('',3,(#5596,#5597,#5598,#5599,#5600),
 .UNSPECIFIED.,.F.,.F.,(4,1,4),(0.,0.00661096407143771,0.014078284484473),
 .UNSPECIFIED.);
#127=B_SPLINE_CURVE_WITH_KNOTS('',3,(#5612,#5613,#5614,#5615,#5616),
 .UNSPECIFIED.,.F.,.F.,(4,1,4),(0.,0.00642581954150416,0.0127382845860977),
 .UNSPECIFIED.);
#128=B_SPLINE_CURVE_WITH_KNOTS('',3,(#5619,#5620,#5621,#5622,#5623),
 .UNSPECIFIED.,.F.,.F.,(4,1,4),(0.,0.00642581954150416,0.0127382845860977),
 .UNSPECIFIED.);
#129=B_SPLINE_CURVE_WITH_KNOTS('',3,(#5640,#5641,#5642,#5643,#5644),
 .UNSPECIFIED.,.F.,.F.,(4,1,4),(0.,0.00631249619122443,0.0127383141224624),
 .UNSPECIFIED.);
#130=B_SPLINE_CURVE_WITH_KNOTS('',3,(#5645,#5646,#5647,#5648,#5649),
 .UNSPECIFIED.,.F.,.F.,(4,1,4),(0.,0.00631249619122443,0.0127383141224624),
 .UNSPECIFIED.);
#131=B_SPLINE_CURVE_WITH_KNOTS('',3,(#5662,#5663,#5664,#5665,#5666),
 .UNSPECIFIED.,.F.,.F.,(4,1,4),(0.,0.0504024872795639,0.102385358119502),
 .UNSPECIFIED.);
#132=B_SPLINE_CURVE_WITH_KNOTS('',3,(#5670,#5671,#5672,#5673,#5674),
 .UNSPECIFIED.,.F.,.F.,(4,1,4),(0.,0.0504024872795639,0.102385358119502),
 .UNSPECIFIED.);
#133=B_SPLINE_CURVE_WITH_KNOTS('',3,(#5687,#5688,#5689,#5690,#5691),
 .UNSPECIFIED.,.F.,.F.,(4,1,4),(0.,0.0499740309170637,0.099948229144989),
 .UNSPECIFIED.);
#134=B_SPLINE_CURVE_WITH_KNOTS('',3,(#5694,#5695,#5696,#5697,#5698),
 .UNSPECIFIED.,.F.,.F.,(4,1,4),(0.,0.0499740309170637,0.099948229144989),
 .UNSPECIFIED.);
#135=B_SPLINE_CURVE_WITH_KNOTS('',3,(#5710,#5711,#5712,#5713,#5714),
 .UNSPECIFIED.,.F.,.F.,(4,1,4),(0.,0.0509497113796995,0.101033082396307),
 .UNSPECIFIED.);
#136=B_SPLINE_CURVE_WITH_KNOTS('',3,(#5717,#5718,#5719,#5720,#5721),
 .UNSPECIFIED.,.F.,.F.,(4,1,4),(0.,0.0509497113796995,0.101033082396307),
 .UNSPECIFIED.);
#137=B_SPLINE_CURVE_WITH_KNOTS('',3,(#5739,#5740,#5741,#5742,#5743),
 .UNSPECIFIED.,.F.,.F.,(4,1,4),(0.,0.0364041159677829,0.0713172132310587),
 .UNSPECIFIED.);
#138=B_SPLINE_CURVE_WITH_KNOTS('',3,(#5746,#5747,#5748,#5749,#5750),
 .UNSPECIFIED.,.F.,.F.,(4,1,4),(0.,0.0364041159677829,0.0713172132310587),
 .UNSPECIFIED.);
#139=B_SPLINE_CURVE_WITH_KNOTS('',3,(#5762,#5763,#5764,#5765,#5766),
 .UNSPECIFIED.,.F.,.F.,(4,1,4),(0.,0.0390038468625995,0.0769707426696631),
 .UNSPECIFIED.);
#140=B_SPLINE_CURVE_WITH_KNOTS('',3,(#5769,#5770,#5771,#5772,#5773),
 .UNSPECIFIED.,.F.,.F.,(4,1,4),(0.,0.0390038468625995,0.0769707426696631),
 .UNSPECIFIED.);
#141=B_SPLINE_CURVE_WITH_KNOTS('',3,(#5785,#5786,#5787,#5788,#5789),
 .UNSPECIFIED.,.F.,.F.,(4,1,4),(0.,0.0167603980240511,0.033463190766517),
 .UNSPECIFIED.);
#142=B_SPLINE_CURVE_WITH_KNOTS('',3,(#5792,#5793,#5794,#5795,#5796),
 .UNSPECIFIED.,.F.,.F.,(4,1,4),(0.,0.0167603980240511,0.033463190766517),
 .UNSPECIFIED.);
#143=B_SPLINE_CURVE_WITH_KNOTS('',3,(#5808,#5809,#5810,#5811,#5812),
 .UNSPECIFIED.,.F.,.F.,(4,1,4),(0.,0.0177219062524314,0.0348628861382959),
 .UNSPECIFIED.);
#144=B_SPLINE_CURVE_WITH_KNOTS('',3,(#5815,#5816,#5817,#5818,#5819),
 .UNSPECIFIED.,.F.,.F.,(4,1,4),(0.,0.0177219062524314,0.0348628861382959),
 .UNSPECIFIED.);
#145=B_SPLINE_CURVE_WITH_KNOTS('',3,(#5837,#5838,#5839,#5840,#5841),
 .UNSPECIFIED.,.F.,.F.,(4,1,4),(0.,0.0500832768004678,0.101033106385864),
 .UNSPECIFIED.);
#146=B_SPLINE_CURVE_WITH_KNOTS('',3,(#5844,#5845,#5846,#5847,#5848),
 .UNSPECIFIED.,.F.,.F.,(4,1,4),(0.,0.0500832768004678,0.101033106385864),
 .UNSPECIFIED.);
#147=B_SPLINE_CURVE_WITH_KNOTS('',3,(#5860,#5861,#5862,#5863,#5864),
 .UNSPECIFIED.,.F.,.F.,(4,1,4),(0.,0.0499739918846489,0.0999481459035843),
 .UNSPECIFIED.);
#148=B_SPLINE_CURVE_WITH_KNOTS('',3,(#5867,#5868,#5869,#5870,#5871),
 .UNSPECIFIED.,.F.,.F.,(4,1,4),(0.,0.0499739918846489,0.0999481459035843),
 .UNSPECIFIED.);
#149=B_SPLINE_CURVE_WITH_KNOTS('',3,(#5883,#5884,#5885,#5886,#5887),
 .UNSPECIFIED.,.F.,.F.,(4,1,4),(0.,0.0509495854560495,0.101033199039721),
 .UNSPECIFIED.);
#150=B_SPLINE_CURVE_WITH_KNOTS('',3,(#5890,#5891,#5892,#5893,#5894),
 .UNSPECIFIED.,.F.,.F.,(4,1,4),(0.,0.0509495854560495,0.101033199039721),
 .UNSPECIFIED.);
#151=B_SPLINE_CURVE_WITH_KNOTS('',3,(#5937,#5938,#5939,#5940,#5941),
 .UNSPECIFIED.,.F.,.F.,(4,1,4),(0.,0.0183486177866163,0.038584572746781),
 .UNSPECIFIED.);
#152=B_SPLINE_CURVE_WITH_KNOTS('',3,(#5944,#5945,#5946,#5947,#5948),
 .UNSPECIFIED.,.F.,.F.,(4,1,4),(0.,0.0183486177866163,0.038584572746781),
 .UNSPECIFIED.);
#153=B_SPLINE_CURVE_WITH_KNOTS('',3,(#5960,#5961,#5962,#5963,#5964),
 .UNSPECIFIED.,.F.,.F.,(4,1,4),(0.,0.020235950102143,0.0385846341548632),
 .UNSPECIFIED.);
#154=B_SPLINE_CURVE_WITH_KNOTS('',3,(#5967,#5968,#5969,#5970,#5971),
 .UNSPECIFIED.,.F.,.F.,(4,1,4),(0.,0.020235950102143,0.0385846341548632),
 .UNSPECIFIED.);
#155=B_SPLINE_CURVE_WITH_KNOTS('',3,(#5989,#5990,#5991,#5992,#5993),
 .UNSPECIFIED.,.F.,.F.,(4,1,4),(0.,0.0182027124583097,0.0392954907795295),
 .UNSPECIFIED.);
#156=B_SPLINE_CURVE_WITH_KNOTS('',3,(#5996,#5997,#5998,#5999,#6000),
 .UNSPECIFIED.,.F.,.F.,(4,1,4),(0.,0.0182027124583097,0.0392954907795295),
 .UNSPECIFIED.);
#157=B_SPLINE_CURVE_WITH_KNOTS('',3,(#6012,#6013,#6014,#6015,#6016),
 .UNSPECIFIED.,.F.,.F.,(4,1,4),(0.,0.0202083780929888,0.0382814570235663),
 .UNSPECIFIED.);
#158=B_SPLINE_CURVE_WITH_KNOTS('',3,(#6019,#6020,#6021,#6022,#6023),
 .UNSPECIFIED.,.F.,.F.,(4,1,4),(0.,0.0202083780929888,0.0382814570235663),
 .UNSPECIFIED.);
#159=B_SPLINE_CURVE_WITH_KNOTS('',3,(#6053,#6054,#6055,#6056,#6057),
 .UNSPECIFIED.,.F.,.F.,(4,1,4),(0.,0.0500834219473928,0.101033169936295),
 .UNSPECIFIED.);
#160=B_SPLINE_CURVE_WITH_KNOTS('',3,(#6060,#6061,#6062,#6063,#6064),
 .UNSPECIFIED.,.F.,.F.,(4,1,4),(0.,0.0500834219473928,0.101033169936295),
 .UNSPECIFIED.);
#161=B_SPLINE_CURVE_WITH_KNOTS('',3,(#6076,#6077,#6078,#6079,#6080),
 .UNSPECIFIED.,.F.,.F.,(4,1,4),(0.,0.0499740480518187,0.0999481287686055),
 .UNSPECIFIED.);
#162=B_SPLINE_CURVE_WITH_KNOTS('',3,(#6083,#6084,#6085,#6086,#6087),
 .UNSPECIFIED.,.F.,.F.,(4,1,4),(0.,0.0499740480518187,0.0999481287686055),
 .UNSPECIFIED.);
#163=B_SPLINE_CURVE_WITH_KNOTS('',3,(#6099,#6100,#6101,#6102,#6103),
 .UNSPECIFIED.,.F.,.F.,(4,1,4),(0.,0.0509498218674743,0.101033216438267),
 .UNSPECIFIED.);
#164=B_SPLINE_CURVE_WITH_KNOTS('',3,(#6106,#6107,#6108,#6109,#6110),
 .UNSPECIFIED.,.F.,.F.,(4,1,4),(0.,0.0509498218674743,0.101033216438267),
 .UNSPECIFIED.);
#165=B_SPLINE_CURVE_WITH_KNOTS('',3,(#6128,#6129,#6130,#6131,#6132),
 .UNSPECIFIED.,.F.,.F.,(4,1,4),(0.,0.0500833945707926,0.101033098232552),
 .UNSPECIFIED.);
#166=B_SPLINE_CURVE_WITH_KNOTS('',3,(#6135,#6136,#6137,#6138,#6139),
 .UNSPECIFIED.,.F.,.F.,(4,1,4),(0.,0.0500833945707926,0.101033098232552),
 .UNSPECIFIED.);
#167=B_SPLINE_CURVE_WITH_KNOTS('',3,(#6151,#6152,#6153,#6154,#6155),
 .UNSPECIFIED.,.F.,.F.,(4,1,4),(0.,0.0499740689656821,0.0999481731846831),
 .UNSPECIFIED.);
#168=B_SPLINE_CURVE_WITH_KNOTS('',3,(#6158,#6159,#6160,#6161,#6162),
 .UNSPECIFIED.,.F.,.F.,(4,1,4),(0.,0.0499740689656821,0.0999481731846831),
 .UNSPECIFIED.);
#169=B_SPLINE_CURVE_WITH_KNOTS('',3,(#6174,#6175,#6176,#6177,#6178),
 .UNSPECIFIED.,.F.,.F.,(4,1,4),(0.,0.0509497557068353,0.101033154100056),
 .UNSPECIFIED.);
#170=B_SPLINE_CURVE_WITH_KNOTS('',3,(#6181,#6182,#6183,#6184,#6185),
 .UNSPECIFIED.,.F.,.F.,(4,1,4),(0.,0.0509497557068353,0.101033154100056),
 .UNSPECIFIED.);
#171=B_SPLINE_SURFACE_WITH_KNOTS('',3,1,((#4329,#4330),(#4331,#4332),(#4333,
#4334),(#4335,#4336),(#4337,#4338)),.UNSPECIFIED.,.F.,.F.,.F.,(4,1,4),(2,
2),(0.,0.0500834181250371,0.101033232274658),(0.,0.01),.UNSPECIFIED.);
#172=B_SPLINE_SURFACE_WITH_KNOTS('',3,1,((#4355,#4356),(#4357,#4358),(#4359,
#4360),(#4361,#4362),(#4363,#4364)),.UNSPECIFIED.,.F.,.F.,.F.,(4,1,4),(2,
2),(0.,0.0499740309170637,0.099948229144989),(0.,0.01),.UNSPECIFIED.);
#173=B_SPLINE_SURFACE_WITH_KNOTS('',3,1,((#4378,#4379),(#4380,#4381),(#4382,
#4383),(#4384,#4385),(#4386,#4387)),.UNSPECIFIED.,.F.,.F.,.F.,(4,1,4),(2,
2),(0.,0.0509497113796995,0.101033082396307),(0.,0.01),.UNSPECIFIED.);
#174=B_SPLINE_SURFACE_WITH_KNOTS('',3,1,((#4419,#4420),(#4421,#4422),(#4423,
#4424),(#4425,#4426),(#4427,#4428)),.UNSPECIFIED.,.F.,.F.,.F.,(4,1,4),(2,
2),(0.,0.00679089679175219,0.014354402364307),(0.,0.01),.UNSPECIFIED.);
#175=B_SPLINE_SURFACE_WITH_KNOTS('',3,1,((#4442,#4443),(#4444,#4445),(#4446,
#4447),(#4448,#4449),(#4450,#4451)),.UNSPECIFIED.,.F.,.F.,.F.,(4,1,4),(2,
2),(0.,0.00746738277337963,0.0140782795362796),(0.,0.01),.UNSPECIFIED.);
#176=B_SPLINE_SURFACE_WITH_KNOTS('',3,1,((#4471,#4472),(#4473,#4474),(#4475,
#4476),(#4477,#4478),(#4479,#4480)),.UNSPECIFIED.,.F.,.F.,.F.,(4,1,4),(2,
2),(0.,0.00631239455318633,0.0127384508160154),(0.,0.01),.UNSPECIFIED.);
#177=B_SPLINE_SURFACE_WITH_KNOTS('',3,1,((#4494,#4495),(#4496,#4497),(#4498,
#4499),(#4500,#4501),(#4502,#4503)),.UNSPECIFIED.,.F.,.F.,.F.,(4,1,4),(2,
2),(0.,0.00756350557255485,0.014354402364307),(0.,0.01),.UNSPECIFIED.);
#178=B_SPLINE_SURFACE_WITH_KNOTS('',3,1,((#4535,#4536),(#4537,#4538),(#4539,
#4540),(#4541,#4542),(#4543,#4544)),.UNSPECIFIED.,.F.,.F.,.F.,(4,1,4),(2,
2),(0.,0.0500833710166079,0.101033082396307),(0.,0.01),.UNSPECIFIED.);
#179=B_SPLINE_SURFACE_WITH_KNOTS('',3,1,((#4558,#4559),(#4560,#4561),(#4562,
#4563),(#4564,#4565),(#4566,#4567)),.UNSPECIFIED.,.F.,.F.,.F.,(4,1,4),(2,
2),(0.,0.049974104219001,0.099948208438002),(0.,0.01),.UNSPECIFIED.);
#180=B_SPLINE_SURFACE_WITH_KNOTS('',3,1,((#4581,#4582),(#4583,#4584),(#4585,
#4586),(#4587,#4588),(#4589,#4590)),.UNSPECIFIED.,.F.,.F.,.F.,(4,1,4),(2,
2),(0.,0.0509497113796995,0.101033082396307),(0.,0.01),.UNSPECIFIED.);
#181=B_SPLINE_SURFACE_WITH_KNOTS('',3,1,((#4666,#4667),(#4668,#4669),(#4670,
#4671),(#4672,#4673),(#4674,#4675)),.UNSPECIFIED.,.F.,.F.,.F.,(4,1,4),(2,
2),(0.,0.0183486679797179,0.0385845053250739),(0.,0.01),.UNSPECIFIED.);
#182=B_SPLINE_SURFACE_WITH_KNOTS('',3,1,((#4689,#4690),(#4691,#4692),(#4693,
#4694),(#4695,#4696),(#4697,#4698)),.UNSPECIFIED.,.F.,.F.,.F.,(4,1,4),(2,
2),(0.,0.0202359743926786,0.0385846423723965),(0.,0.01),.UNSPECIFIED.);
#183=B_SPLINE_SURFACE_WITH_KNOTS('',3,1,((#4718,#4719),(#4720,#4721),(#4722,
#4723),(#4724,#4725),(#4726,#4727)),.UNSPECIFIED.,.F.,.F.,.F.,(4,1,4),(2,
2),(0.,0.0182026962564143,0.0392954978814437),(0.,0.01),.UNSPECIFIED.);
#184=B_SPLINE_SURFACE_WITH_KNOTS('',3,1,((#4741,#4742),(#4743,#4744),(#4745,
#4746),(#4747,#4748),(#4749,#4750)),.UNSPECIFIED.,.F.,.F.,.F.,(4,1,4),(2,
2),(0.,0.0202082603176791,0.0382813902065908),(0.,0.01),.UNSPECIFIED.);
#185=B_SPLINE_SURFACE_WITH_KNOTS('',3,1,((#4782,#4783),(#4784,#4785),(#4786,
#4787),(#4788,#4789),(#4790,#4791)),.UNSPECIFIED.,.F.,.F.,.F.,(4,1,4),(2,
2),(0.,0.0500836135836718,0.101032962628315),(0.,0.01),.UNSPECIFIED.);
#186=B_SPLINE_SURFACE_WITH_KNOTS('',3,1,((#4805,#4806),(#4807,#4808),(#4809,
#4810),(#4811,#4812),(#4813,#4814)),.UNSPECIFIED.,.F.,.F.,.F.,(4,1,4),(2,
2),(0.,0.0499739839125729,0.0999481821404982),(0.,0.01),.UNSPECIFIED.);
#187=B_SPLINE_SURFACE_WITH_KNOTS('',3,1,((#4828,#4829),(#4830,#4831),(#4832,
#4833),(#4834,#4835),(#4836,#4837)),.UNSPECIFIED.,.F.,.F.,.F.,(4,1,4),(2,
2),(0.,0.0509498295853963,0.101033200602004),(0.,0.01),.UNSPECIFIED.);
#188=B_SPLINE_SURFACE_WITH_KNOTS('',3,1,((#4857,#4858),(#4859,#4860),(#4861,
#4862),(#4863,#4864),(#4865,#4866)),.UNSPECIFIED.,.F.,.F.,.F.,(4,1,4),(2,
2),(0.,0.0500833710166079,0.101033082396307),(0.,0.01),.UNSPECIFIED.);
#189=B_SPLINE_SURFACE_WITH_KNOTS('',3,1,((#4880,#4881),(#4882,#4883),(#4884,
#4885),(#4886,#4887),(#4888,#4889)),.UNSPECIFIED.,.F.,.F.,.F.,(4,1,4),(2,
2),(0.,0.0499741982279253,0.099948229144989),(0.,0.01),.UNSPECIFIED.);
#190=B_SPLINE_SURFACE_WITH_KNOTS('',3,1,((#4903,#4904),(#4905,#4906),(#4907,
#4908),(#4909,#4910),(#4911,#4912)),.UNSPECIFIED.,.F.,.F.,.F.,(4,1,4),(2,
2),(0.,0.0509495931740074,0.101032964190615),(0.,0.01),.UNSPECIFIED.);
#191=B_SPLINE_SURFACE_WITH_KNOTS('',3,1,((#4945,#4946),(#4947,#4948),(#4949,
#4950),(#4951,#4952),(#4953,#4954)),.UNSPECIFIED.,.F.,.F.,.F.,(4,1,4),(2,
2),(0.,0.0183486679797179,0.0385845053250739),(0.,0.01),.UNSPECIFIED.);
#192=B_SPLINE_SURFACE_WITH_KNOTS('',3,1,((#4968,#4969),(#4970,#4971),(#4972,
#4973),(#4974,#4975),(#4976,#4977)),.UNSPECIFIED.,.F.,.F.,.F.,(4,1,4),(2,
2),(0.,0.0202359743926786,0.0385846423723965),(0.,0.01),.UNSPECIFIED.);
#193=B_SPLINE_SURFACE_WITH_KNOTS('',3,1,((#4997,#4998),(#4999,#5000),(#5001,
#5002),(#5003,#5004),(#5005,#5006)),.UNSPECIFIED.,.F.,.F.,.F.,(4,1,4),(2,
2),(0.,0.0182026962564143,0.0392954978814437),(0.,0.01),.UNSPECIFIED.);
#194=B_SPLINE_SURFACE_WITH_KNOTS('',3,1,((#5020,#5021),(#5022,#5023),(#5024,
#5025),(#5026,#5027),(#5028,#5029)),.UNSPECIFIED.,.F.,.F.,.F.,(4,1,4),(2,
2),(0.,0.0202087314190189,0.0382814536427374),(0.,0.01),.UNSPECIFIED.);
#195=B_SPLINE_SURFACE_WITH_KNOTS('',3,1,((#5061,#5062),(#5063,#5064),(#5065,
#5066),(#5067,#5068),(#5069,#5070)),.UNSPECIFIED.,.F.,.F.,.F.,(4,1,4),(2,
2),(0.,0.0500836135836718,0.101033435451146),(0.,0.01),.UNSPECIFIED.);
#196=B_SPLINE_SURFACE_WITH_KNOTS('',3,1,((#5084,#5085),(#5086,#5087),(#5088,
#5089),(#5090,#5091),(#5092,#5093)),.UNSPECIFIED.,.F.,.F.,.F.,(4,1,4),(2,
2),(0.,0.0499738373090909,0.0999478475192752),(0.,0.01),.UNSPECIFIED.);
#197=B_SPLINE_SURFACE_WITH_KNOTS('',3,1,((#5107,#5108),(#5109,#5110),(#5111,
#5112),(#5113,#5114),(#5115,#5116)),.UNSPECIFIED.,.F.,.F.,.F.,(4,1,4),(2,
2),(0.,0.0509497987141194,0.101033358165881),(0.,0.01),.UNSPECIFIED.);
#198=B_SPLINE_SURFACE_WITH_KNOTS('',3,1,((#5136,#5137),(#5138,#5139),(#5140,
#5141),(#5142,#5143),(#5144,#5145)),.UNSPECIFIED.,.F.,.F.,.F.,(4,1,4),(2,
2),(0.,0.0500833710166079,0.101033113268753),(0.,0.01),.UNSPECIFIED.);
#199=B_SPLINE_SURFACE_WITH_KNOTS('',3,1,((#5159,#5160),(#5161,#5162),(#5163,
#5164),(#5165,#5166),(#5167,#5168)),.UNSPECIFIED.,.F.,.F.,.F.,(4,1,4),(2,
2),(0.,0.0499740102101843,0.0999478945239038),(0.,0.01),.UNSPECIFIED.);
#200=B_SPLINE_SURFACE_WITH_KNOTS('',3,1,((#5182,#5183),(#5184,#5185),(#5186,
#5187),(#5188,#5189),(#5190,#5191)),.UNSPECIFIED.,.F.,.F.,.F.,(4,1,4),(2,
2),(0.,0.0509498295853963,0.101033419614986),(0.,0.01),.UNSPECIFIED.);
#201=B_SPLINE_SURFACE_WITH_KNOTS('',3,1,((#5234,#5235),(#5236,#5237),(#5238,
#5239),(#5240,#5241),(#5242,#5243)),.UNSPECIFIED.,.F.,.F.,.F.,(4,1,4),(2,
2),(0.,0.00756350557255485,0.014354402364307),(0.,0.01),.UNSPECIFIED.);
#202=B_SPLINE_SURFACE_WITH_KNOTS('',3,1,((#5266,#5267),(#5268,#5269),(#5270,
#5271),(#5272,#5273),(#5274,#5275)),.UNSPECIFIED.,.F.,.F.,.F.,(4,1,4),(2,
2),(0.,0.00693783008192479,0.0136460833209515),(0.,0.01),.UNSPECIFIED.);
#203=B_SPLINE_SURFACE_WITH_KNOTS('',3,1,((#5289,#5290),(#5291,#5292),(#5293,
#5294),(#5295,#5296),(#5297,#5298)),.UNSPECIFIED.,.F.,.F.,.F.,(4,1,4),(2,
2),(0.,0.00643284974008299,0.0130324632447859),(0.,0.01),.UNSPECIFIED.);
#204=B_SPLINE_SURFACE_WITH_KNOTS('',3,1,((#5318,#5319),(#5320,#5321),(#5322,
#5323),(#5324,#5325),(#5326,#5327)),.UNSPECIFIED.,.F.,.F.,.F.,(4,1,4),(2,
2),(0.,0.00688563959991135,0.0143590714609116),(0.,0.01),.UNSPECIFIED.);
#205=B_SPLINE_SURFACE_WITH_KNOTS('',3,1,((#5341,#5342),(#5343,#5344),(#5345,
#5346),(#5347,#5348),(#5349,#5350)),.UNSPECIFIED.,.F.,.F.,.F.,(4,1,4),(2,
2),(0.,0.00670821004443489,0.0136461654124046),(0.,0.01),.UNSPECIFIED.);
#206=B_SPLINE_SURFACE_WITH_KNOTS('',3,1,((#5370,#5371),(#5372,#5373),(#5374,
#5375),(#5376,#5377),(#5378,#5379)),.UNSPECIFIED.,.F.,.F.,.F.,(4,1,4),(2,
2),(0.,0.00679089679175219,0.014354402364307),(0.,0.01),.UNSPECIFIED.);
#207=B_SPLINE_SURFACE_WITH_KNOTS('',3,1,((#5393,#5394),(#5395,#5396),(#5397,
#5398),(#5399,#5400),(#5401,#5402)),.UNSPECIFIED.,.F.,.F.,.F.,(4,1,4),(2,
2),(0.,0.00746738277337963,0.0140782795362796),(0.,0.01),.UNSPECIFIED.);
#208=B_SPLINE_SURFACE_WITH_KNOTS('',3,1,((#5422,#5423),(#5424,#5425),(#5426,
#5427),(#5428,#5429),(#5430,#5431)),.UNSPECIFIED.,.F.,.F.,.F.,(4,1,4),(2,
2),(0.,0.00631249619122443,0.0127383141224624),(0.,0.01),.UNSPECIFIED.);
#209=B_SPLINE_SURFACE_WITH_KNOTS('',3,1,((#5442,#5443),(#5444,#5445),(#5446,
#5447),(#5448,#5449),(#5450,#5451)),.UNSPECIFIED.,.F.,.F.,.F.,(4,1,4),(2,
2),(0.,0.00756350557255485,0.014354402364307),(0.,0.01),.UNSPECIFIED.);
#210=B_SPLINE_SURFACE_WITH_KNOTS('',3,1,((#5474,#5475),(#5476,#5477),(#5478,
#5479),(#5480,#5481),(#5482,#5483)),.UNSPECIFIED.,.F.,.F.,.F.,(4,1,4),(2,
2),(0.,0.0067907687925559,0.0143543126752027),(0.,0.01),.UNSPECIFIED.);
#211=B_SPLINE_SURFACE_WITH_KNOTS('',3,1,((#5497,#5498),(#5499,#5500),(#5501,
#5502),(#5503,#5504),(#5505,#5506)),.UNSPECIFIED.,.F.,.F.,.F.,(4,1,4),(2,
2),(0.,0.00642581954150416,0.0127383157327286),(0.,0.01),.UNSPECIFIED.);
#212=B_SPLINE_SURFACE_WITH_KNOTS('',3,1,((#5526,#5527),(#5528,#5529),(#5530,
#5531),(#5532,#5533),(#5534,#5535)),.UNSPECIFIED.,.F.,.F.,.F.,(4,1,4),(2,
2),(0.,0.00631208964276072,0.0127383858473341),(0.,0.01),.UNSPECIFIED.);
#213=B_SPLINE_SURFACE_WITH_KNOTS('',3,1,((#5549,#5550),(#5551,#5552),(#5553,
#5554),(#5555,#5556),(#5557,#5558)),.UNSPECIFIED.,.F.,.F.,.F.,(4,1,4),(2,
2),(0.,0.00746726082449425,0.0140782765500817),(0.,0.01),.UNSPECIFIED.);
#214=B_SPLINE_SURFACE_WITH_KNOTS('',3,1,((#5578,#5579),(#5580,#5581),(#5582,
#5583),(#5584,#5585),(#5586,#5587)),.UNSPECIFIED.,.F.,.F.,.F.,(4,1,4),(2,
2),(0.,0.00661096407143771,0.014078284484473),(0.,0.01),.UNSPECIFIED.);
#215=B_SPLINE_SURFACE_WITH_KNOTS('',3,1,((#5601,#5602),(#5603,#5604),(#5605,
#5606),(#5607,#5608),(#5609,#5610)),.UNSPECIFIED.,.F.,.F.,.F.,(4,1,4),(2,
2),(0.,0.00642581954150416,0.0127382845860977),(0.,0.01),.UNSPECIFIED.);
#216=B_SPLINE_SURFACE_WITH_KNOTS('',3,1,((#5630,#5631),(#5632,#5633),(#5634,
#5635),(#5636,#5637),(#5638,#5639)),.UNSPECIFIED.,.F.,.F.,.F.,(4,1,4),(2,
2),(0.,0.00631249619122443,0.0127383141224624),(0.,0.01),.UNSPECIFIED.);
#217=B_SPLINE_SURFACE_WITH_KNOTS('',3,1,((#5650,#5651),(#5652,#5653),(#5654,
#5655),(#5656,#5657),(#5658,#5659)),.UNSPECIFIED.,.F.,.F.,.F.,(4,1,4),(2,
2),(0.,0.0504024872795639,0.102385358119502),(0.,0.01),.UNSPECIFIED.);
#218=B_SPLINE_SURFACE_WITH_KNOTS('',3,1,((#5676,#5677),(#5678,#5679),(#5680,
#5681),(#5682,#5683),(#5684,#5685)),.UNSPECIFIED.,.F.,.F.,.F.,(4,1,4),(2,
2),(0.,0.0499740309170637,0.099948229144989),(0.,0.01),.UNSPECIFIED.);
#219=B_SPLINE_SURFACE_WITH_KNOTS('',3,1,((#5699,#5700),(#5701,#5702),(#5703,
#5704),(#5705,#5706),(#5707,#5708)),.UNSPECIFIED.,.F.,.F.,.F.,(4,1,4),(2,
2),(0.,0.0509497113796995,0.101033082396307),(0.,0.01),.UNSPECIFIED.);
#220=B_SPLINE_SURFACE_WITH_KNOTS('',3,1,((#5728,#5729),(#5730,#5731),(#5732,
#5733),(#5734,#5735),(#5736,#5737)),.UNSPECIFIED.,.F.,.F.,.F.,(4,1,4),(2,
2),(0.,0.0364041159677829,0.0713172132310587),(0.,0.01),.UNSPECIFIED.);
#221=B_SPLINE_SURFACE_WITH_KNOTS('',3,1,((#5751,#5752),(#5753,#5754),(#5755,
#5756),(#5757,#5758),(#5759,#5760)),.UNSPECIFIED.,.F.,.F.,.F.,(4,1,4),(2,
2),(0.,0.0390038468625995,0.0769707426696631),(0.,0.01),.UNSPECIFIED.);
#222=B_SPLINE_SURFACE_WITH_KNOTS('',3,1,((#5774,#5775),(#5776,#5777),(#5778,
#5779),(#5780,#5781),(#5782,#5783)),.UNSPECIFIED.,.F.,.F.,.F.,(4,1,4),(2,
2),(0.,0.0167603980240511,0.033463190766517),(0.,0.01),.UNSPECIFIED.);
#223=B_SPLINE_SURFACE_WITH_KNOTS('',3,1,((#5797,#5798),(#5799,#5800),(#5801,
#5802),(#5803,#5804),(#5805,#5806)),.UNSPECIFIED.,.F.,.F.,.F.,(4,1,4),(2,
2),(0.,0.0177219062524314,0.0348628861382959),(0.,0.01),.UNSPECIFIED.);
#224=B_SPLINE_SURFACE_WITH_KNOTS('',3,1,((#5826,#5827),(#5828,#5829),(#5830,
#5831),(#5832,#5833),(#5834,#5835)),.UNSPECIFIED.,.F.,.F.,.F.,(4,1,4),(2,
2),(0.,0.0500832768004678,0.101033106385864),(0.,0.01),.UNSPECIFIED.);
#225=B_SPLINE_SURFACE_WITH_KNOTS('',3,1,((#5849,#5850),(#5851,#5852),(#5853,
#5854),(#5855,#5856),(#5857,#5858)),.UNSPECIFIED.,.F.,.F.,.F.,(4,1,4),(2,
2),(0.,0.0499739918846489,0.0999481459035843),(0.,0.01),.UNSPECIFIED.);
#226=B_SPLINE_SURFACE_WITH_KNOTS('',3,1,((#5872,#5873),(#5874,#5875),(#5876,
#5877),(#5878,#5879),(#5880,#5881)),.UNSPECIFIED.,.F.,.F.,.F.,(4,1,4),(2,
2),(0.,0.0509495854560495,0.101033199039721),(0.,0.01),.UNSPECIFIED.);
#227=B_SPLINE_SURFACE_WITH_KNOTS('',3,1,((#5926,#5927),(#5928,#5929),(#5930,
#5931),(#5932,#5933),(#5934,#5935)),.UNSPECIFIED.,.F.,.F.,.F.,(4,1,4),(2,
2),(0.,0.0183486177866163,0.038584572746781),(0.,0.01),.UNSPECIFIED.);
#228=B_SPLINE_SURFACE_WITH_KNOTS('',3,1,((#5949,#5950),(#5951,#5952),(#5953,
#5954),(#5955,#5956),(#5957,#5958)),.UNSPECIFIED.,.F.,.F.,.F.,(4,1,4),(2,
2),(0.,0.020235950102143,0.0385846341548632),(0.,0.01),.UNSPECIFIED.);
#229=B_SPLINE_SURFACE_WITH_KNOTS('',3,1,((#5978,#5979),(#5980,#5981),(#5982,
#5983),(#5984,#5985),(#5986,#5987)),.UNSPECIFIED.,.F.,.F.,.F.,(4,1,4),(2,
2),(0.,0.0182027124583097,0.0392954907795295),(0.,0.01),.UNSPECIFIED.);
#230=B_SPLINE_SURFACE_WITH_KNOTS('',3,1,((#6001,#6002),(#6003,#6004),(#6005,
#6006),(#6007,#6008),(#6009,#6010)),.UNSPECIFIED.,.F.,.F.,.F.,(4,1,4),(2,
2),(0.,0.0202083780929888,0.0382814570235663),(0.,0.01),.UNSPECIFIED.);
#231=B_SPLINE_SURFACE_WITH_KNOTS('',3,1,((#6042,#6043),(#6044,#6045),(#6046,
#6047),(#6048,#6049),(#6050,#6051)),.UNSPECIFIED.,.F.,.F.,.F.,(4,1,4),(2,
2),(0.,0.0500834219473928,0.101033169936295),(0.,0.01),.UNSPECIFIED.);
#232=B_SPLINE_SURFACE_WITH_KNOTS('',3,1,((#6065,#6066),(#6067,#6068),(#6069,
#6070),(#6071,#6072),(#6073,#6074)),.UNSPECIFIED.,.F.,.F.,.F.,(4,1,4),(2,
2),(0.,0.0499740480518187,0.0999481287686055),(0.,0.01),.UNSPECIFIED.);
#233=B_SPLINE_SURFACE_WITH_KNOTS('',3,1,((#6088,#6089),(#6090,#6091),(#6092,
#6093),(#6094,#6095),(#6096,#6097)),.UNSPECIFIED.,.F.,.F.,.F.,(4,1,4),(2,
2),(0.,0.0509498218674743,0.101033216438267),(0.,0.01),.UNSPECIFIED.);
#234=B_SPLINE_SURFACE_WITH_KNOTS('',3,1,((#6117,#6118),(#6119,#6120),(#6121,
#6122),(#6123,#6124),(#6125,#6126)),.UNSPECIFIED.,.F.,.F.,.F.,(4,1,4),(2,
2),(0.,0.0500833945707926,0.101033098232552),(0.,0.01),.UNSPECIFIED.);
#235=B_SPLINE_SURFACE_WITH_KNOTS('',3,1,((#6140,#6141),(#6142,#6143),(#6144,
#6145),(#6146,#6147),(#6148,#6149)),.UNSPECIFIED.,.F.,.F.,.F.,(4,1,4),(2,
2),(0.,0.0499740689656821,0.0999481731846831),(0.,0.01),.UNSPECIFIED.);
#236=B_SPLINE_SURFACE_WITH_KNOTS('',3,1,((#6163,#6164),(#6165,#6166),(#6167,
#6168),(#6169,#6170),(#6171,#6172)),.UNSPECIFIED.,.F.,.F.,.F.,(4,1,4),(2,
2),(0.,0.0509497557068353,0.101033154100056),(0.,0.01),.UNSPECIFIED.);
#237=CIRCLE('',#3365,0.00952500000000001);
#238=CIRCLE('',#3366,0.00952500000000001);
#239=CIRCLE('',#3369,0.00952500000000001);
#240=CIRCLE('',#3370,0.00952500000000001);
#241=CIRCLE('',#3373,0.00952500000000001);
#242=CIRCLE('',#3374,0.00952500000000001);
#243=CIRCLE('',#3377,0.00952500000000001);
#244=CIRCLE('',#3378,0.00952500000000001);
#245=CIRCLE('',#3451,9.5);
#246=CIRCLE('',#3452,9.5);
#247=CIRCLE('',#3454,0.25);
#248=CIRCLE('',#3458,0.4);
#249=CIRCLE('',#3459,0.4);
#250=CIRCLE('',#3460,0.399999999999999);
#251=CIRCLE('',#3462,0.4);
#252=CIRCLE('',#3464,0.25);
#253=CIRCLE('',#3466,0.4);
#254=CIRCLE('',#3468,0.249999999999999);
#255=CIRCLE('',#3470,0.399999999999999);
#256=CIRCLE('',#3472,0.25);
#257=CIRCLE('',#3474,0.25);
#258=CIRCLE('',#3476,0.25);
#259=CIRCLE('',#3478,0.25);
#260=CIRCLE('',#3480,0.249999999999999);
#261=CYLINDRICAL_SURFACE('',#3364,0.00952500000000001);
#262=CYLINDRICAL_SURFACE('',#3368,0.00952500000000001);
#263=CYLINDRICAL_SURFACE('',#3372,0.00952500000000001);
#264=CYLINDRICAL_SURFACE('',#3376,0.00952500000000001);
#265=CYLINDRICAL_SURFACE('',#3450,9.5);
#266=CYLINDRICAL_SURFACE('',#3461,0.4);
#267=CYLINDRICAL_SURFACE('',#3465,0.4);
#268=CYLINDRICAL_SURFACE('',#3469,0.399999999999999);
#269=CYLINDRICAL_SURFACE('',#3473,0.25);
#270=CYLINDRICAL_SURFACE('',#3475,0.25);
#271=CYLINDRICAL_SURFACE('',#3477,0.25);
#272=CYLINDRICAL_SURFACE('',#3479,0.249999999999999);
#273=PLANE('',#3356);
#274=PLANE('',#3357);
#275=PLANE('',#3358);
#276=PLANE('',#3359);
#277=PLANE('',#3360);
#278=PLANE('',#3361);
#279=PLANE('',#3362);
#280=PLANE('',#3363);
#281=PLANE('',#3367);
#282=PLANE('',#3371);
#283=PLANE('',#3375);
#284=PLANE('',#3379);
#285=PLANE('',#3380);
#286=PLANE('',#3381);
#287=PLANE('',#3382);
#288=PLANE('',#3383);
#289=PLANE('',#3384);
#290=PLANE('',#3385);
#291=PLANE('',#3386);
#292=PLANE('',#3387);
#293=PLANE('',#3388);
#294=PLANE('',#3389);
#295=PLANE('',#3390);
#296=PLANE('',#3391);
#297=PLANE('',#3392);
#298=PLANE('',#3393);
#299=PLANE('',#3394);
#300=PLANE('',#3395);
#301=PLANE('',#3396);
#302=PLANE('',#3397);
#303=PLANE('',#3398);
#304=PLANE('',#3399);
#305=PLANE('',#3400);
#306=PLANE('',#3401);
#307=PLANE('',#3402);
#308=PLANE('',#3403);
#309=PLANE('',#3404);
#310=PLANE('',#3405);
#311=PLANE('',#3406);
#312=PLANE('',#3407);
#313=PLANE('',#3408);
#314=PLANE('',#3409);
#315=PLANE('',#3410);
#316=PLANE('',#3411);
#317=PLANE('',#3412);
#318=PLANE('',#3413);
#319=PLANE('',#3414);
#320=PLANE('',#3415);
#321=PLANE('',#3416);
#322=PLANE('',#3417);
#323=PLANE('',#3418);
#324=PLANE('',#3419);
#325=PLANE('',#3420);
#326=PLANE('',#3421);
#327=PLANE('',#3422);
#328=PLANE('',#3423);
#329=PLANE('',#3424);
#330=PLANE('',#3425);
#331=PLANE('',#3426);
#332=PLANE('',#3427);
#333=PLANE('',#3428);
#334=PLANE('',#3429);
#335=PLANE('',#3430);
#336=PLANE('',#3431);
#337=PLANE('',#3432);
#338=PLANE('',#3433);
#339=PLANE('',#3434);
#340=PLANE('',#3435);
#341=PLANE('',#3436);
#342=PLANE('',#3437);
#343=PLANE('',#3438);
#344=PLANE('',#3439);
#345=PLANE('',#3440);
#346=PLANE('',#3441);
#347=PLANE('',#3442);
#348=PLANE('',#3443);
#349=PLANE('',#3444);
#350=PLANE('',#3445);
#351=PLANE('',#3446);
#352=PLANE('',#3447);
#353=PLANE('',#3448);
#354=PLANE('',#3449);
#355=PLANE('',#3453);
#356=PLANE('',#3455);
#357=PLANE('',#3456);
#358=PLANE('',#3457);
#359=PLANE('',#3463);
#360=PLANE('',#3467);
#361=PLANE('',#3471);
#362=PLANE('',#3481);
#363=PLANE('',#3482);
#364=PLANE('',#3483);
#365=FACE_OUTER_BOUND('',#544,.T.);
#366=FACE_OUTER_BOUND('',#545,.T.);
#367=FACE_OUTER_BOUND('',#546,.T.);
#368=FACE_OUTER_BOUND('',#547,.T.);
#369=FACE_OUTER_BOUND('',#548,.T.);
#370=FACE_OUTER_BOUND('',#549,.T.);
#371=FACE_OUTER_BOUND('',#550,.T.);
#372=FACE_OUTER_BOUND('',#551,.T.);
#373=FACE_OUTER_BOUND('',#552,.T.);
#374=FACE_OUTER_BOUND('',#553,.T.);
#375=FACE_OUTER_BOUND('',#554,.T.);
#376=FACE_OUTER_BOUND('',#555,.T.);
#377=FACE_OUTER_BOUND('',#556,.T.);
#378=FACE_OUTER_BOUND('',#557,.T.);
#379=FACE_OUTER_BOUND('',#558,.T.);
#380=FACE_OUTER_BOUND('',#559,.T.);
#381=FACE_OUTER_BOUND('',#560,.T.);
#382=FACE_OUTER_BOUND('',#561,.T.);
#383=FACE_OUTER_BOUND('',#562,.T.);
#384=FACE_OUTER_BOUND('',#563,.T.);
#385=FACE_OUTER_BOUND('',#564,.T.);
#386=FACE_OUTER_BOUND('',#565,.T.);
#387=FACE_OUTER_BOUND('',#566,.T.);
#388=FACE_OUTER_BOUND('',#567,.T.);
#389=FACE_OUTER_BOUND('',#568,.T.);
#390=FACE_OUTER_BOUND('',#569,.T.);
#391=FACE_OUTER_BOUND('',#570,.T.);
#392=FACE_OUTER_BOUND('',#571,.T.);
#393=FACE_OUTER_BOUND('',#572,.T.);
#394=FACE_OUTER_BOUND('',#573,.T.);
#395=FACE_OUTER_BOUND('',#574,.T.);
#396=FACE_OUTER_BOUND('',#575,.T.);
#397=FACE_OUTER_BOUND('',#576,.T.);
#398=FACE_OUTER_BOUND('',#577,.T.);
#399=FACE_OUTER_BOUND('',#578,.T.);
#400=FACE_OUTER_BOUND('',#579,.T.);
#401=FACE_OUTER_BOUND('',#580,.T.);
#402=FACE_OUTER_BOUND('',#581,.T.);
#403=FACE_OUTER_BOUND('',#582,.T.);
#404=FACE_OUTER_BOUND('',#583,.T.);
#405=FACE_OUTER_BOUND('',#584,.T.);
#406=FACE_OUTER_BOUND('',#585,.T.);
#407=FACE_OUTER_BOUND('',#586,.T.);
#408=FACE_OUTER_BOUND('',#587,.T.);
#409=FACE_OUTER_BOUND('',#588,.T.);
#410=FACE_OUTER_BOUND('',#589,.T.);
#411=FACE_OUTER_BOUND('',#590,.T.);
#412=FACE_OUTER_BOUND('',#591,.T.);
#413=FACE_OUTER_BOUND('',#592,.T.);
#414=FACE_OUTER_BOUND('',#593,.T.);
#415=FACE_OUTER_BOUND('',#594,.T.);
#416=FACE_OUTER_BOUND('',#595,.T.);
#417=FACE_OUTER_BOUND('',#596,.T.);
#418=FACE_OUTER_BOUND('',#597,.T.);
#419=FACE_OUTER_BOUND('',#598,.T.);
#420=FACE_OUTER_BOUND('',#599,.T.);
#421=FACE_OUTER_BOUND('',#600,.T.);
#422=FACE_OUTER_BOUND('',#601,.T.);
#423=FACE_OUTER_BOUND('',#602,.T.);
#424=FACE_OUTER_BOUND('',#603,.T.);
#425=FACE_OUTER_BOUND('',#604,.T.);
#426=FACE_OUTER_BOUND('',#605,.T.);
#427=FACE_OUTER_BOUND('',#606,.T.);
#428=FACE_OUTER_BOUND('',#607,.T.);
#429=FACE_OUTER_BOUND('',#608,.T.);
#430=FACE_OUTER_BOUND('',#609,.T.);
#431=FACE_OUTER_BOUND('',#610,.T.);
#432=FACE_OUTER_BOUND('',#611,.T.);
#433=FACE_OUTER_BOUND('',#612,.T.);
#434=FACE_OUTER_BOUND('',#613,.T.);
#435=FACE_OUTER_BOUND('',#614,.T.);
#436=FACE_OUTER_BOUND('',#615,.T.);
#437=FACE_OUTER_BOUND('',#616,.T.);
#438=FACE_OUTER_BOUND('',#617,.T.);
#439=FACE_OUTER_BOUND('',#618,.T.);
#440=FACE_OUTER_BOUND('',#619,.T.);
#441=FACE_OUTER_BOUND('',#620,.T.);
#442=FACE_OUTER_BOUND('',#621,.T.);
#443=FACE_OUTER_BOUND('',#622,.T.);
#444=FACE_OUTER_BOUND('',#623,.T.);
#445=FACE_OUTER_BOUND('',#624,.T.);
#446=FACE_OUTER_BOUND('',#625,.T.);
#447=FACE_OUTER_BOUND('',#626,.T.);
#448=FACE_OUTER_BOUND('',#627,.T.);
#449=FACE_OUTER_BOUND('',#628,.T.);
#450=FACE_OUTER_BOUND('',#629,.T.);
#451=FACE_OUTER_BOUND('',#630,.T.);
#452=FACE_OUTER_BOUND('',#631,.T.);
#453=FACE_OUTER_BOUND('',#632,.T.);
#454=FACE_OUTER_BOUND('',#633,.T.);
#455=FACE_OUTER_BOUND('',#634,.T.);
#456=FACE_OUTER_BOUND('',#635,.T.);
#457=FACE_OUTER_BOUND('',#636,.T.);
#458=FACE_OUTER_BOUND('',#637,.T.);
#459=FACE_OUTER_BOUND('',#638,.T.);
#460=FACE_OUTER_BOUND('',#639,.T.);
#461=FACE_OUTER_BOUND('',#640,.T.);
#462=FACE_OUTER_BOUND('',#641,.T.);
#463=FACE_OUTER_BOUND('',#642,.T.);
#464=FACE_OUTER_BOUND('',#643,.T.);
#465=FACE_OUTER_BOUND('',#644,.T.);
#466=FACE_OUTER_BOUND('',#645,.T.);
#467=FACE_OUTER_BOUND('',#646,.T.);
#468=FACE_OUTER_BOUND('',#647,.T.);
#469=FACE_OUTER_BOUND('',#648,.T.);
#470=FACE_OUTER_BOUND('',#649,.T.);
#471=FACE_OUTER_BOUND('',#650,.T.);
#472=FACE_OUTER_BOUND('',#651,.T.);
#473=FACE_OUTER_BOUND('',#652,.T.);
#474=FACE_OUTER_BOUND('',#653,.T.);
#475=FACE_OUTER_BOUND('',#654,.T.);
#476=FACE_OUTER_BOUND('',#655,.T.);
#477=FACE_OUTER_BOUND('',#656,.T.);
#478=FACE_OUTER_BOUND('',#657,.T.);
#479=FACE_OUTER_BOUND('',#658,.T.);
#480=FACE_OUTER_BOUND('',#659,.T.);
#481=FACE_OUTER_BOUND('',#660,.T.);
#482=FACE_OUTER_BOUND('',#661,.T.);
#483=FACE_OUTER_BOUND('',#662,.T.);
#484=FACE_OUTER_BOUND('',#663,.T.);
#485=FACE_OUTER_BOUND('',#664,.T.);
#486=FACE_OUTER_BOUND('',#665,.T.);
#487=FACE_OUTER_BOUND('',#666,.T.);
#488=FACE_OUTER_BOUND('',#667,.T.);
#489=FACE_OUTER_BOUND('',#668,.T.);
#490=FACE_OUTER_BOUND('',#669,.T.);
#491=FACE_OUTER_BOUND('',#670,.T.);
#492=FACE_OUTER_BOUND('',#671,.T.);
#493=FACE_OUTER_BOUND('',#672,.T.);
#494=FACE_OUTER_BOUND('',#673,.T.);
#495=FACE_OUTER_BOUND('',#674,.T.);
#496=FACE_OUTER_BOUND('',#675,.T.);
#497=FACE_OUTER_BOUND('',#676,.T.);
#498=FACE_OUTER_BOUND('',#677,.T.);
#499=FACE_OUTER_BOUND('',#678,.T.);
#500=FACE_OUTER_BOUND('',#679,.T.);
#501=FACE_OUTER_BOUND('',#680,.T.);
#502=FACE_OUTER_BOUND('',#681,.T.);
#503=FACE_OUTER_BOUND('',#682,.T.);
#504=FACE_OUTER_BOUND('',#683,.T.);
#505=FACE_OUTER_BOUND('',#686,.T.);
#506=FACE_OUTER_BOUND('',#687,.T.);
#507=FACE_OUTER_BOUND('',#688,.T.);
#508=FACE_OUTER_BOUND('',#689,.T.);
#509=FACE_OUTER_BOUND('',#690,.T.);
#510=FACE_OUTER_BOUND('',#691,.T.);
#511=FACE_OUTER_BOUND('',#692,.T.);
#512=FACE_OUTER_BOUND('',#693,.T.);
#513=FACE_OUTER_BOUND('',#694,.T.);
#514=FACE_OUTER_BOUND('',#695,.T.);
#515=FACE_OUTER_BOUND('',#696,.T.);
#516=FACE_OUTER_BOUND('',#697,.T.);
#517=FACE_OUTER_BOUND('',#698,.T.);
#518=FACE_OUTER_BOUND('',#699,.T.);
#519=FACE_OUTER_BOUND('',#700,.T.);
#520=FACE_OUTER_BOUND('',#701,.T.);
#521=FACE_OUTER_BOUND('',#702,.T.);
#522=FACE_OUTER_BOUND('',#703,.T.);
#523=FACE_OUTER_BOUND('',#704,.T.);
#524=FACE_OUTER_BOUND('',#705,.T.);
#525=FACE_OUTER_BOUND('',#706,.T.);
#526=FACE_OUTER_BOUND('',#707,.T.);
#527=FACE_OUTER_BOUND('',#708,.T.);
#528=FACE_OUTER_BOUND('',#710,.T.);
#529=FACE_OUTER_BOUND('',#711,.T.);
#530=FACE_OUTER_BOUND('',#712,.T.);
#531=FACE_OUTER_BOUND('',#727,.T.);
#532=FACE_OUTER_BOUND('',#728,.T.);
#533=FACE_OUTER_BOUND('',#730,.T.);
#534=FACE_OUTER_BOUND('',#731,.T.);
#535=FACE_OUTER_BOUND('',#733,.T.);
#536=FACE_OUTER_BOUND('',#734,.T.);
#537=FACE_OUTER_BOUND('',#736,.T.);
#538=FACE_OUTER_BOUND('',#737,.T.);
#539=FACE_OUTER_BOUND('',#738,.T.);
#540=FACE_OUTER_BOUND('',#739,.T.);
#541=FACE_OUTER_BOUND('',#740,.T.);
#542=FACE_OUTER_BOUND('',#741,.T.);
#543=FACE_OUTER_BOUND('',#742,.T.);
#544=EDGE_LOOP('',(#2188,#2189,#2190,#2191));
#545=EDGE_LOOP('',(#2192,#2193,#2194,#2195));
#546=EDGE_LOOP('',(#2196,#2197,#2198,#2199));
#547=EDGE_LOOP('',(#2200,#2201,#2202,#2203));
#548=EDGE_LOOP('',(#2204,#2205,#2206,#2207));
#549=EDGE_LOOP('',(#2208,#2209,#2210,#2211));
#550=EDGE_LOOP('',(#2212,#2213,#2214,#2215,#2216,#2217));
#551=EDGE_LOOP('',(#2218,#2219,#2220,#2221));
#552=EDGE_LOOP('',(#2222,#2223,#2224,#2225));
#553=EDGE_LOOP('',(#2226,#2227,#2228,#2229));
#554=EDGE_LOOP('',(#2230,#2231,#2232,#2233));
#555=EDGE_LOOP('',(#2234,#2235,#2236,#2237));
#556=EDGE_LOOP('',(#2238,#2239,#2240,#2241));
#557=EDGE_LOOP('',(#2242,#2243,#2244,#2245,#2246,#2247));
#558=EDGE_LOOP('',(#2248,#2249,#2250,#2251));
#559=EDGE_LOOP('',(#2252,#2253,#2254,#2255));
#560=EDGE_LOOP('',(#2256,#2257,#2258,#2259));
#561=EDGE_LOOP('',(#2260,#2261,#2262,#2263));
#562=EDGE_LOOP('',(#2264,#2265,#2266,#2267));
#563=EDGE_LOOP('',(#2268,#2269,#2270,#2271));
#564=EDGE_LOOP('',(#2272,#2273,#2274,#2275));
#565=EDGE_LOOP('',(#2276,#2277,#2278,#2279));
#566=EDGE_LOOP('',(#2280,#2281,#2282,#2283,#2284,#2285,#2286,#2287));
#567=EDGE_LOOP('',(#2288,#2289,#2290,#2291));
#568=EDGE_LOOP('',(#2292,#2293,#2294,#2295));
#569=EDGE_LOOP('',(#2296,#2297,#2298,#2299));
#570=EDGE_LOOP('',(#2300,#2301,#2302,#2303));
#571=EDGE_LOOP('',(#2304,#2305,#2306,#2307));
#572=EDGE_LOOP('',(#2308,#2309,#2310,#2311));
#573=EDGE_LOOP('',(#2312,#2313,#2314,#2315,#2316,#2317));
#574=EDGE_LOOP('',(#2318,#2319,#2320,#2321));
#575=EDGE_LOOP('',(#2322,#2323,#2324,#2325));
#576=EDGE_LOOP('',(#2326,#2327,#2328,#2329));
#577=EDGE_LOOP('',(#2330,#2331,#2332,#2333));
#578=EDGE_LOOP('',(#2334,#2335,#2336,#2337));
#579=EDGE_LOOP('',(#2338,#2339,#2340,#2341));
#580=EDGE_LOOP('',(#2342,#2343,#2344,#2345));
#581=EDGE_LOOP('',(#2346,#2347,#2348,#2349));
#582=EDGE_LOOP('',(#2350,#2351,#2352,#2353));
#583=EDGE_LOOP('',(#2354,#2355,#2356,#2357));
#584=EDGE_LOOP('',(#2358,#2359,#2360,#2361));
#585=EDGE_LOOP('',(#2362,#2363,#2364,#2365));
#586=EDGE_LOOP('',(#2366,#2367,#2368,#2369));
#587=EDGE_LOOP('',(#2370,#2371,#2372,#2373));
#588=EDGE_LOOP('',(#2374,#2375,#2376,#2377));
#589=EDGE_LOOP('',(#2378,#2379,#2380,#2381));
#590=EDGE_LOOP('',(#2382,#2383,#2384,#2385));
#591=EDGE_LOOP('',(#2386,#2387,#2388,#2389));
#592=EDGE_LOOP('',(#2390,#2391,#2392,#2393,#2394,#2395,#2396,#2397,#2398,
#2399,#2400,#2401,#2402,#2403,#2404,#2405,#2406,#2407));
#593=EDGE_LOOP('',(#2408,#2409,#2410,#2411));
#594=EDGE_LOOP('',(#2412,#2413,#2414,#2415));
#595=EDGE_LOOP('',(#2416,#2417,#2418,#2419));
#596=EDGE_LOOP('',(#2420,#2421,#2422,#2423));
#597=EDGE_LOOP('',(#2424,#2425,#2426,#2427));
#598=EDGE_LOOP('',(#2428,#2429,#2430,#2431));
#599=EDGE_LOOP('',(#2432,#2433,#2434,#2435));
#600=EDGE_LOOP('',(#2436,#2437,#2438,#2439,#2440,#2441,#2442));
#601=EDGE_LOOP('',(#2443,#2444,#2445,#2446));
#602=EDGE_LOOP('',(#2447,#2448,#2449,#2450));
#603=EDGE_LOOP('',(#2451,#2452,#2453,#2454));
#604=EDGE_LOOP('',(#2455,#2456,#2457,#2458));
#605=EDGE_LOOP('',(#2459,#2460,#2461,#2462));
#606=EDGE_LOOP('',(#2463,#2464,#2465,#2466));
#607=EDGE_LOOP('',(#2467,#2468,#2469,#2470));
#608=EDGE_LOOP('',(#2471,#2472,#2473,#2474));
#609=EDGE_LOOP('',(#2475,#2476,#2477,#2478));
#610=EDGE_LOOP('',(#2479,#2480,#2481,#2482));
#611=EDGE_LOOP('',(#2483,#2484,#2485,#2486));
#612=EDGE_LOOP('',(#2487,#2488,#2489,#2490));
#613=EDGE_LOOP('',(#2491,#2492,#2493,#2494));
#614=EDGE_LOOP('',(#2495,#2496,#2497,#2498));
#615=EDGE_LOOP('',(#2499,#2500,#2501,#2502));
#616=EDGE_LOOP('',(#2503,#2504,#2505,#2506));
#617=EDGE_LOOP('',(#2507,#2508,#2509,#2510));
#618=EDGE_LOOP('',(#2511,#2512,#2513,#2514));
#619=EDGE_LOOP('',(#2515,#2516,#2517,#2518,#2519,#2520,#2521,#2522,#2523,
#2524,#2525,#2526,#2527,#2528,#2529,#2530,#2531,#2532));
#620=EDGE_LOOP('',(#2533,#2534,#2535,#2536));
#621=EDGE_LOOP('',(#2537,#2538,#2539,#2540));
#622=EDGE_LOOP('',(#2541,#2542,#2543,#2544));
#623=EDGE_LOOP('',(#2545,#2546,#2547,#2548));
#624=EDGE_LOOP('',(#2549,#2550,#2551,#2552));
#625=EDGE_LOOP('',(#2553,#2554,#2555,#2556));
#626=EDGE_LOOP('',(#2557,#2558,#2559,#2560));
#627=EDGE_LOOP('',(#2561,#2562,#2563,#2564));
#628=EDGE_LOOP('',(#2565,#2566,#2567,#2568));
#629=EDGE_LOOP('',(#2569,#2570,#2571,#2572));
#630=EDGE_LOOP('',(#2573,#2574,#2575,#2576));
#631=EDGE_LOOP('',(#2577,#2578,#2579,#2580));
#632=EDGE_LOOP('',(#2581,#2582,#2583,#2584));
#633=EDGE_LOOP('',(#2585,#2586,#2587,#2588));
#634=EDGE_LOOP('',(#2589,#2590,#2591,#2592));
#635=EDGE_LOOP('',(#2593,#2594,#2595,#2596));
#636=EDGE_LOOP('',(#2597,#2598,#2599,#2600));
#637=EDGE_LOOP('',(#2601,#2602,#2603,#2604));
#638=EDGE_LOOP('',(#2605,#2606,#2607,#2608,#2609,#2610,#2611,#2612,#2613,
#2614,#2615,#2616,#2617,#2618,#2619,#2620,#2621,#2622));
#639=EDGE_LOOP('',(#2623,#2624,#2625,#2626));
#640=EDGE_LOOP('',(#2627,#2628,#2629,#2630));
#641=EDGE_LOOP('',(#2631,#2632,#2633,#2634));
#642=EDGE_LOOP('',(#2635,#2636,#2637,#2638));
#643=EDGE_LOOP('',(#2639,#2640,#2641,#2642));
#644=EDGE_LOOP('',(#2643,#2644,#2645,#2646));
#645=EDGE_LOOP('',(#2647,#2648,#2649,#2650));
#646=EDGE_LOOP('',(#2651,#2652,#2653,#2654));
#647=EDGE_LOOP('',(#2655,#2656,#2657,#2658));
#648=EDGE_LOOP('',(#2659,#2660,#2661,#2662));
#649=EDGE_LOOP('',(#2663,#2664,#2665,#2666));
#650=EDGE_LOOP('',(#2667,#2668,#2669,#2670));
#651=EDGE_LOOP('',(#2671,#2672,#2673,#2674));
#652=EDGE_LOOP('',(#2675,#2676,#2677,#2678));
#653=EDGE_LOOP('',(#2679,#2680,#2681,#2682));
#654=EDGE_LOOP('',(#2683,#2684,#2685,#2686));
#655=EDGE_LOOP('',(#2687,#2688,#2689,#2690));
#656=EDGE_LOOP('',(#2691,#2692,#2693,#2694));
#657=EDGE_LOOP('',(#2695,#2696,#2697,#2698));
#658=EDGE_LOOP('',(#2699,#2700,#2701,#2702));
#659=EDGE_LOOP('',(#2703,#2704,#2705,#2706));
#660=EDGE_LOOP('',(#2707,#2708,#2709,#2710));
#661=EDGE_LOOP('',(#2711,#2712,#2713,#2714));
#662=EDGE_LOOP('',(#2715,#2716,#2717,#2718));
#663=EDGE_LOOP('',(#2719,#2720,#2721,#2722));
#664=EDGE_LOOP('',(#2723,#2724,#2725,#2726));
#665=EDGE_LOOP('',(#2727,#2728,#2729,#2730));
#666=EDGE_LOOP('',(#2731,#2732,#2733,#2734));
#667=EDGE_LOOP('',(#2735,#2736,#2737,#2738));
#668=EDGE_LOOP('',(#2739,#2740,#2741,#2742));
#669=EDGE_LOOP('',(#2743,#2744,#2745,#2746));
#670=EDGE_LOOP('',(#2747,#2748,#2749,#2750));
#671=EDGE_LOOP('',(#2751,#2752,#2753,#2754));
#672=EDGE_LOOP('',(#2755,#2756,#2757,#2758));
#673=EDGE_LOOP('',(#2759,#2760,#2761,#2762));
#674=EDGE_LOOP('',(#2763,#2764,#2765,#2766));
#675=EDGE_LOOP('',(#2767,#2768,#2769,#2770));
#676=EDGE_LOOP('',(#2771,#2772,#2773,#2774));
#677=EDGE_LOOP('',(#2775,#2776,#2777,#2778));
#678=EDGE_LOOP('',(#2779,#2780,#2781,#2782));
#679=EDGE_LOOP('',(#2783,#2784,#2785,#2786));
#680=EDGE_LOOP('',(#2787,#2788,#2789,#2790));
#681=EDGE_LOOP('',(#2791,#2792,#2793,#2794));
#682=EDGE_LOOP('',(#2795,#2796,#2797,#2798));
#683=EDGE_LOOP('',(#2799,#2800,#2801,#2802,#2803,#2804,#2805,#2806,#2807,
#2808,#2809,#2810,#2811,#2812,#2813));
#684=EDGE_LOOP('',(#2814,#2815,#2816,#2817,#2818,#2819,#2820,#2821,#2822,
#2823,#2824,#2825));
#685=EDGE_LOOP('',(#2826,#2827,#2828,#2829,#2830,#2831,#2832,#2833,#2834,
#2835,#2836,#2837));
#686=EDGE_LOOP('',(#2838,#2839,#2840,#2841));
#687=EDGE_LOOP('',(#2842,#2843,#2844,#2845));
#688=EDGE_LOOP('',(#2846,#2847,#2848,#2849));
#689=EDGE_LOOP('',(#2850,#2851,#2852,#2853));
#690=EDGE_LOOP('',(#2854,#2855,#2856,#2857));
#691=EDGE_LOOP('',(#2858,#2859,#2860,#2861));
#692=EDGE_LOOP('',(#2862,#2863,#2864,#2865));
#693=EDGE_LOOP('',(#2866,#2867,#2868,#2869));
#694=EDGE_LOOP('',(#2870,#2871,#2872,#2873));
#695=EDGE_LOOP('',(#2874,#2875,#2876,#2877));
#696=EDGE_LOOP('',(#2878,#2879,#2880,#2881));
#697=EDGE_LOOP('',(#2882,#2883,#2884,#2885));
#698=EDGE_LOOP('',(#2886,#2887,#2888,#2889));
#699=EDGE_LOOP('',(#2890,#2891,#2892,#2893));
#700=EDGE_LOOP('',(#2894,#2895,#2896,#2897));
#701=EDGE_LOOP('',(#2898,#2899,#2900,#2901));
#702=EDGE_LOOP('',(#2902,#2903,#2904,#2905));
#703=EDGE_LOOP('',(#2906,#2907,#2908,#2909));
#704=EDGE_LOOP('',(#2910,#2911,#2912,#2913,#2914,#2915,#2916,#2917,#2918,
#2919,#2920,#2921,#2922,#2923,#2924,#2925,#2926,#2927));
#705=EDGE_LOOP('',(#2928,#2929,#2930,#2931,#2932,#2933,#2934,#2935,#2936,
#2937,#2938,#2939));
#706=EDGE_LOOP('',(#2940,#2941,#2942,#2943,#2944,#2945,#2946,#2947,#2948,
#2949,#2950,#2951));
#707=EDGE_LOOP('',(#2952,#2953,#2954,#2955));
#708=EDGE_LOOP('',(#2956,#2957,#2958));
#709=EDGE_LOOP('',(#2959));
#710=EDGE_LOOP('',(#2960,#2961,#2962,#2963,#2964,#2965));
#711=EDGE_LOOP('',(#2966,#2967,#2968,#2969,#2970,#2971));
#712=EDGE_LOOP('',(#2972,#2973,#2974,#2975,#2976));
#713=EDGE_LOOP('',(#2977,#2978,#2979,#2980,#2981,#2982,#2983,#2984,#2985,
#2986,#2987,#2988,#2989,#2990,#2991,#2992,#2993,#2994));
#714=EDGE_LOOP('',(#2995,#2996,#2997,#2998,#2999,#3000,#3001));
#715=EDGE_LOOP('',(#3002,#3003,#3004,#3005,#3006,#3007,#3008,#3009,#3010,
#3011,#3012,#3013,#3014,#3015,#3016,#3017,#3018,#3019));
#716=EDGE_LOOP('',(#3020,#3021,#3022,#3023,#3024,#3025,#3026,#3027,#3028,
#3029,#3030,#3031,#3032,#3033,#3034,#3035,#3036,#3037));
#717=EDGE_LOOP('',(#3038,#3039,#3040,#3041));
#718=EDGE_LOOP('',(#3042,#3043,#3044,#3045,#3046,#3047,#3048,#3049,#3050,
#3051,#3052,#3053,#3054,#3055,#3056));
#719=EDGE_LOOP('',(#3057,#3058,#3059,#3060,#3061,#3062,#3063,#3064,#3065,
#3066,#3067,#3068,#3069,#3070,#3071,#3072,#3073,#3074));
#720=EDGE_LOOP('',(#3075));
#721=EDGE_LOOP('',(#3076));
#722=EDGE_LOOP('',(#3077));
#723=EDGE_LOOP('',(#3078,#3079,#3080,#3081,#3082,#3083));
#724=EDGE_LOOP('',(#3084,#3085,#3086,#3087,#3088,#3089,#3090,#3091));
#725=EDGE_LOOP('',(#3092,#3093,#3094,#3095,#3096,#3097));
#726=EDGE_LOOP('',(#3098,#3099,#3100,#3101,#3102,#3103));
#727=EDGE_LOOP('',(#3104,#3105,#3106,#3107));
#728=EDGE_LOOP('',(#3108));
#729=EDGE_LOOP('',(#3109));
#730=EDGE_LOOP('',(#3110,#3111,#3112,#3113));
#731=EDGE_LOOP('',(#3114));
#732=EDGE_LOOP('',(#3115));
#733=EDGE_LOOP('',(#3116,#3117,#3118,#3119));
#734=EDGE_LOOP('',(#3120));
#735=EDGE_LOOP('',(#3121));
#736=EDGE_LOOP('',(#3122,#3123,#3124,#3125));
#737=EDGE_LOOP('',(#3126,#3127,#3128,#3129));
#738=EDGE_LOOP('',(#3130,#3131,#3132,#3133));
#739=EDGE_LOOP('',(#3134,#3135,#3136,#3137));
#740=EDGE_LOOP('',(#3138,#3139,#3140,#3141));
#741=EDGE_LOOP('',(#3142,#3143,#3144,#3145));
#742=EDGE_LOOP('',(#3146,#3147,#3148,#3149));
#743=EDGE_LOOP('',(#3150));
#744=EDGE_LOOP('',(#3151));
#745=EDGE_LOOP('',(#3152));
#746=EDGE_LOOP('',(#3153));
#747=LINE('',#4067,#1056);
#748=LINE('',#4073,#1057);
#749=LINE('',#4076,#1058);
#750=LINE('',#4078,#1059);
#751=LINE('',#4079,#1060);
#752=LINE('',#4094,#1061);
#753=LINE('',#4101,#1062);
#754=LINE('',#4103,#1063);
#755=LINE('',#4104,#1064);
#756=LINE('',#4119,#1065);
#757=LINE('',#4125,#1066);
#758=LINE('',#4126,#1067);
#759=LINE('',#4131,#1068);
#760=LINE('',#4133,#1069);
#761=LINE('',#4135,#1070);
#762=LINE('',#4136,#1071);
#763=LINE('',#4151,#1072);
#764=LINE('',#4158,#1073);
#765=LINE('',#4160,#1074);
#766=LINE('',#4161,#1075);
#767=LINE('',#4176,#1076);
#768=LINE('',#4183,#1077);
#769=LINE('',#4185,#1078);
#770=LINE('',#4186,#1079);
#771=LINE('',#4209,#1080);
#772=LINE('',#4212,#1081);
#773=LINE('',#4215,#1082);
#774=LINE('',#4217,#1083);
#775=LINE('',#4218,#1084);
#776=LINE('',#4223,#1085);
#777=LINE('',#4227,#1086);
#778=LINE('',#4229,#1087);
#779=LINE('',#4230,#1088);
#780=LINE('',#4235,#1089);
#781=LINE('',#4239,#1090);
#782=LINE('',#4241,#1091);
#783=LINE('',#4242,#1092);
#784=LINE('',#4247,#1093);
#785=LINE('',#4250,#1094);
#786=LINE('',#4251,#1095);
#787=LINE('',#4268,#1096);
#788=LINE('',#4274,#1097);
#789=LINE('',#4277,#1098);
#790=LINE('',#4279,#1099);
#791=LINE('',#4280,#1100);
#792=LINE('',#4295,#1101);
#793=LINE('',#4302,#1102);
#794=LINE('',#4304,#1103);
#795=LINE('',#4305,#1104);
#796=LINE('',#4320,#1105);
#797=LINE('',#4326,#1106);
#798=LINE('',#4327,#1107);
#799=LINE('',#4347,#1108);
#800=LINE('',#4354,#1109);
#801=LINE('',#4372,#1110);
#802=LINE('',#4395,#1111);
#803=LINE('',#4403,#1112);
#804=LINE('',#4405,#1113);
#805=LINE('',#4406,#1114);
#806=LINE('',#4409,#1115);
#807=LINE('',#4411,#1116);
#808=LINE('',#4412,#1117);
#809=LINE('',#4415,#1118);
#810=LINE('',#4417,#1119);
#811=LINE('',#4418,#1120);
#812=LINE('',#4436,#1121);
#813=LINE('',#4459,#1122);
#814=LINE('',#4467,#1123);
#815=LINE('',#4469,#1124);
#816=LINE('',#4470,#1125);
#817=LINE('',#4488,#1126);
#818=LINE('',#4511,#1127);
#819=LINE('',#4519,#1128);
#820=LINE('',#4521,#1129);
#821=LINE('',#4522,#1130);
#822=LINE('',#4525,#1131);
#823=LINE('',#4527,#1132);
#824=LINE('',#4528,#1133);
#825=LINE('',#4531,#1134);
#826=LINE('',#4533,#1135);
#827=LINE('',#4534,#1136);
#828=LINE('',#4552,#1137);
#829=LINE('',#4575,#1138);
#830=LINE('',#4598,#1139);
#831=LINE('',#4605,#1140);
#832=LINE('',#4606,#1141);
#833=LINE('',#4611,#1142);
#834=LINE('',#4613,#1143);
#835=LINE('',#4615,#1144);
#836=LINE('',#4616,#1145);
#837=LINE('',#4619,#1146);
#838=LINE('',#4621,#1147);
#839=LINE('',#4622,#1148);
#840=LINE('',#4625,#1149);
#841=LINE('',#4627,#1150);
#842=LINE('',#4628,#1151);
#843=LINE('',#4631,#1152);
#844=LINE('',#4633,#1153);
#845=LINE('',#4634,#1154);
#846=LINE('',#4637,#1155);
#847=LINE('',#4639,#1156);
#848=LINE('',#4640,#1157);
#849=LINE('',#4643,#1158);
#850=LINE('',#4645,#1159);
#851=LINE('',#4646,#1160);
#852=LINE('',#4648,#1161);
#853=LINE('',#4649,#1162);
#854=LINE('',#4654,#1163);
#855=LINE('',#4656,#1164);
#856=LINE('',#4658,#1165);
#857=LINE('',#4659,#1166);
#858=LINE('',#4662,#1167);
#859=LINE('',#4664,#1168);
#860=LINE('',#4665,#1169);
#861=LINE('',#4683,#1170);
#862=LINE('',#4706,#1171);
#863=LINE('',#4714,#1172);
#864=LINE('',#4716,#1173);
#865=LINE('',#4717,#1174);
#866=LINE('',#4735,#1175);
#867=LINE('',#4758,#1176);
#868=LINE('',#4766,#1177);
#869=LINE('',#4768,#1178);
#870=LINE('',#4769,#1179);
#871=LINE('',#4772,#1180);
#872=LINE('',#4774,#1181);
#873=LINE('',#4775,#1182);
#874=LINE('',#4778,#1183);
#875=LINE('',#4780,#1184);
#876=LINE('',#4781,#1185);
#877=LINE('',#4799,#1186);
#878=LINE('',#4822,#1187);
#879=LINE('',#4845,#1188);
#880=LINE('',#4853,#1189);
#881=LINE('',#4855,#1190);
#882=LINE('',#4856,#1191);
#883=LINE('',#4874,#1192);
#884=LINE('',#4897,#1193);
#885=LINE('',#4920,#1194);
#886=LINE('',#4927,#1195);
#887=LINE('',#4928,#1196);
#888=LINE('',#4933,#1197);
#889=LINE('',#4935,#1198);
#890=LINE('',#4937,#1199);
#891=LINE('',#4938,#1200);
#892=LINE('',#4941,#1201);
#893=LINE('',#4943,#1202);
#894=LINE('',#4944,#1203);
#895=LINE('',#4962,#1204);
#896=LINE('',#4985,#1205);
#897=LINE('',#4993,#1206);
#898=LINE('',#4995,#1207);
#899=LINE('',#4996,#1208);
#900=LINE('',#5014,#1209);
#901=LINE('',#5037,#1210);
#902=LINE('',#5045,#1211);
#903=LINE('',#5047,#1212);
#904=LINE('',#5048,#1213);
#905=LINE('',#5051,#1214);
#906=LINE('',#5053,#1215);
#907=LINE('',#5054,#1216);
#908=LINE('',#5057,#1217);
#909=LINE('',#5059,#1218);
#910=LINE('',#5060,#1219);
#911=LINE('',#5078,#1220);
#912=LINE('',#5101,#1221);
#913=LINE('',#5124,#1222);
#914=LINE('',#5132,#1223);
#915=LINE('',#5134,#1224);
#916=LINE('',#5135,#1225);
#917=LINE('',#5153,#1226);
#918=LINE('',#5176,#1227);
#919=LINE('',#5199,#1228);
#920=LINE('',#5206,#1229);
#921=LINE('',#5207,#1230);
#922=LINE('',#5212,#1231);
#923=LINE('',#5214,#1232);
#924=LINE('',#5216,#1233);
#925=LINE('',#5217,#1234);
#926=LINE('',#5220,#1235);
#927=LINE('',#5222,#1236);
#928=LINE('',#5223,#1237);
#929=LINE('',#5226,#1238);
#930=LINE('',#5228,#1239);
#931=LINE('',#5229,#1240);
#932=LINE('',#5231,#1241);
#933=LINE('',#5232,#1242);
#934=LINE('',#5252,#1243);
#935=LINE('',#5259,#1244);
#936=LINE('',#5262,#1245);
#937=LINE('',#5264,#1246);
#938=LINE('',#5265,#1247);
#939=LINE('',#5283,#1248);
#940=LINE('',#5306,#1249);
#941=LINE('',#5314,#1250);
#942=LINE('',#5316,#1251);
#943=LINE('',#5317,#1252);
#944=LINE('',#5335,#1253);
#945=LINE('',#5358,#1254);
#946=LINE('',#5366,#1255);
#947=LINE('',#5368,#1256);
#948=LINE('',#5369,#1257);
#949=LINE('',#5387,#1258);
#950=LINE('',#5410,#1259);
#951=LINE('',#5418,#1260);
#952=LINE('',#5420,#1261);
#953=LINE('',#5421,#1262);
#954=LINE('',#5460,#1263);
#955=LINE('',#5467,#1264);
#956=LINE('',#5470,#1265);
#957=LINE('',#5472,#1266);
#958=LINE('',#5473,#1267);
#959=LINE('',#5491,#1268);
#960=LINE('',#5514,#1269);
#961=LINE('',#5522,#1270);
#962=LINE('',#5524,#1271);
#963=LINE('',#5525,#1272);
#964=LINE('',#5543,#1273);
#965=LINE('',#5566,#1274);
#966=LINE('',#5574,#1275);
#967=LINE('',#5576,#1276);
#968=LINE('',#5577,#1277);
#969=LINE('',#5595,#1278);
#970=LINE('',#5618,#1279);
#971=LINE('',#5626,#1280);
#972=LINE('',#5628,#1281);
#973=LINE('',#5629,#1282);
#974=LINE('',#5668,#1283);
#975=LINE('',#5675,#1284);
#976=LINE('',#5693,#1285);
#977=LINE('',#5716,#1286);
#978=LINE('',#5724,#1287);
#979=LINE('',#5726,#1288);
#980=LINE('',#5727,#1289);
#981=LINE('',#5745,#1290);
#982=LINE('',#5768,#1291);
#983=LINE('',#5791,#1292);
#984=LINE('',#5814,#1293);
#985=LINE('',#5822,#1294);
#986=LINE('',#5824,#1295);
#987=LINE('',#5825,#1296);
#988=LINE('',#5843,#1297);
#989=LINE('',#5866,#1298);
#990=LINE('',#5889,#1299);
#991=LINE('',#5897,#1300);
#992=LINE('',#5899,#1301);
#993=LINE('',#5900,#1302);
#994=LINE('',#5903,#1303);
#995=LINE('',#5905,#1304);
#996=LINE('',#5906,#1305);
#997=LINE('',#5908,#1306);
#998=LINE('',#5909,#1307);
#999=LINE('',#5914,#1308);
#1000=LINE('',#5916,#1309);
#1001=LINE('',#5918,#1310);
#1002=LINE('',#5919,#1311);
#1003=LINE('',#5922,#1312);
#1004=LINE('',#5924,#1313);
#1005=LINE('',#5925,#1314);
#1006=LINE('',#5943,#1315);
#1007=LINE('',#5966,#1316);
#1008=LINE('',#5974,#1317);
#1009=LINE('',#5976,#1318);
#1010=LINE('',#5977,#1319);
#1011=LINE('',#5995,#1320);
#1012=LINE('',#6018,#1321);
#1013=LINE('',#6026,#1322);
#1014=LINE('',#6028,#1323);
#1015=LINE('',#6029,#1324);
#1016=LINE('',#6032,#1325);
#1017=LINE('',#6034,#1326);
#1018=LINE('',#6035,#1327);
#1019=LINE('',#6038,#1328);
#1020=LINE('',#6040,#1329);
#1021=LINE('',#6041,#1330);
#1022=LINE('',#6059,#1331);
#1023=LINE('',#6082,#1332);
#1024=LINE('',#6105,#1333);
#1025=LINE('',#6113,#1334);
#1026=LINE('',#6115,#1335);
#1027=LINE('',#6116,#1336);
#1028=LINE('',#6134,#1337);
#1029=LINE('',#6157,#1338);
#1030=LINE('',#6180,#1339);
#1031=LINE('',#6187,#1340);
#1032=LINE('',#6188,#1341);
#1033=LINE('',#6195,#1342);
#1034=LINE('',#6199,#1343);
#1035=LINE('',#6203,#1344);
#1036=LINE('',#6204,#1345);
#1037=LINE('',#6209,#1346);
#1038=LINE('',#6211,#1347);
#1039=LINE('',#6213,#1348);
#1040=LINE('',#6214,#1349);
#1041=LINE('',#6217,#1350);
#1042=LINE('',#6219,#1351);
#1043=LINE('',#6220,#1352);
#1044=LINE('',#6223,#1353);
#1045=LINE('',#6224,#1354);
#1046=LINE('',#6233,#1355);
#1047=LINE('',#6240,#1356);
#1048=LINE('',#6247,#1357);
#1049=LINE('',#6254,#1358);
#1050=LINE('',#6258,#1359);
#1051=LINE('',#6262,#1360);
#1052=LINE('',#6266,#1361);
#1053=LINE('',#6270,#1362);
#1054=LINE('',#6271,#1363);
#1055=LINE('',#6273,#1364);
#1056=VECTOR('',#3486,1.);
#1057=VECTOR('',#3487,1.);
#1058=VECTOR('',#3490,1.);
#1059=VECTOR('',#3491,1.);
#1060=VECTOR('',#3492,1.);
#1061=VECTOR('',#3493,1.);
#1062=VECTOR('',#3496,1.);
#1063=VECTOR('',#3497,1.);
#1064=VECTOR('',#3498,1.);
#1065=VECTOR('',#3499,1.);
#1066=VECTOR('',#3502,1.);
#1067=VECTOR('',#3503,1.);
#1068=VECTOR('',#3508,1.);
#1069=VECTOR('',#3509,1.);
#1070=VECTOR('',#3510,1.);
#1071=VECTOR('',#3511,1.);
#1072=VECTOR('',#3512,1.);
#1073=VECTOR('',#3515,1.);
#1074=VECTOR('',#3516,1.);
#1075=VECTOR('',#3517,1.);
#1076=VECTOR('',#3518,1.);
#1077=VECTOR('',#3521,1.);
#1078=VECTOR('',#3522,1.);
#1079=VECTOR('',#3523,1.);
#1080=VECTOR('',#3530,1.);
#1081=VECTOR('',#3533,1.);
#1082=VECTOR('',#3536,1.);
#1083=VECTOR('',#3537,1.);
#1084=VECTOR('',#3538,1.);
#1085=VECTOR('',#3543,1.);
#1086=VECTOR('',#3548,1.);
#1087=VECTOR('',#3549,1.);
#1088=VECTOR('',#3550,1.);
#1089=VECTOR('',#3555,1.);
#1090=VECTOR('',#3560,1.);
#1091=VECTOR('',#3561,1.);
#1092=VECTOR('',#3562,1.);
#1093=VECTOR('',#3567,1.);
#1094=VECTOR('',#3572,1.);
#1095=VECTOR('',#3573,1.);
#1096=VECTOR('',#3576,1.);
#1097=VECTOR('',#3577,1.);
#1098=VECTOR('',#3580,1.);
#1099=VECTOR('',#3581,1.);
#1100=VECTOR('',#3582,1.);
#1101=VECTOR('',#3583,1.);
#1102=VECTOR('',#3586,1.);
#1103=VECTOR('',#3587,1.);
#1104=VECTOR('',#3588,1.);
#1105=VECTOR('',#3589,1.);
#1106=VECTOR('',#3592,1.);
#1107=VECTOR('',#3593,1.);
#1108=VECTOR('',#3596,1.);
#1109=VECTOR('',#3597,1.);
#1110=VECTOR('',#3598,1.);
#1111=VECTOR('',#3599,1.);
#1112=VECTOR('',#3602,1.);
#1113=VECTOR('',#3603,1.);
#1114=VECTOR('',#3604,1.);
#1115=VECTOR('',#3607,1.);
#1116=VECTOR('',#3608,1.);
#1117=VECTOR('',#3609,1.);
#1118=VECTOR('',#3612,1.);
#1119=VECTOR('',#3613,1.);
#1120=VECTOR('',#3614,1.);
#1121=VECTOR('',#3615,1.);
#1122=VECTOR('',#3616,1.);
#1123=VECTOR('',#3619,1.);
#1124=VECTOR('',#3620,1.);
#1125=VECTOR('',#3621,1.);
#1126=VECTOR('',#3622,1.);
#1127=VECTOR('',#3623,1.);
#1128=VECTOR('',#3626,1.);
#1129=VECTOR('',#3627,1.);
#1130=VECTOR('',#3628,1.);
#1131=VECTOR('',#3631,1.);
#1132=VECTOR('',#3632,1.);
#1133=VECTOR('',#3633,1.);
#1134=VECTOR('',#3636,1.);
#1135=VECTOR('',#3637,1.);
#1136=VECTOR('',#3638,1.);
#1137=VECTOR('',#3639,1.);
#1138=VECTOR('',#3640,1.);
#1139=VECTOR('',#3641,1.);
#1140=VECTOR('',#3644,1.);
#1141=VECTOR('',#3645,1.);
#1142=VECTOR('',#3650,1.);
#1143=VECTOR('',#3651,1.);
#1144=VECTOR('',#3652,1.);
#1145=VECTOR('',#3653,1.);
#1146=VECTOR('',#3656,1.);
#1147=VECTOR('',#3657,1.);
#1148=VECTOR('',#3658,1.);
#1149=VECTOR('',#3661,1.);
#1150=VECTOR('',#3662,1.);
#1151=VECTOR('',#3663,1.);
#1152=VECTOR('',#3666,1.);
#1153=VECTOR('',#3667,1.);
#1154=VECTOR('',#3668,1.);
#1155=VECTOR('',#3671,1.);
#1156=VECTOR('',#3672,1.);
#1157=VECTOR('',#3673,1.);
#1158=VECTOR('',#3676,1.);
#1159=VECTOR('',#3677,1.);
#1160=VECTOR('',#3678,1.);
#1161=VECTOR('',#3681,1.);
#1162=VECTOR('',#3682,1.);
#1163=VECTOR('',#3687,1.);
#1164=VECTOR('',#3688,1.);
#1165=VECTOR('',#3689,1.);
#1166=VECTOR('',#3690,1.);
#1167=VECTOR('',#3693,1.);
#1168=VECTOR('',#3694,1.);
#1169=VECTOR('',#3695,1.);
#1170=VECTOR('',#3696,1.);
#1171=VECTOR('',#3697,1.);
#1172=VECTOR('',#3700,1.);
#1173=VECTOR('',#3701,1.);
#1174=VECTOR('',#3702,1.);
#1175=VECTOR('',#3703,1.);
#1176=VECTOR('',#3704,1.);
#1177=VECTOR('',#3707,1.);
#1178=VECTOR('',#3708,1.);
#1179=VECTOR('',#3709,1.);
#1180=VECTOR('',#3712,1.);
#1181=VECTOR('',#3713,1.);
#1182=VECTOR('',#3714,1.);
#1183=VECTOR('',#3717,1.);
#1184=VECTOR('',#3718,1.);
#1185=VECTOR('',#3719,1.);
#1186=VECTOR('',#3720,1.);
#1187=VECTOR('',#3721,1.);
#1188=VECTOR('',#3722,1.);
#1189=VECTOR('',#3725,1.);
#1190=VECTOR('',#3726,1.);
#1191=VECTOR('',#3727,1.);
#1192=VECTOR('',#3728,1.);
#1193=VECTOR('',#3729,1.);
#1194=VECTOR('',#3730,1.);
#1195=VECTOR('',#3733,1.);
#1196=VECTOR('',#3734,1.);
#1197=VECTOR('',#3739,1.);
#1198=VECTOR('',#3740,1.);
#1199=VECTOR('',#3741,1.);
#1200=VECTOR('',#3742,1.);
#1201=VECTOR('',#3745,1.);
#1202=VECTOR('',#3746,1.);
#1203=VECTOR('',#3747,1.);
#1204=VECTOR('',#3748,1.);
#1205=VECTOR('',#3749,1.);
#1206=VECTOR('',#3752,1.);
#1207=VECTOR('',#3753,1.);
#1208=VECTOR('',#3754,1.);
#1209=VECTOR('',#3755,1.);
#1210=VECTOR('',#3756,1.);
#1211=VECTOR('',#3759,1.);
#1212=VECTOR('',#3760,1.);
#1213=VECTOR('',#3761,1.);
#1214=VECTOR('',#3764,1.);
#1215=VECTOR('',#3765,1.);
#1216=VECTOR('',#3766,1.);
#1217=VECTOR('',#3769,1.);
#1218=VECTOR('',#3770,1.);
#1219=VECTOR('',#3771,1.);
#1220=VECTOR('',#3772,1.);
#1221=VECTOR('',#3773,1.);
#1222=VECTOR('',#3774,1.);
#1223=VECTOR('',#3777,1.);
#1224=VECTOR('',#3778,1.);
#1225=VECTOR('',#3779,1.);
#1226=VECTOR('',#3780,1.);
#1227=VECTOR('',#3781,1.);
#1228=VECTOR('',#3782,1.);
#1229=VECTOR('',#3785,1.);
#1230=VECTOR('',#3786,1.);
#1231=VECTOR('',#3791,1.);
#1232=VECTOR('',#3792,1.);
#1233=VECTOR('',#3793,1.);
#1234=VECTOR('',#3794,1.);
#1235=VECTOR('',#3797,1.);
#1236=VECTOR('',#3798,1.);
#1237=VECTOR('',#3799,1.);
#1238=VECTOR('',#3802,1.);
#1239=VECTOR('',#3803,1.);
#1240=VECTOR('',#3804,1.);
#1241=VECTOR('',#3807,1.);
#1242=VECTOR('',#3808,1.);
#1243=VECTOR('',#3811,1.);
#1244=VECTOR('',#3812,1.);
#1245=VECTOR('',#3815,1.);
#1246=VECTOR('',#3816,1.);
#1247=VECTOR('',#3817,1.);
#1248=VECTOR('',#3818,1.);
#1249=VECTOR('',#3819,1.);
#1250=VECTOR('',#3822,1.);
#1251=VECTOR('',#3823,1.);
#1252=VECTOR('',#3824,1.);
#1253=VECTOR('',#3825,1.);
#1254=VECTOR('',#3826,1.);
#1255=VECTOR('',#3829,1.);
#1256=VECTOR('',#3830,1.);
#1257=VECTOR('',#3831,1.);
#1258=VECTOR('',#3832,1.);
#1259=VECTOR('',#3833,1.);
#1260=VECTOR('',#3836,1.);
#1261=VECTOR('',#3837,1.);
#1262=VECTOR('',#3838,1.);
#1263=VECTOR('',#3839,1.);
#1264=VECTOR('',#3840,1.);
#1265=VECTOR('',#3843,1.);
#1266=VECTOR('',#3844,1.);
#1267=VECTOR('',#3845,1.);
#1268=VECTOR('',#3846,1.);
#1269=VECTOR('',#3847,1.);
#1270=VECTOR('',#3850,1.);
#1271=VECTOR('',#3851,1.);
#1272=VECTOR('',#3852,1.);
#1273=VECTOR('',#3853,1.);
#1274=VECTOR('',#3854,1.);
#1275=VECTOR('',#3857,1.);
#1276=VECTOR('',#3858,1.);
#1277=VECTOR('',#3859,1.);
#1278=VECTOR('',#3860,1.);
#1279=VECTOR('',#3861,1.);
#1280=VECTOR('',#3864,1.);
#1281=VECTOR('',#3865,1.);
#1282=VECTOR('',#3866,1.);
#1283=VECTOR('',#3867,1.);
#1284=VECTOR('',#3868,1.);
#1285=VECTOR('',#3869,1.);
#1286=VECTOR('',#3870,1.);
#1287=VECTOR('',#3873,1.);
#1288=VECTOR('',#3874,1.);
#1289=VECTOR('',#3875,1.);
#1290=VECTOR('',#3876,1.);
#1291=VECTOR('',#3877,1.);
#1292=VECTOR('',#3878,1.);
#1293=VECTOR('',#3879,1.);
#1294=VECTOR('',#3882,1.);
#1295=VECTOR('',#3883,1.);
#1296=VECTOR('',#3884,1.);
#1297=VECTOR('',#3885,1.);
#1298=VECTOR('',#3886,1.);
#1299=VECTOR('',#3887,1.);
#1300=VECTOR('',#3890,1.);
#1301=VECTOR('',#3891,1.);
#1302=VECTOR('',#3892,1.);
#1303=VECTOR('',#3895,1.);
#1304=VECTOR('',#3896,1.);
#1305=VECTOR('',#3897,1.);
#1306=VECTOR('',#3900,1.);
#1307=VECTOR('',#3901,1.);
#1308=VECTOR('',#3906,1.);
#1309=VECTOR('',#3907,1.);
#1310=VECTOR('',#3908,1.);
#1311=VECTOR('',#3909,1.);
#1312=VECTOR('',#3912,1.);
#1313=VECTOR('',#3913,1.);
#1314=VECTOR('',#3914,1.);
#1315=VECTOR('',#3915,1.);
#1316=VECTOR('',#3916,1.);
#1317=VECTOR('',#3919,1.);
#1318=VECTOR('',#3920,1.);
#1319=VECTOR('',#3921,1.);
#1320=VECTOR('',#3922,1.);
#1321=VECTOR('',#3923,1.);
#1322=VECTOR('',#3926,1.);
#1323=VECTOR('',#3927,1.);
#1324=VECTOR('',#3928,1.);
#1325=VECTOR('',#3931,1.);
#1326=VECTOR('',#3932,1.);
#1327=VECTOR('',#3933,1.);
#1328=VECTOR('',#3936,1.);
#1329=VECTOR('',#3937,1.);
#1330=VECTOR('',#3938,1.);
#1331=VECTOR('',#3939,1.);
#1332=VECTOR('',#3940,1.);
#1333=VECTOR('',#3941,1.);
#1334=VECTOR('',#3944,1.);
#1335=VECTOR('',#3945,1.);
#1336=VECTOR('',#3946,1.);
#1337=VECTOR('',#3947,1.);
#1338=VECTOR('',#3948,1.);
#1339=VECTOR('',#3949,1.);
#1340=VECTOR('',#3952,1.);
#1341=VECTOR('',#3953,1.);
#1342=VECTOR('',#3962,1.);
#1343=VECTOR('',#3965,1.);
#1344=VECTOR('',#3970,1.);
#1345=VECTOR('',#3971,1.);
#1346=VECTOR('',#3976,1.);
#1347=VECTOR('',#3977,1.);
#1348=VECTOR('',#3978,1.);
#1349=VECTOR('',#3979,1.);
#1350=VECTOR('',#3982,1.);
#1351=VECTOR('',#3983,1.);
#1352=VECTOR('',#3984,1.);
#1353=VECTOR('',#3987,1.);
#1354=VECTOR('',#3988,1.);
#1355=VECTOR('',#3997,0.4);
#1356=VECTOR('',#4006,0.4);
#1357=VECTOR('',#4015,0.399999999999999);
#1358=VECTOR('',#4024,0.25);
#1359=VECTOR('',#4029,0.25);
#1360=VECTOR('',#4034,0.25);
#1361=VECTOR('',#4039,0.249999999999999);
#1362=VECTOR('',#4044,1.);
#1363=VECTOR('',#4045,1.);
#1364=VECTOR('',#4048,1.);
#1365=(
BOUNDED_CURVE()
B_SPLINE_CURVE(3,(#4062,#4063,#4064,#4065),.UNSPECIFIED.,.F.,.F.)
B_SPLINE_CURVE_WITH_KNOTS((4,4),(-1.,0.),.UNSPECIFIED.)
CURVE()
GEOMETRIC_REPRESENTATION_ITEM()
RATIONAL_B_SPLINE_CURVE((1.,1.,1.,1.))
REPRESENTATION_ITEM('')
);
#1366=(
BOUNDED_CURVE()
B_SPLINE_CURVE(3,(#4069,#4070,#4071,#4072),.UNSPECIFIED.,.F.,.F.)
B_SPLINE_CURVE_WITH_KNOTS((4,4),(-1.,0.),.UNSPECIFIED.)
CURVE()
GEOMETRIC_REPRESENTATION_ITEM()
RATIONAL_B_SPLINE_CURVE((1.,1.,1.,1.))
REPRESENTATION_ITEM('')
);
#1367=(
BOUNDED_CURVE()
B_SPLINE_CURVE(3,(#4089,#4090,#4091,#4092),.UNSPECIFIED.,.F.,.F.)
B_SPLINE_CURVE_WITH_KNOTS((4,4),(-1.,0.),.UNSPECIFIED.)
CURVE()
GEOMETRIC_REPRESENTATION_ITEM()
RATIONAL_B_SPLINE_CURVE((1.,1.,1.,1.))
REPRESENTATION_ITEM('')
);
#1368=(
BOUNDED_CURVE()
B_SPLINE_CURVE(3,(#4095,#4096,#4097,#4098),.UNSPECIFIED.,.F.,.F.)
B_SPLINE_CURVE_WITH_KNOTS((4,4),(-1.,0.),.UNSPECIFIED.)
CURVE()
GEOMETRIC_REPRESENTATION_ITEM()
RATIONAL_B_SPLINE_CURVE((1.,1.,1.,1.))
REPRESENTATION_ITEM('')
);
#1369=(
BOUNDED_CURVE()
B_SPLINE_CURVE(3,(#4114,#4115,#4116,#4117),.UNSPECIFIED.,.F.,.F.)
B_SPLINE_CURVE_WITH_KNOTS((4,4),(-1.,0.),.UNSPECIFIED.)
CURVE()
GEOMETRIC_REPRESENTATION_ITEM()
RATIONAL_B_SPLINE_CURVE((1.,1.,1.,1.))
REPRESENTATION_ITEM('')
);
#1370=(
BOUNDED_CURVE()
B_SPLINE_CURVE(3,(#4120,#4121,#4122,#4123),.UNSPECIFIED.,.F.,.F.)
B_SPLINE_CURVE_WITH_KNOTS((4,4),(-1.,0.),.UNSPECIFIED.)
CURVE()
GEOMETRIC_REPRESENTATION_ITEM()
RATIONAL_B_SPLINE_CURVE((1.,1.,1.,1.))
REPRESENTATION_ITEM('')
);
#1371=(
BOUNDED_CURVE()
B_SPLINE_CURVE(3,(#4146,#4147,#4148,#4149),.UNSPECIFIED.,.F.,.F.)
B_SPLINE_CURVE_WITH_KNOTS((4,4),(0.,1.),.UNSPECIFIED.)
CURVE()
GEOMETRIC_REPRESENTATION_ITEM()
RATIONAL_B_SPLINE_CURVE((1.,1.,1.,1.))
REPRESENTATION_ITEM('')
);
#1372=(
BOUNDED_CURVE()
B_SPLINE_CURVE(3,(#4152,#4153,#4154,#4155),.UNSPECIFIED.,.F.,.F.)
B_SPLINE_CURVE_WITH_KNOTS((4,4),(0.,1.),.UNSPECIFIED.)
CURVE()
GEOMETRIC_REPRESENTATION_ITEM()
RATIONAL_B_SPLINE_CURVE((1.,1.,1.,1.))
REPRESENTATION_ITEM('')
);
#1373=(
BOUNDED_CURVE()
B_SPLINE_CURVE(3,(#4171,#4172,#4173,#4174),.UNSPECIFIED.,.F.,.F.)
B_SPLINE_CURVE_WITH_KNOTS((4,4),(0.,1.),.UNSPECIFIED.)
CURVE()
GEOMETRIC_REPRESENTATION_ITEM()
RATIONAL_B_SPLINE_CURVE((1.,1.,1.,1.))
REPRESENTATION_ITEM('')
);
#1374=(
BOUNDED_CURVE()
B_SPLINE_CURVE(3,(#4177,#4178,#4179,#4180),.UNSPECIFIED.,.F.,.F.)
B_SPLINE_CURVE_WITH_KNOTS((4,4),(0.,1.),.UNSPECIFIED.)
CURVE()
GEOMETRIC_REPRESENTATION_ITEM()
RATIONAL_B_SPLINE_CURVE((1.,1.,1.,1.))
REPRESENTATION_ITEM('')
);
#1375=(
BOUNDED_CURVE()
B_SPLINE_CURVE(3,(#4195,#4196,#4197,#4198),.UNSPECIFIED.,.F.,.F.)
B_SPLINE_CURVE_WITH_KNOTS((4,4),(0.,1.),.UNSPECIFIED.)
CURVE()
GEOMETRIC_REPRESENTATION_ITEM()
RATIONAL_B_SPLINE_CURVE((1.,1.,1.,1.))
REPRESENTATION_ITEM('')
);
#1376=(
BOUNDED_CURVE()
B_SPLINE_CURVE(3,(#4199,#4200,#4201,#4202),.UNSPECIFIED.,.F.,.F.)
B_SPLINE_CURVE_WITH_KNOTS((4,4),(0.,1.),.UNSPECIFIED.)
CURVE()
GEOMETRIC_REPRESENTATION_ITEM()
RATIONAL_B_SPLINE_CURVE((1.,1.,1.,1.))
REPRESENTATION_ITEM('')
);
#1377=(
BOUNDED_CURVE()
B_SPLINE_CURVE(3,(#4263,#4264,#4265,#4266),.UNSPECIFIED.,.F.,.F.)
B_SPLINE_CURVE_WITH_KNOTS((4,4),(-1.,0.),.UNSPECIFIED.)
CURVE()
GEOMETRIC_REPRESENTATION_ITEM()
RATIONAL_B_SPLINE_CURVE((1.,1.,1.,1.))
REPRESENTATION_ITEM('')
);
#1378=(
BOUNDED_CURVE()
B_SPLINE_CURVE(3,(#4270,#4271,#4272,#4273),.UNSPECIFIED.,.F.,.F.)
B_SPLINE_CURVE_WITH_KNOTS((4,4),(-1.,0.),.UNSPECIFIED.)
CURVE()
GEOMETRIC_REPRESENTATION_ITEM()
RATIONAL_B_SPLINE_CURVE((1.,1.,1.,1.))
REPRESENTATION_ITEM('')
);
#1379=(
BOUNDED_CURVE()
B_SPLINE_CURVE(3,(#4290,#4291,#4292,#4293),.UNSPECIFIED.,.F.,.F.)
B_SPLINE_CURVE_WITH_KNOTS((4,4),(-1.,0.),.UNSPECIFIED.)
CURVE()
GEOMETRIC_REPRESENTATION_ITEM()
RATIONAL_B_SPLINE_CURVE((1.,1.,1.,1.))
REPRESENTATION_ITEM('')
);
#1380=(
BOUNDED_CURVE()
B_SPLINE_CURVE(3,(#4296,#4297,#4298,#4299),.UNSPECIFIED.,.F.,.F.)
B_SPLINE_CURVE_WITH_KNOTS((4,4),(-1.,0.),.UNSPECIFIED.)
CURVE()
GEOMETRIC_REPRESENTATION_ITEM()
RATIONAL_B_SPLINE_CURVE((1.,1.,1.,1.))
REPRESENTATION_ITEM('')
);
#1381=(
BOUNDED_CURVE()
B_SPLINE_CURVE(3,(#4315,#4316,#4317,#4318),.UNSPECIFIED.,.F.,.F.)
B_SPLINE_CURVE_WITH_KNOTS((4,4),(-1.,0.),.UNSPECIFIED.)
CURVE()
GEOMETRIC_REPRESENTATION_ITEM()
RATIONAL_B_SPLINE_CURVE((1.,1.,1.,1.))
REPRESENTATION_ITEM('')
);
#1382=(
BOUNDED_CURVE()
B_SPLINE_CURVE(3,(#4321,#4322,#4323,#4324),.UNSPECIFIED.,.F.,.F.)
B_SPLINE_CURVE_WITH_KNOTS((4,4),(-1.,0.),.UNSPECIFIED.)
CURVE()
GEOMETRIC_REPRESENTATION_ITEM()
RATIONAL_B_SPLINE_CURVE((1.,1.,1.,1.))
REPRESENTATION_ITEM('')
);
#1383=VERTEX_POINT('',#4060);
#1384=VERTEX_POINT('',#4061);
#1385=VERTEX_POINT('',#4066);
#1386=VERTEX_POINT('',#4068);
#1387=VERTEX_POINT('',#4075);
#1388=VERTEX_POINT('',#4077);
#1389=VERTEX_POINT('',#4088);
#1390=VERTEX_POINT('',#4093);
#1391=VERTEX_POINT('',#4100);
#1392=VERTEX_POINT('',#4102);
#1393=VERTEX_POINT('',#4113);
#1394=VERTEX_POINT('',#4118);
#1395=VERTEX_POINT('',#4129);
#1396=VERTEX_POINT('',#4130);
#1397=VERTEX_POINT('',#4132);
#1398=VERTEX_POINT('',#4134);
#1399=VERTEX_POINT('',#4145);
#1400=VERTEX_POINT('',#4150);
#1401=VERTEX_POINT('',#4157);
#1402=VERTEX_POINT('',#4159);
#1403=VERTEX_POINT('',#4170);
#1404=VERTEX_POINT('',#4175);
#1405=VERTEX_POINT('',#4182);
#1406=VERTEX_POINT('',#4184);
#1407=VERTEX_POINT('',#4205);
#1408=VERTEX_POINT('',#4206);
#1409=VERTEX_POINT('',#4208);
#1410=VERTEX_POINT('',#4210);
#1411=VERTEX_POINT('',#4214);
#1412=VERTEX_POINT('',#4216);
#1413=VERTEX_POINT('',#4220);
#1414=VERTEX_POINT('',#4222);
#1415=VERTEX_POINT('',#4226);
#1416=VERTEX_POINT('',#4228);
#1417=VERTEX_POINT('',#4232);
#1418=VERTEX_POINT('',#4234);
#1419=VERTEX_POINT('',#4238);
#1420=VERTEX_POINT('',#4240);
#1421=VERTEX_POINT('',#4244);
#1422=VERTEX_POINT('',#4246);
#1423=VERTEX_POINT('',#4261);
#1424=VERTEX_POINT('',#4262);
#1425=VERTEX_POINT('',#4267);
#1426=VERTEX_POINT('',#4269);
#1427=VERTEX_POINT('',#4276);
#1428=VERTEX_POINT('',#4278);
#1429=VERTEX_POINT('',#4289);
#1430=VERTEX_POINT('',#4294);
#1431=VERTEX_POINT('',#4301);
#1432=VERTEX_POINT('',#4303);
#1433=VERTEX_POINT('',#4314);
#1434=VERTEX_POINT('',#4319);
#1435=VERTEX_POINT('',#4339);
#1436=VERTEX_POINT('',#4340);
#1437=VERTEX_POINT('',#4346);
#1438=VERTEX_POINT('',#4348);
#1439=VERTEX_POINT('',#4365);
#1440=VERTEX_POINT('',#4371);
#1441=VERTEX_POINT('',#4388);
#1442=VERTEX_POINT('',#4394);
#1443=VERTEX_POINT('',#4402);
#1444=VERTEX_POINT('',#4404);
#1445=VERTEX_POINT('',#4408);
#1446=VERTEX_POINT('',#4410);
#1447=VERTEX_POINT('',#4414);
#1448=VERTEX_POINT('',#4416);
#1449=VERTEX_POINT('',#4429);
#1450=VERTEX_POINT('',#4435);
#1451=VERTEX_POINT('',#4452);
#1452=VERTEX_POINT('',#4458);
#1453=VERTEX_POINT('',#4466);
#1454=VERTEX_POINT('',#4468);
#1455=VERTEX_POINT('',#4481);
#1456=VERTEX_POINT('',#4487);
#1457=VERTEX_POINT('',#4504);
#1458=VERTEX_POINT('',#4510);
#1459=VERTEX_POINT('',#4518);
#1460=VERTEX_POINT('',#4520);
#1461=VERTEX_POINT('',#4524);
#1462=VERTEX_POINT('',#4526);
#1463=VERTEX_POINT('',#4530);
#1464=VERTEX_POINT('',#4532);
#1465=VERTEX_POINT('',#4545);
#1466=VERTEX_POINT('',#4551);
#1467=VERTEX_POINT('',#4568);
#1468=VERTEX_POINT('',#4574);
#1469=VERTEX_POINT('',#4591);
#1470=VERTEX_POINT('',#4597);
#1471=VERTEX_POINT('',#4609);
#1472=VERTEX_POINT('',#4610);
#1473=VERTEX_POINT('',#4612);
#1474=VERTEX_POINT('',#4614);
#1475=VERTEX_POINT('',#4618);
#1476=VERTEX_POINT('',#4620);
#1477=VERTEX_POINT('',#4624);
#1478=VERTEX_POINT('',#4626);
#1479=VERTEX_POINT('',#4630);
#1480=VERTEX_POINT('',#4632);
#1481=VERTEX_POINT('',#4636);
#1482=VERTEX_POINT('',#4638);
#1483=VERTEX_POINT('',#4642);
#1484=VERTEX_POINT('',#4644);
#1485=VERTEX_POINT('',#4652);
#1486=VERTEX_POINT('',#4653);
#1487=VERTEX_POINT('',#4655);
#1488=VERTEX_POINT('',#4657);
#1489=VERTEX_POINT('',#4661);
#1490=VERTEX_POINT('',#4663);
#1491=VERTEX_POINT('',#4676);
#1492=VERTEX_POINT('',#4682);
#1493=VERTEX_POINT('',#4699);
#1494=VERTEX_POINT('',#4705);
#1495=VERTEX_POINT('',#4713);
#1496=VERTEX_POINT('',#4715);
#1497=VERTEX_POINT('',#4728);
#1498=VERTEX_POINT('',#4734);
#1499=VERTEX_POINT('',#4751);
#1500=VERTEX_POINT('',#4757);
#1501=VERTEX_POINT('',#4765);
#1502=VERTEX_POINT('',#4767);
#1503=VERTEX_POINT('',#4771);
#1504=VERTEX_POINT('',#4773);
#1505=VERTEX_POINT('',#4777);
#1506=VERTEX_POINT('',#4779);
#1507=VERTEX_POINT('',#4792);
#1508=VERTEX_POINT('',#4798);
#1509=VERTEX_POINT('',#4815);
#1510=VERTEX_POINT('',#4821);
#1511=VERTEX_POINT('',#4838);
#1512=VERTEX_POINT('',#4844);
#1513=VERTEX_POINT('',#4852);
#1514=VERTEX_POINT('',#4854);
#1515=VERTEX_POINT('',#4867);
#1516=VERTEX_POINT('',#4873);
#1517=VERTEX_POINT('',#4890);
#1518=VERTEX_POINT('',#4896);
#1519=VERTEX_POINT('',#4913);
#1520=VERTEX_POINT('',#4919);
#1521=VERTEX_POINT('',#4931);
#1522=VERTEX_POINT('',#4932);
#1523=VERTEX_POINT('',#4934);
#1524=VERTEX_POINT('',#4936);
#1525=VERTEX_POINT('',#4940);
#1526=VERTEX_POINT('',#4942);
#1527=VERTEX_POINT('',#4955);
#1528=VERTEX_POINT('',#4961);
#1529=VERTEX_POINT('',#4978);
#1530=VERTEX_POINT('',#4984);
#1531=VERTEX_POINT('',#4992);
#1532=VERTEX_POINT('',#4994);
#1533=VERTEX_POINT('',#5007);
#1534=VERTEX_POINT('',#5013);
#1535=VERTEX_POINT('',#5030);
#1536=VERTEX_POINT('',#5036);
#1537=VERTEX_POINT('',#5044);
#1538=VERTEX_POINT('',#5046);
#1539=VERTEX_POINT('',#5050);
#1540=VERTEX_POINT('',#5052);
#1541=VERTEX_POINT('',#5056);
#1542=VERTEX_POINT('',#5058);
#1543=VERTEX_POINT('',#5071);
#1544=VERTEX_POINT('',#5077);
#1545=VERTEX_POINT('',#5094);
#1546=VERTEX_POINT('',#5100);
#1547=VERTEX_POINT('',#5117);
#1548=VERTEX_POINT('',#5123);
#1549=VERTEX_POINT('',#5131);
#1550=VERTEX_POINT('',#5133);
#1551=VERTEX_POINT('',#5146);
#1552=VERTEX_POINT('',#5152);
#1553=VERTEX_POINT('',#5169);
#1554=VERTEX_POINT('',#5175);
#1555=VERTEX_POINT('',#5192);
#1556=VERTEX_POINT('',#5198);
#1557=VERTEX_POINT('',#5210);
#1558=VERTEX_POINT('',#5211);
#1559=VERTEX_POINT('',#5213);
#1560=VERTEX_POINT('',#5215);
#1561=VERTEX_POINT('',#5219);
#1562=VERTEX_POINT('',#5221);
#1563=VERTEX_POINT('',#5225);
#1564=VERTEX_POINT('',#5227);
#1565=VERTEX_POINT('',#5244);
#1566=VERTEX_POINT('',#5245);
#1567=VERTEX_POINT('',#5251);
#1568=VERTEX_POINT('',#5253);
#1569=VERTEX_POINT('',#5261);
#1570=VERTEX_POINT('',#5263);
#1571=VERTEX_POINT('',#5276);
#1572=VERTEX_POINT('',#5282);
#1573=VERTEX_POINT('',#5299);
#1574=VERTEX_POINT('',#5305);
#1575=VERTEX_POINT('',#5313);
#1576=VERTEX_POINT('',#5315);
#1577=VERTEX_POINT('',#5328);
#1578=VERTEX_POINT('',#5334);
#1579=VERTEX_POINT('',#5351);
#1580=VERTEX_POINT('',#5357);
#1581=VERTEX_POINT('',#5365);
#1582=VERTEX_POINT('',#5367);
#1583=VERTEX_POINT('',#5380);
#1584=VERTEX_POINT('',#5386);
#1585=VERTEX_POINT('',#5403);
#1586=VERTEX_POINT('',#5409);
#1587=VERTEX_POINT('',#5417);
#1588=VERTEX_POINT('',#5419);
#1589=VERTEX_POINT('',#5452);
#1590=VERTEX_POINT('',#5453);
#1591=VERTEX_POINT('',#5459);
#1592=VERTEX_POINT('',#5461);
#1593=VERTEX_POINT('',#5469);
#1594=VERTEX_POINT('',#5471);
#1595=VERTEX_POINT('',#5484);
#1596=VERTEX_POINT('',#5490);
#1597=VERTEX_POINT('',#5507);
#1598=VERTEX_POINT('',#5513);
#1599=VERTEX_POINT('',#5521);
#1600=VERTEX_POINT('',#5523);
#1601=VERTEX_POINT('',#5536);
#1602=VERTEX_POINT('',#5542);
#1603=VERTEX_POINT('',#5559);
#1604=VERTEX_POINT('',#5565);
#1605=VERTEX_POINT('',#5573);
#1606=VERTEX_POINT('',#5575);
#1607=VERTEX_POINT('',#5588);
#1608=VERTEX_POINT('',#5594);
#1609=VERTEX_POINT('',#5611);
#1610=VERTEX_POINT('',#5617);
#1611=VERTEX_POINT('',#5625);
#1612=VERTEX_POINT('',#5627);
#1613=VERTEX_POINT('',#5660);
#1614=VERTEX_POINT('',#5661);
#1615=VERTEX_POINT('',#5667);
#1616=VERTEX_POINT('',#5669);
#1617=VERTEX_POINT('',#5686);
#1618=VERTEX_POINT('',#5692);
#1619=VERTEX_POINT('',#5709);
#1620=VERTEX_POINT('',#5715);
#1621=VERTEX_POINT('',#5723);
#1622=VERTEX_POINT('',#5725);
#1623=VERTEX_POINT('',#5738);
#1624=VERTEX_POINT('',#5744);
#1625=VERTEX_POINT('',#5761);
#1626=VERTEX_POINT('',#5767);
#1627=VERTEX_POINT('',#5784);
#1628=VERTEX_POINT('',#5790);
#1629=VERTEX_POINT('',#5807);
#1630=VERTEX_POINT('',#5813);
#1631=VERTEX_POINT('',#5821);
#1632=VERTEX_POINT('',#5823);
#1633=VERTEX_POINT('',#5836);
#1634=VERTEX_POINT('',#5842);
#1635=VERTEX_POINT('',#5859);
#1636=VERTEX_POINT('',#5865);
#1637=VERTEX_POINT('',#5882);
#1638=VERTEX_POINT('',#5888);
#1639=VERTEX_POINT('',#5896);
#1640=VERTEX_POINT('',#5898);
#1641=VERTEX_POINT('',#5902);
#1642=VERTEX_POINT('',#5904);
#1643=VERTEX_POINT('',#5912);
#1644=VERTEX_POINT('',#5913);
#1645=VERTEX_POINT('',#5915);
#1646=VERTEX_POINT('',#5917);
#1647=VERTEX_POINT('',#5921);
#1648=VERTEX_POINT('',#5923);
#1649=VERTEX_POINT('',#5936);
#1650=VERTEX_POINT('',#5942);
#1651=VERTEX_POINT('',#5959);
#1652=VERTEX_POINT('',#5965);
#1653=VERTEX_POINT('',#5973);
#1654=VERTEX_POINT('',#5975);
#1655=VERTEX_POINT('',#5988);
#1656=VERTEX_POINT('',#5994);
#1657=VERTEX_POINT('',#6011);
#1658=VERTEX_POINT('',#6017);
#1659=VERTEX_POINT('',#6025);
#1660=VERTEX_POINT('',#6027);
#1661=VERTEX_POINT('',#6031);
#1662=VERTEX_POINT('',#6033);
#1663=VERTEX_POINT('',#6037);
#1664=VERTEX_POINT('',#6039);
#1665=VERTEX_POINT('',#6052);
#1666=VERTEX_POINT('',#6058);
#1667=VERTEX_POINT('',#6075);
#1668=VERTEX_POINT('',#6081);
#1669=VERTEX_POINT('',#6098);
#1670=VERTEX_POINT('',#6104);
#1671=VERTEX_POINT('',#6112);
#1672=VERTEX_POINT('',#6114);
#1673=VERTEX_POINT('',#6127);
#1674=VERTEX_POINT('',#6133);
#1675=VERTEX_POINT('',#6150);
#1676=VERTEX_POINT('',#6156);
#1677=VERTEX_POINT('',#6173);
#1678=VERTEX_POINT('',#6179);
#1679=VERTEX_POINT('',#6193);
#1680=VERTEX_POINT('',#6194);
#1681=VERTEX_POINT('',#6196);
#1682=VERTEX_POINT('',#6198);
#1683=VERTEX_POINT('',#6202);
#1684=VERTEX_POINT('',#6205);
#1685=VERTEX_POINT('',#6208);
#1686=VERTEX_POINT('',#6210);
#1687=VERTEX_POINT('',#6212);
#1688=VERTEX_POINT('',#6216);
#1689=VERTEX_POINT('',#6218);
#1690=VERTEX_POINT('',#6222);
#1691=VERTEX_POINT('',#6225);
#1692=VERTEX_POINT('',#6227);
#1693=VERTEX_POINT('',#6229);
#1694=VERTEX_POINT('',#6232);
#1695=VERTEX_POINT('',#6236);
#1696=VERTEX_POINT('',#6239);
#1697=VERTEX_POINT('',#6243);
#1698=VERTEX_POINT('',#6246);
#1699=VERTEX_POINT('',#6250);
#1700=VERTEX_POINT('',#6253);
#1701=VERTEX_POINT('',#6257);
#1702=VERTEX_POINT('',#6261);
#1703=VERTEX_POINT('',#6265);
#1704=VERTEX_POINT('',#6269);
#1705=EDGE_CURVE('',#1383,#1384,#1365,.T.);
#1706=EDGE_CURVE('',#1383,#1385,#747,.T.);
#1707=EDGE_CURVE('',#1385,#1386,#1366,.T.);
#1708=EDGE_CURVE('',#1384,#1386,#748,.T.);
#1709=EDGE_CURVE('',#1387,#1383,#749,.T.);
#1710=EDGE_CURVE('',#1387,#1388,#750,.T.);
#1711=EDGE_CURVE('',#1388,#1385,#751,.T.);
#1712=EDGE_CURVE('',#1389,#1387,#1367,.T.);
#1713=EDGE_CURVE('',#1389,#1390,#752,.T.);
#1714=EDGE_CURVE('',#1390,#1388,#1368,.T.);
#1715=EDGE_CURVE('',#1391,#1389,#753,.T.);
#1716=EDGE_CURVE('',#1391,#1392,#754,.T.);
#1717=EDGE_CURVE('',#1392,#1390,#755,.T.);
#1718=EDGE_CURVE('',#1393,#1391,#1369,.T.);
#1719=EDGE_CURVE('',#1393,#1394,#756,.T.);
#1720=EDGE_CURVE('',#1394,#1392,#1370,.T.);
#1721=EDGE_CURVE('',#1384,#1393,#757,.T.);
#1722=EDGE_CURVE('',#1386,#1394,#758,.T.);
#1723=EDGE_CURVE('',#1395,#1396,#759,.T.);
#1724=EDGE_CURVE('',#1395,#1397,#760,.T.);
#1725=EDGE_CURVE('',#1397,#1398,#761,.T.);
#1726=EDGE_CURVE('',#1396,#1398,#762,.T.);
#1727=EDGE_CURVE('',#1399,#1395,#1371,.T.);
#1728=EDGE_CURVE('',#1399,#1400,#763,.T.);
#1729=EDGE_CURVE('',#1400,#1397,#1372,.T.);
#1730=EDGE_CURVE('',#1401,#1399,#764,.T.);
#1731=EDGE_CURVE('',#1401,#1402,#765,.T.);
#1732=EDGE_CURVE('',#1402,#1400,#766,.T.);
#1733=EDGE_CURVE('',#1403,#1401,#1373,.T.);
#1734=EDGE_CURVE('',#1403,#1404,#767,.T.);
#1735=EDGE_CURVE('',#1404,#1402,#1374,.T.);
#1736=EDGE_CURVE('',#1405,#1403,#768,.T.);
#1737=EDGE_CURVE('',#1405,#1406,#769,.T.);
#1738=EDGE_CURVE('',#1406,#1404,#770,.T.);
#1739=EDGE_CURVE('',#1396,#1405,#1375,.T.);
#1740=EDGE_CURVE('',#1398,#1406,#1376,.T.);
#1741=EDGE_CURVE('',#1407,#1408,#237,.T.);
#1742=EDGE_CURVE('',#1407,#1409,#771,.T.);
#1743=EDGE_CURVE('',#1409,#1410,#238,.T.);
#1744=EDGE_CURVE('',#1408,#1410,#772,.T.);
#1745=EDGE_CURVE('',#1411,#1407,#773,.T.);
#1746=EDGE_CURVE('',#1411,#1412,#774,.T.);
#1747=EDGE_CURVE('',#1412,#1409,#775,.T.);
#1748=EDGE_CURVE('',#1413,#1411,#239,.T.);
#1749=EDGE_CURVE('',#1413,#1414,#776,.T.);
#1750=EDGE_CURVE('',#1414,#1412,#240,.T.);
#1751=EDGE_CURVE('',#1415,#1413,#777,.T.);
#1752=EDGE_CURVE('',#1415,#1416,#778,.T.);
#1753=EDGE_CURVE('',#1416,#1414,#779,.T.);
#1754=EDGE_CURVE('',#1417,#1415,#241,.T.);
#1755=EDGE_CURVE('',#1417,#1418,#780,.T.);
#1756=EDGE_CURVE('',#1418,#1416,#242,.T.);
#1757=EDGE_CURVE('',#1419,#1417,#781,.T.);
#1758=EDGE_CURVE('',#1419,#1420,#782,.T.);
#1759=EDGE_CURVE('',#1420,#1418,#783,.T.);
#1760=EDGE_CURVE('',#1421,#1419,#243,.T.);
#1761=EDGE_CURVE('',#1421,#1422,#784,.T.);
#1762=EDGE_CURVE('',#1422,#1420,#244,.T.);
#1763=EDGE_CURVE('',#1408,#1421,#785,.T.);
#1764=EDGE_CURVE('',#1410,#1422,#786,.T.);
#1765=EDGE_CURVE('',#1423,#1424,#1377,.T.);
#1766=EDGE_CURVE('',#1423,#1425,#787,.T.);
#1767=EDGE_CURVE('',#1425,#1426,#1378,.T.);
#1768=EDGE_CURVE('',#1424,#1426,#788,.T.);
#1769=EDGE_CURVE('',#1427,#1423,#789,.T.);
#1770=EDGE_CURVE('',#1427,#1428,#790,.T.);
#1771=EDGE_CURVE('',#1428,#1425,#791,.T.);
#1772=EDGE_CURVE('',#1429,#1427,#1379,.T.);
#1773=EDGE_CURVE('',#1429,#1430,#792,.T.);
#1774=EDGE_CURVE('',#1430,#1428,#1380,.T.);
#1775=EDGE_CURVE('',#1431,#1429,#793,.T.);
#1776=EDGE_CURVE('',#1431,#1432,#794,.T.);
#1777=EDGE_CURVE('',#1432,#1430,#795,.T.);
#1778=EDGE_CURVE('',#1433,#1431,#1381,.T.);
#1779=EDGE_CURVE('',#1433,#1434,#796,.T.);
#1780=EDGE_CURVE('',#1434,#1432,#1382,.T.);
#1781=EDGE_CURVE('',#1424,#1433,#797,.T.);
#1782=EDGE_CURVE('',#1426,#1434,#798,.T.);
#1783=EDGE_CURVE('',#1435,#1436,#39,.T.);
#1784=EDGE_CURVE('',#1435,#1437,#799,.T.);
#1785=EDGE_CURVE('',#1437,#1438,#40,.T.);
#1786=EDGE_CURVE('',#1436,#1438,#800,.T.);
#1787=EDGE_CURVE('',#1439,#1435,#41,.T.);
#1788=EDGE_CURVE('',#1439,#1440,#801,.T.);
#1789=EDGE_CURVE('',#1440,#1437,#42,.T.);
#1790=EDGE_CURVE('',#1441,#1439,#43,.T.);
#1791=EDGE_CURVE('',#1441,#1442,#802,.T.);
#1792=EDGE_CURVE('',#1442,#1440,#44,.T.);
#1793=EDGE_CURVE('',#1443,#1441,#803,.T.);
#1794=EDGE_CURVE('',#1443,#1444,#804,.T.);
#1795=EDGE_CURVE('',#1444,#1442,#805,.T.);
#1796=EDGE_CURVE('',#1445,#1443,#806,.T.);
#1797=EDGE_CURVE('',#1445,#1446,#807,.T.);
#1798=EDGE_CURVE('',#1446,#1444,#808,.T.);
#1799=EDGE_CURVE('',#1447,#1445,#809,.T.);
#1800=EDGE_CURVE('',#1447,#1448,#810,.T.);
#1801=EDGE_CURVE('',#1448,#1446,#811,.T.);
#1802=EDGE_CURVE('',#1449,#1447,#45,.T.);
#1803=EDGE_CURVE('',#1449,#1450,#812,.T.);
#1804=EDGE_CURVE('',#1450,#1448,#46,.T.);
#1805=EDGE_CURVE('',#1451,#1449,#47,.T.);
#1806=EDGE_CURVE('',#1451,#1452,#813,.T.);
#1807=EDGE_CURVE('',#1452,#1450,#48,.T.);
#1808=EDGE_CURVE('',#1453,#1451,#814,.T.);
#1809=EDGE_CURVE('',#1453,#1454,#815,.T.);
#1810=EDGE_CURVE('',#1454,#1452,#816,.T.);
#1811=EDGE_CURVE('',#1455,#1453,#49,.T.);
#1812=EDGE_CURVE('',#1455,#1456,#817,.T.);
#1813=EDGE_CURVE('',#1456,#1454,#50,.T.);
#1814=EDGE_CURVE('',#1457,#1455,#51,.T.);
#1815=EDGE_CURVE('',#1457,#1458,#818,.T.);
#1816=EDGE_CURVE('',#1458,#1456,#52,.T.);
#1817=EDGE_CURVE('',#1459,#1457,#819,.T.);
#1818=EDGE_CURVE('',#1459,#1460,#820,.T.);
#1819=EDGE_CURVE('',#1460,#1458,#821,.T.);
#1820=EDGE_CURVE('',#1461,#1459,#822,.T.);
#1821=EDGE_CURVE('',#1461,#1462,#823,.T.);
#1822=EDGE_CURVE('',#1462,#1460,#824,.T.);
#1823=EDGE_CURVE('',#1463,#1461,#825,.T.);
#1824=EDGE_CURVE('',#1463,#1464,#826,.T.);
#1825=EDGE_CURVE('',#1464,#1462,#827,.T.);
#1826=EDGE_CURVE('',#1465,#1463,#53,.T.);
#1827=EDGE_CURVE('',#1465,#1466,#828,.T.);
#1828=EDGE_CURVE('',#1466,#1464,#54,.T.);
#1829=EDGE_CURVE('',#1467,#1465,#55,.T.);
#1830=EDGE_CURVE('',#1467,#1468,#829,.T.);
#1831=EDGE_CURVE('',#1468,#1466,#56,.T.);
#1832=EDGE_CURVE('',#1469,#1467,#57,.T.);
#1833=EDGE_CURVE('',#1469,#1470,#830,.T.);
#1834=EDGE_CURVE('',#1470,#1468,#58,.T.);
#1835=EDGE_CURVE('',#1436,#1469,#831,.T.);
#1836=EDGE_CURVE('',#1438,#1470,#832,.T.);
#1837=EDGE_CURVE('',#1471,#1472,#833,.T.);
#1838=EDGE_CURVE('',#1471,#1473,#834,.T.);
#1839=EDGE_CURVE('',#1473,#1474,#835,.T.);
#1840=EDGE_CURVE('',#1472,#1474,#836,.T.);
#1841=EDGE_CURVE('',#1475,#1471,#837,.T.);
#1842=EDGE_CURVE('',#1475,#1476,#838,.T.);
#1843=EDGE_CURVE('',#1476,#1473,#839,.T.);
#1844=EDGE_CURVE('',#1477,#1475,#840,.T.);
#1845=EDGE_CURVE('',#1477,#1478,#841,.T.);
#1846=EDGE_CURVE('',#1478,#1476,#842,.T.);
#1847=EDGE_CURVE('',#1479,#1477,#843,.T.);
#1848=EDGE_CURVE('',#1479,#1480,#844,.T.);
#1849=EDGE_CURVE('',#1480,#1478,#845,.T.);
#1850=EDGE_CURVE('',#1481,#1479,#846,.T.);
#1851=EDGE_CURVE('',#1481,#1482,#847,.T.);
#1852=EDGE_CURVE('',#1482,#1480,#848,.T.);
#1853=EDGE_CURVE('',#1483,#1481,#849,.T.);
#1854=EDGE_CURVE('',#1483,#1484,#850,.T.);
#1855=EDGE_CURVE('',#1484,#1482,#851,.T.);
#1856=EDGE_CURVE('',#1472,#1483,#852,.T.);
#1857=EDGE_CURVE('',#1474,#1484,#853,.T.);
#1858=EDGE_CURVE('',#1485,#1486,#854,.T.);
#1859=EDGE_CURVE('',#1485,#1487,#855,.T.);
#1860=EDGE_CURVE('',#1487,#1488,#856,.T.);
#1861=EDGE_CURVE('',#1486,#1488,#857,.T.);
#1862=EDGE_CURVE('',#1489,#1485,#858,.T.);
#1863=EDGE_CURVE('',#1489,#1490,#859,.T.);
#1864=EDGE_CURVE('',#1490,#1487,#860,.T.);
#1865=EDGE_CURVE('',#1491,#1489,#59,.T.);
#1866=EDGE_CURVE('',#1491,#1492,#861,.T.);
#1867=EDGE_CURVE('',#1492,#1490,#60,.T.);
#1868=EDGE_CURVE('',#1493,#1491,#61,.T.);
#1869=EDGE_CURVE('',#1493,#1494,#862,.T.);
#1870=EDGE_CURVE('',#1494,#1492,#62,.T.);
#1871=EDGE_CURVE('',#1495,#1493,#863,.T.);
#1872=EDGE_CURVE('',#1495,#1496,#864,.T.);
#1873=EDGE_CURVE('',#1496,#1494,#865,.T.);
#1874=EDGE_CURVE('',#1497,#1495,#63,.T.);
#1875=EDGE_CURVE('',#1497,#1498,#866,.T.);
#1876=EDGE_CURVE('',#1498,#1496,#64,.T.);
#1877=EDGE_CURVE('',#1499,#1497,#65,.T.);
#1878=EDGE_CURVE('',#1499,#1500,#867,.T.);
#1879=EDGE_CURVE('',#1500,#1498,#66,.T.);
#1880=EDGE_CURVE('',#1501,#1499,#868,.T.);
#1881=EDGE_CURVE('',#1501,#1502,#869,.T.);
#1882=EDGE_CURVE('',#1502,#1500,#870,.T.);
#1883=EDGE_CURVE('',#1503,#1501,#871,.T.);
#1884=EDGE_CURVE('',#1503,#1504,#872,.T.);
#1885=EDGE_CURVE('',#1504,#1502,#873,.T.);
#1886=EDGE_CURVE('',#1505,#1503,#874,.T.);
#1887=EDGE_CURVE('',#1505,#1506,#875,.T.);
#1888=EDGE_CURVE('',#1506,#1504,#876,.T.);
#1889=EDGE_CURVE('',#1507,#1505,#67,.T.);
#1890=EDGE_CURVE('',#1507,#1508,#877,.T.);
#1891=EDGE_CURVE('',#1508,#1506,#68,.T.);
#1892=EDGE_CURVE('',#1509,#1507,#69,.T.);
#1893=EDGE_CURVE('',#1509,#1510,#878,.T.);
#1894=EDGE_CURVE('',#1510,#1508,#70,.T.);
#1895=EDGE_CURVE('',#1511,#1509,#71,.T.);
#1896=EDGE_CURVE('',#1511,#1512,#879,.T.);
#1897=EDGE_CURVE('',#1512,#1510,#72,.T.);
#1898=EDGE_CURVE('',#1513,#1511,#880,.T.);
#1899=EDGE_CURVE('',#1513,#1514,#881,.T.);
#1900=EDGE_CURVE('',#1514,#1512,#882,.T.);
#1901=EDGE_CURVE('',#1515,#1513,#73,.T.);
#1902=EDGE_CURVE('',#1515,#1516,#883,.T.);
#1903=EDGE_CURVE('',#1516,#1514,#74,.T.);
#1904=EDGE_CURVE('',#1517,#1515,#75,.T.);
#1905=EDGE_CURVE('',#1517,#1518,#884,.T.);
#1906=EDGE_CURVE('',#1518,#1516,#76,.T.);
#1907=EDGE_CURVE('',#1519,#1517,#77,.T.);
#1908=EDGE_CURVE('',#1519,#1520,#885,.T.);
#1909=EDGE_CURVE('',#1520,#1518,#78,.T.);
#1910=EDGE_CURVE('',#1486,#1519,#886,.T.);
#1911=EDGE_CURVE('',#1488,#1520,#887,.T.);
#1912=EDGE_CURVE('',#1521,#1522,#888,.T.);
#1913=EDGE_CURVE('',#1521,#1523,#889,.T.);
#1914=EDGE_CURVE('',#1523,#1524,#890,.T.);
#1915=EDGE_CURVE('',#1522,#1524,#891,.T.);
#1916=EDGE_CURVE('',#1525,#1521,#892,.T.);
#1917=EDGE_CURVE('',#1525,#1526,#893,.T.);
#1918=EDGE_CURVE('',#1526,#1523,#894,.T.);
#1919=EDGE_CURVE('',#1527,#1525,#79,.T.);
#1920=EDGE_CURVE('',#1527,#1528,#895,.T.);
#1921=EDGE_CURVE('',#1528,#1526,#80,.T.);
#1922=EDGE_CURVE('',#1529,#1527,#81,.T.);
#1923=EDGE_CURVE('',#1529,#1530,#896,.T.);
#1924=EDGE_CURVE('',#1530,#1528,#82,.T.);
#1925=EDGE_CURVE('',#1531,#1529,#897,.T.);
#1926=EDGE_CURVE('',#1531,#1532,#898,.T.);
#1927=EDGE_CURVE('',#1532,#1530,#899,.T.);
#1928=EDGE_CURVE('',#1533,#1531,#83,.T.);
#1929=EDGE_CURVE('',#1533,#1534,#900,.T.);
#1930=EDGE_CURVE('',#1534,#1532,#84,.T.);
#1931=EDGE_CURVE('',#1535,#1533,#85,.T.);
#1932=EDGE_CURVE('',#1535,#1536,#901,.T.);
#1933=EDGE_CURVE('',#1536,#1534,#86,.T.);
#1934=EDGE_CURVE('',#1537,#1535,#902,.T.);
#1935=EDGE_CURVE('',#1537,#1538,#903,.T.);
#1936=EDGE_CURVE('',#1538,#1536,#904,.T.);
#1937=EDGE_CURVE('',#1539,#1537,#905,.T.);
#1938=EDGE_CURVE('',#1539,#1540,#906,.T.);
#1939=EDGE_CURVE('',#1540,#1538,#907,.T.);
#1940=EDGE_CURVE('',#1541,#1539,#908,.T.);
#1941=EDGE_CURVE('',#1541,#1542,#909,.T.);
#1942=EDGE_CURVE('',#1542,#1540,#910,.T.);
#1943=EDGE_CURVE('',#1543,#1541,#87,.T.);
#1944=EDGE_CURVE('',#1543,#1544,#911,.T.);
#1945=EDGE_CURVE('',#1544,#1542,#88,.T.);
#1946=EDGE_CURVE('',#1545,#1543,#89,.T.);
#1947=EDGE_CURVE('',#1545,#1546,#912,.T.);
#1948=EDGE_CURVE('',#1546,#1544,#90,.T.);
#1949=EDGE_CURVE('',#1547,#1545,#91,.T.);
#1950=EDGE_CURVE('',#1547,#1548,#913,.T.);
#1951=EDGE_CURVE('',#1548,#1546,#92,.T.);
#1952=EDGE_CURVE('',#1549,#1547,#914,.T.);
#1953=EDGE_CURVE('',#1549,#1550,#915,.T.);
#1954=EDGE_CURVE('',#1550,#1548,#916,.T.);
#1955=EDGE_CURVE('',#1551,#1549,#93,.T.);
#1956=EDGE_CURVE('',#1551,#1552,#917,.T.);
#1957=EDGE_CURVE('',#1552,#1550,#94,.T.);
#1958=EDGE_CURVE('',#1553,#1551,#95,.T.);
#1959=EDGE_CURVE('',#1553,#1554,#918,.T.);
#1960=EDGE_CURVE('',#1554,#1552,#96,.T.);
#1961=EDGE_CURVE('',#1555,#1553,#97,.T.);
#1962=EDGE_CURVE('',#1555,#1556,#919,.T.);
#1963=EDGE_CURVE('',#1556,#1554,#98,.T.);
#1964=EDGE_CURVE('',#1522,#1555,#920,.T.);
#1965=EDGE_CURVE('',#1524,#1556,#921,.T.);
#1966=EDGE_CURVE('',#1557,#1558,#922,.T.);
#1967=EDGE_CURVE('',#1557,#1559,#923,.T.);
#1968=EDGE_CURVE('',#1559,#1560,#924,.T.);
#1969=EDGE_CURVE('',#1558,#1560,#925,.T.);
#1970=EDGE_CURVE('',#1561,#1557,#926,.T.);
#1971=EDGE_CURVE('',#1561,#1562,#927,.T.);
#1972=EDGE_CURVE('',#1562,#1559,#928,.T.);
#1973=EDGE_CURVE('',#1563,#1561,#929,.T.);
#1974=EDGE_CURVE('',#1563,#1564,#930,.T.);
#1975=EDGE_CURVE('',#1564,#1562,#931,.T.);
#1976=EDGE_CURVE('',#1558,#1563,#932,.T.);
#1977=EDGE_CURVE('',#1560,#1564,#933,.T.);
#1978=EDGE_CURVE('',#1565,#1566,#99,.T.);
#1979=EDGE_CURVE('',#1565,#1567,#934,.T.);
#1980=EDGE_CURVE('',#1567,#1568,#100,.T.);
#1981=EDGE_CURVE('',#1566,#1568,#935,.T.);
#1982=EDGE_CURVE('',#1569,#1565,#936,.T.);
#1983=EDGE_CURVE('',#1569,#1570,#937,.T.);
#1984=EDGE_CURVE('',#1570,#1567,#938,.T.);
#1985=EDGE_CURVE('',#1571,#1569,#101,.T.);
#1986=EDGE_CURVE('',#1571,#1572,#939,.T.);
#1987=EDGE_CURVE('',#1572,#1570,#102,.T.);
#1988=EDGE_CURVE('',#1573,#1571,#103,.T.);
#1989=EDGE_CURVE('',#1573,#1574,#940,.T.);
#1990=EDGE_CURVE('',#1574,#1572,#104,.T.);
#1991=EDGE_CURVE('',#1575,#1573,#941,.T.);
#1992=EDGE_CURVE('',#1575,#1576,#942,.T.);
#1993=EDGE_CURVE('',#1576,#1574,#943,.T.);
#1994=EDGE_CURVE('',#1577,#1575,#105,.T.);
#1995=EDGE_CURVE('',#1577,#1578,#944,.T.);
#1996=EDGE_CURVE('',#1578,#1576,#106,.T.);
#1997=EDGE_CURVE('',#1579,#1577,#107,.T.);
#1998=EDGE_CURVE('',#1579,#1580,#945,.T.);
#1999=EDGE_CURVE('',#1580,#1578,#108,.T.);
#2000=EDGE_CURVE('',#1581,#1579,#946,.T.);
#2001=EDGE_CURVE('',#1581,#1582,#947,.T.);
#2002=EDGE_CURVE('',#1582,#1580,#948,.T.);
#2003=EDGE_CURVE('',#1583,#1581,#109,.T.);
#2004=EDGE_CURVE('',#1583,#1584,#949,.T.);
#2005=EDGE_CURVE('',#1584,#1582,#110,.T.);
#2006=EDGE_CURVE('',#1585,#1583,#111,.T.);
#2007=EDGE_CURVE('',#1585,#1586,#950,.T.);
#2008=EDGE_CURVE('',#1586,#1584,#112,.T.);
#2009=EDGE_CURVE('',#1587,#1585,#951,.T.);
#2010=EDGE_CURVE('',#1587,#1588,#952,.T.);
#2011=EDGE_CURVE('',#1588,#1586,#953,.T.);
#2012=EDGE_CURVE('',#1566,#1587,#113,.T.);
#2013=EDGE_CURVE('',#1568,#1588,#114,.T.);
#2014=EDGE_CURVE('',#1589,#1590,#115,.T.);
#2015=EDGE_CURVE('',#1589,#1591,#954,.T.);
#2016=EDGE_CURVE('',#1591,#1592,#116,.T.);
#2017=EDGE_CURVE('',#1590,#1592,#955,.T.);
#2018=EDGE_CURVE('',#1593,#1589,#956,.T.);
#2019=EDGE_CURVE('',#1593,#1594,#957,.T.);
#2020=EDGE_CURVE('',#1594,#1591,#958,.T.);
#2021=EDGE_CURVE('',#1595,#1593,#117,.T.);
#2022=EDGE_CURVE('',#1595,#1596,#959,.T.);
#2023=EDGE_CURVE('',#1596,#1594,#118,.T.);
#2024=EDGE_CURVE('',#1597,#1595,#119,.T.);
#2025=EDGE_CURVE('',#1597,#1598,#960,.T.);
#2026=EDGE_CURVE('',#1598,#1596,#120,.T.);
#2027=EDGE_CURVE('',#1599,#1597,#961,.T.);
#2028=EDGE_CURVE('',#1599,#1600,#962,.T.);
#2029=EDGE_CURVE('',#1600,#1598,#963,.T.);
#2030=EDGE_CURVE('',#1601,#1599,#121,.T.);
#2031=EDGE_CURVE('',#1601,#1602,#964,.T.);
#2032=EDGE_CURVE('',#1602,#1600,#122,.T.);
#2033=EDGE_CURVE('',#1603,#1601,#123,.T.);
#2034=EDGE_CURVE('',#1603,#1604,#965,.T.);
#2035=EDGE_CURVE('',#1604,#1602,#124,.T.);
#2036=EDGE_CURVE('',#1605,#1603,#966,.T.);
#2037=EDGE_CURVE('',#1605,#1606,#967,.T.);
#2038=EDGE_CURVE('',#1606,#1604,#968,.T.);
#2039=EDGE_CURVE('',#1607,#1605,#125,.T.);
#2040=EDGE_CURVE('',#1607,#1608,#969,.T.);
#2041=EDGE_CURVE('',#1608,#1606,#126,.T.);
#2042=EDGE_CURVE('',#1609,#1607,#127,.T.);
#2043=EDGE_CURVE('',#1609,#1610,#970,.T.);
#2044=EDGE_CURVE('',#1610,#1608,#128,.T.);
#2045=EDGE_CURVE('',#1611,#1609,#971,.T.);
#2046=EDGE_CURVE('',#1611,#1612,#972,.T.);
#2047=EDGE_CURVE('',#1612,#1610,#973,.T.);
#2048=EDGE_CURVE('',#1590,#1611,#129,.T.);
#2049=EDGE_CURVE('',#1592,#1612,#130,.T.);
#2050=EDGE_CURVE('',#1613,#1614,#131,.T.);
#2051=EDGE_CURVE('',#1613,#1615,#974,.T.);
#2052=EDGE_CURVE('',#1615,#1616,#132,.T.);
#2053=EDGE_CURVE('',#1614,#1616,#975,.T.);
#2054=EDGE_CURVE('',#1617,#1613,#133,.T.);
#2055=EDGE_CURVE('',#1617,#1618,#976,.T.);
#2056=EDGE_CURVE('',#1618,#1615,#134,.T.);
#2057=EDGE_CURVE('',#1619,#1617,#135,.T.);
#2058=EDGE_CURVE('',#1619,#1620,#977,.T.);
#2059=EDGE_CURVE('',#1620,#1618,#136,.T.);
#2060=EDGE_CURVE('',#1621,#1619,#978,.T.);
#2061=EDGE_CURVE('',#1621,#1622,#979,.T.);
#2062=EDGE_CURVE('',#1622,#1620,#980,.T.);
#2063=EDGE_CURVE('',#1623,#1621,#137,.T.);
#2064=EDGE_CURVE('',#1623,#1624,#981,.T.);
#2065=EDGE_CURVE('',#1624,#1622,#138,.T.);
#2066=EDGE_CURVE('',#1625,#1623,#139,.T.);
#2067=EDGE_CURVE('',#1625,#1626,#982,.T.);
#2068=EDGE_CURVE('',#1626,#1624,#140,.T.);
#2069=EDGE_CURVE('',#1627,#1625,#141,.T.);
#2070=EDGE_CURVE('',#1627,#1628,#983,.T.);
#2071=EDGE_CURVE('',#1628,#1626,#142,.T.);
#2072=EDGE_CURVE('',#1629,#1627,#143,.T.);
#2073=EDGE_CURVE('',#1629,#1630,#984,.T.);
#2074=EDGE_CURVE('',#1630,#1628,#144,.T.);
#2075=EDGE_CURVE('',#1631,#1629,#985,.T.);
#2076=EDGE_CURVE('',#1631,#1632,#986,.T.);
#2077=EDGE_CURVE('',#1632,#1630,#987,.T.);
#2078=EDGE_CURVE('',#1633,#1631,#145,.T.);
#2079=EDGE_CURVE('',#1633,#1634,#988,.T.);
#2080=EDGE_CURVE('',#1634,#1632,#146,.T.);
#2081=EDGE_CURVE('',#1635,#1633,#147,.T.);
#2082=EDGE_CURVE('',#1635,#1636,#989,.T.);
#2083=EDGE_CURVE('',#1636,#1634,#148,.T.);
#2084=EDGE_CURVE('',#1637,#1635,#149,.T.);
#2085=EDGE_CURVE('',#1637,#1638,#990,.T.);
#2086=EDGE_CURVE('',#1638,#1636,#150,.T.);
#2087=EDGE_CURVE('',#1639,#1637,#991,.T.);
#2088=EDGE_CURVE('',#1639,#1640,#992,.T.);
#2089=EDGE_CURVE('',#1640,#1638,#993,.T.);
#2090=EDGE_CURVE('',#1641,#1639,#994,.T.);
#2091=EDGE_CURVE('',#1641,#1642,#995,.T.);
#2092=EDGE_CURVE('',#1642,#1640,#996,.T.);
#2093=EDGE_CURVE('',#1614,#1641,#997,.T.);
#2094=EDGE_CURVE('',#1616,#1642,#998,.T.);
#2095=EDGE_CURVE('',#1643,#1644,#999,.T.);
#2096=EDGE_CURVE('',#1643,#1645,#1000,.T.);
#2097=EDGE_CURVE('',#1645,#1646,#1001,.T.);
#2098=EDGE_CURVE('',#1644,#1646,#1002,.T.);
#2099=EDGE_CURVE('',#1647,#1643,#1003,.T.);
#2100=EDGE_CURVE('',#1647,#1648,#1004,.T.);
#2101=EDGE_CURVE('',#1648,#1645,#1005,.T.);
#2102=EDGE_CURVE('',#1649,#1647,#151,.T.);
#2103=EDGE_CURVE('',#1649,#1650,#1006,.T.);
#2104=EDGE_CURVE('',#1650,#1648,#152,.T.);
#2105=EDGE_CURVE('',#1651,#1649,#153,.T.);
#2106=EDGE_CURVE('',#1651,#1652,#1007,.T.);
#2107=EDGE_CURVE('',#1652,#1650,#154,.T.);
#2108=EDGE_CURVE('',#1653,#1651,#1008,.T.);
#2109=EDGE_CURVE('',#1653,#1654,#1009,.T.);
#2110=EDGE_CURVE('',#1654,#1652,#1010,.T.);
#2111=EDGE_CURVE('',#1655,#1653,#155,.T.);
#2112=EDGE_CURVE('',#1655,#1656,#1011,.T.);
#2113=EDGE_CURVE('',#1656,#1654,#156,.T.);
#2114=EDGE_CURVE('',#1657,#1655,#157,.T.);
#2115=EDGE_CURVE('',#1657,#1658,#1012,.T.);
#2116=EDGE_CURVE('',#1658,#1656,#158,.T.);
#2117=EDGE_CURVE('',#1659,#1657,#1013,.T.);
#2118=EDGE_CURVE('',#1659,#1660,#1014,.T.);
#2119=EDGE_CURVE('',#1660,#1658,#1015,.T.);
#2120=EDGE_CURVE('',#1661,#1659,#1016,.T.);
#2121=EDGE_CURVE('',#1661,#1662,#1017,.T.);
#2122=EDGE_CURVE('',#1662,#1660,#1018,.T.);
#2123=EDGE_CURVE('',#1663,#1661,#1019,.T.);
#2124=EDGE_CURVE('',#1663,#1664,#1020,.T.);
#2125=EDGE_CURVE('',#1664,#1662,#1021,.T.);
#2126=EDGE_CURVE('',#1665,#1663,#159,.T.);
#2127=EDGE_CURVE('',#1665,#1666,#1022,.T.);
#2128=EDGE_CURVE('',#1666,#1664,#160,.T.);
#2129=EDGE_CURVE('',#1667,#1665,#161,.T.);
#2130=EDGE_CURVE('',#1667,#1668,#1023,.T.);
#2131=EDGE_CURVE('',#1668,#1666,#162,.T.);
#2132=EDGE_CURVE('',#1669,#1667,#163,.T.);
#2133=EDGE_CURVE('',#1669,#1670,#1024,.T.);
#2134=EDGE_CURVE('',#1670,#1668,#164,.T.);
#2135=EDGE_CURVE('',#1671,#1669,#1025,.T.);
#2136=EDGE_CURVE('',#1671,#1672,#1026,.T.);
#2137=EDGE_CURVE('',#1672,#1670,#1027,.T.);
#2138=EDGE_CURVE('',#1673,#1671,#165,.T.);
#2139=EDGE_CURVE('',#1673,#1674,#1028,.T.);
#2140=EDGE_CURVE('',#1674,#1672,#166,.T.);
#2141=EDGE_CURVE('',#1675,#1673,#167,.T.);
#2142=EDGE_CURVE('',#1675,#1676,#1029,.T.);
#2143=EDGE_CURVE('',#1676,#1674,#168,.T.);
#2144=EDGE_CURVE('',#1677,#1675,#169,.T.);
#2145=EDGE_CURVE('',#1677,#1678,#1030,.T.);
#2146=EDGE_CURVE('',#1678,#1676,#170,.T.);
#2147=EDGE_CURVE('',#1644,#1677,#1031,.T.);
#2148=EDGE_CURVE('',#1646,#1678,#1032,.T.);
#2149=EDGE_CURVE('',#1679,#1680,#1033,.T.);
#2150=EDGE_CURVE('',#1681,#1679,#245,.T.);
#2151=EDGE_CURVE('',#1682,#1681,#1034,.T.);
#2152=EDGE_CURVE('',#1682,#1680,#246,.T.);
#2153=EDGE_CURVE('',#1683,#1682,#1035,.T.);
#2154=EDGE_CURVE('',#1680,#1683,#1036,.T.);
#2155=EDGE_CURVE('',#1684,#1684,#247,.T.);
#2156=EDGE_CURVE('',#1685,#1683,#1037,.T.);
#2157=EDGE_CURVE('',#1685,#1686,#1038,.T.);
#2158=EDGE_CURVE('',#1686,#1687,#1039,.T.);
#2159=EDGE_CURVE('',#1679,#1687,#1040,.T.);
#2160=EDGE_CURVE('',#1688,#1681,#1041,.T.);
#2161=EDGE_CURVE('',#1689,#1688,#1042,.T.);
#2162=EDGE_CURVE('',#1689,#1685,#1043,.T.);
#2163=EDGE_CURVE('',#1687,#1690,#1044,.T.);
#2164=EDGE_CURVE('',#1690,#1688,#1045,.T.);
#2165=EDGE_CURVE('',#1691,#1691,#248,.T.);
#2166=EDGE_CURVE('',#1692,#1692,#249,.T.);
#2167=EDGE_CURVE('',#1693,#1693,#250,.T.);
#2168=EDGE_CURVE('',#1691,#1694,#1046,.T.);
#2169=EDGE_CURVE('',#1694,#1694,#251,.T.);
#2170=EDGE_CURVE('',#1695,#1695,#252,.T.);
#2171=EDGE_CURVE('',#1692,#1696,#1047,.T.);
#2172=EDGE_CURVE('',#1696,#1696,#253,.T.);
#2173=EDGE_CURVE('',#1697,#1697,#254,.T.);
#2174=EDGE_CURVE('',#1693,#1698,#1048,.T.);
#2175=EDGE_CURVE('',#1698,#1698,#255,.T.);
#2176=EDGE_CURVE('',#1699,#1699,#256,.T.);
#2177=EDGE_CURVE('',#1695,#1700,#1049,.T.);
#2178=EDGE_CURVE('',#1700,#1700,#257,.T.);
#2179=EDGE_CURVE('',#1684,#1701,#1050,.T.);
#2180=EDGE_CURVE('',#1701,#1701,#258,.T.);
#2181=EDGE_CURVE('',#1699,#1702,#1051,.T.);
#2182=EDGE_CURVE('',#1702,#1702,#259,.T.);
#2183=EDGE_CURVE('',#1697,#1703,#1052,.T.);
#2184=EDGE_CURVE('',#1703,#1703,#260,.T.);
#2185=EDGE_CURVE('',#1704,#1689,#1053,.T.);
#2186=EDGE_CURVE('',#1704,#1690,#1054,.T.);
#2187=EDGE_CURVE('',#1704,#1686,#1055,.T.);
#2188=ORIENTED_EDGE('',*,*,#1705,.F.);
#2189=ORIENTED_EDGE('',*,*,#1706,.T.);
#2190=ORIENTED_EDGE('',*,*,#1707,.T.);
#2191=ORIENTED_EDGE('',*,*,#1708,.F.);
#2192=ORIENTED_EDGE('',*,*,#1709,.F.);
#2193=ORIENTED_EDGE('',*,*,#1710,.T.);
#2194=ORIENTED_EDGE('',*,*,#1711,.T.);
#2195=ORIENTED_EDGE('',*,*,#1706,.F.);
#2196=ORIENTED_EDGE('',*,*,#1712,.F.);
#2197=ORIENTED_EDGE('',*,*,#1713,.T.);
#2198=ORIENTED_EDGE('',*,*,#1714,.T.);
#2199=ORIENTED_EDGE('',*,*,#1710,.F.);
#2200=ORIENTED_EDGE('',*,*,#1715,.F.);
#2201=ORIENTED_EDGE('',*,*,#1716,.T.);
#2202=ORIENTED_EDGE('',*,*,#1717,.T.);
#2203=ORIENTED_EDGE('',*,*,#1713,.F.);
#2204=ORIENTED_EDGE('',*,*,#1718,.F.);
#2205=ORIENTED_EDGE('',*,*,#1719,.T.);
#2206=ORIENTED_EDGE('',*,*,#1720,.T.);
#2207=ORIENTED_EDGE('',*,*,#1716,.F.);
#2208=ORIENTED_EDGE('',*,*,#1721,.F.);
#2209=ORIENTED_EDGE('',*,*,#1708,.T.);
#2210=ORIENTED_EDGE('',*,*,#1722,.T.);
#2211=ORIENTED_EDGE('',*,*,#1719,.F.);
#2212=ORIENTED_EDGE('',*,*,#1722,.F.);
#2213=ORIENTED_EDGE('',*,*,#1707,.F.);
#2214=ORIENTED_EDGE('',*,*,#1711,.F.);
#2215=ORIENTED_EDGE('',*,*,#1714,.F.);
#2216=ORIENTED_EDGE('',*,*,#1717,.F.);
#2217=ORIENTED_EDGE('',*,*,#1720,.F.);
#2218=ORIENTED_EDGE('',*,*,#1723,.F.);
#2219=ORIENTED_EDGE('',*,*,#1724,.T.);
#2220=ORIENTED_EDGE('',*,*,#1725,.T.);
#2221=ORIENTED_EDGE('',*,*,#1726,.F.);
#2222=ORIENTED_EDGE('',*,*,#1727,.F.);
#2223=ORIENTED_EDGE('',*,*,#1728,.T.);
#2224=ORIENTED_EDGE('',*,*,#1729,.T.);
#2225=ORIENTED_EDGE('',*,*,#1724,.F.);
#2226=ORIENTED_EDGE('',*,*,#1730,.F.);
#2227=ORIENTED_EDGE('',*,*,#1731,.T.);
#2228=ORIENTED_EDGE('',*,*,#1732,.T.);
#2229=ORIENTED_EDGE('',*,*,#1728,.F.);
#2230=ORIENTED_EDGE('',*,*,#1733,.F.);
#2231=ORIENTED_EDGE('',*,*,#1734,.T.);
#2232=ORIENTED_EDGE('',*,*,#1735,.T.);
#2233=ORIENTED_EDGE('',*,*,#1731,.F.);
#2234=ORIENTED_EDGE('',*,*,#1736,.F.);
#2235=ORIENTED_EDGE('',*,*,#1737,.T.);
#2236=ORIENTED_EDGE('',*,*,#1738,.T.);
#2237=ORIENTED_EDGE('',*,*,#1734,.F.);
#2238=ORIENTED_EDGE('',*,*,#1739,.F.);
#2239=ORIENTED_EDGE('',*,*,#1726,.T.);
#2240=ORIENTED_EDGE('',*,*,#1740,.T.);
#2241=ORIENTED_EDGE('',*,*,#1737,.F.);
#2242=ORIENTED_EDGE('',*,*,#1740,.F.);
#2243=ORIENTED_EDGE('',*,*,#1725,.F.);
#2244=ORIENTED_EDGE('',*,*,#1729,.F.);
#2245=ORIENTED_EDGE('',*,*,#1732,.F.);
#2246=ORIENTED_EDGE('',*,*,#1735,.F.);
#2247=ORIENTED_EDGE('',*,*,#1738,.F.);
#2248=ORIENTED_EDGE('',*,*,#1741,.F.);
#2249=ORIENTED_EDGE('',*,*,#1742,.T.);
#2250=ORIENTED_EDGE('',*,*,#1743,.T.);
#2251=ORIENTED_EDGE('',*,*,#1744,.F.);
#2252=ORIENTED_EDGE('',*,*,#1745,.F.);
#2253=ORIENTED_EDGE('',*,*,#1746,.T.);
#2254=ORIENTED_EDGE('',*,*,#1747,.T.);
#2255=ORIENTED_EDGE('',*,*,#1742,.F.);
#2256=ORIENTED_EDGE('',*,*,#1748,.F.);
#2257=ORIENTED_EDGE('',*,*,#1749,.T.);
#2258=ORIENTED_EDGE('',*,*,#1750,.T.);
#2259=ORIENTED_EDGE('',*,*,#1746,.F.);
#2260=ORIENTED_EDGE('',*,*,#1751,.F.);
#2261=ORIENTED_EDGE('',*,*,#1752,.T.);
#2262=ORIENTED_EDGE('',*,*,#1753,.T.);
#2263=ORIENTED_EDGE('',*,*,#1749,.F.);
#2264=ORIENTED_EDGE('',*,*,#1754,.F.);
#2265=ORIENTED_EDGE('',*,*,#1755,.T.);
#2266=ORIENTED_EDGE('',*,*,#1756,.T.);
#2267=ORIENTED_EDGE('',*,*,#1752,.F.);
#2268=ORIENTED_EDGE('',*,*,#1757,.F.);
#2269=ORIENTED_EDGE('',*,*,#1758,.T.);
#2270=ORIENTED_EDGE('',*,*,#1759,.T.);
#2271=ORIENTED_EDGE('',*,*,#1755,.F.);
#2272=ORIENTED_EDGE('',*,*,#1760,.F.);
#2273=ORIENTED_EDGE('',*,*,#1761,.T.);
#2274=ORIENTED_EDGE('',*,*,#1762,.T.);
#2275=ORIENTED_EDGE('',*,*,#1758,.F.);
#2276=ORIENTED_EDGE('',*,*,#1763,.F.);
#2277=ORIENTED_EDGE('',*,*,#1744,.T.);
#2278=ORIENTED_EDGE('',*,*,#1764,.T.);
#2279=ORIENTED_EDGE('',*,*,#1761,.F.);
#2280=ORIENTED_EDGE('',*,*,#1764,.F.);
#2281=ORIENTED_EDGE('',*,*,#1743,.F.);
#2282=ORIENTED_EDGE('',*,*,#1747,.F.);
#2283=ORIENTED_EDGE('',*,*,#1750,.F.);
#2284=ORIENTED_EDGE('',*,*,#1753,.F.);
#2285=ORIENTED_EDGE('',*,*,#1756,.F.);
#2286=ORIENTED_EDGE('',*,*,#1759,.F.);
#2287=ORIENTED_EDGE('',*,*,#1762,.F.);
#2288=ORIENTED_EDGE('',*,*,#1765,.F.);
#2289=ORIENTED_EDGE('',*,*,#1766,.T.);
#2290=ORIENTED_EDGE('',*,*,#1767,.T.);
#2291=ORIENTED_EDGE('',*,*,#1768,.F.);
#2292=ORIENTED_EDGE('',*,*,#1769,.F.);
#2293=ORIENTED_EDGE('',*,*,#1770,.T.);
#2294=ORIENTED_EDGE('',*,*,#1771,.T.);
#2295=ORIENTED_EDGE('',*,*,#1766,.F.);
#2296=ORIENTED_EDGE('',*,*,#1772,.F.);
#2297=ORIENTED_EDGE('',*,*,#1773,.T.);
#2298=ORIENTED_EDGE('',*,*,#1774,.T.);
#2299=ORIENTED_EDGE('',*,*,#1770,.F.);
#2300=ORIENTED_EDGE('',*,*,#1775,.F.);
#2301=ORIENTED_EDGE('',*,*,#1776,.T.);
#2302=ORIENTED_EDGE('',*,*,#1777,.T.);
#2303=ORIENTED_EDGE('',*,*,#1773,.F.);
#2304=ORIENTED_EDGE('',*,*,#1778,.F.);
#2305=ORIENTED_EDGE('',*,*,#1779,.T.);
#2306=ORIENTED_EDGE('',*,*,#1780,.T.);
#2307=ORIENTED_EDGE('',*,*,#1776,.F.);
#2308=ORIENTED_EDGE('',*,*,#1781,.F.);
#2309=ORIENTED_EDGE('',*,*,#1768,.T.);
#2310=ORIENTED_EDGE('',*,*,#1782,.T.);
#2311=ORIENTED_EDGE('',*,*,#1779,.F.);
#2312=ORIENTED_EDGE('',*,*,#1782,.F.);
#2313=ORIENTED_EDGE('',*,*,#1767,.F.);
#2314=ORIENTED_EDGE('',*,*,#1771,.F.);
#2315=ORIENTED_EDGE('',*,*,#1774,.F.);
#2316=ORIENTED_EDGE('',*,*,#1777,.F.);
#2317=ORIENTED_EDGE('',*,*,#1780,.F.);
#2318=ORIENTED_EDGE('',*,*,#1783,.F.);
#2319=ORIENTED_EDGE('',*,*,#1784,.T.);
#2320=ORIENTED_EDGE('',*,*,#1785,.T.);
#2321=ORIENTED_EDGE('',*,*,#1786,.F.);
#2322=ORIENTED_EDGE('',*,*,#1787,.F.);
#2323=ORIENTED_EDGE('',*,*,#1788,.T.);
#2324=ORIENTED_EDGE('',*,*,#1789,.T.);
#2325=ORIENTED_EDGE('',*,*,#1784,.F.);
#2326=ORIENTED_EDGE('',*,*,#1790,.F.);
#2327=ORIENTED_EDGE('',*,*,#1791,.T.);
#2328=ORIENTED_EDGE('',*,*,#1792,.T.);
#2329=ORIENTED_EDGE('',*,*,#1788,.F.);
#2330=ORIENTED_EDGE('',*,*,#1793,.F.);
#2331=ORIENTED_EDGE('',*,*,#1794,.T.);
#2332=ORIENTED_EDGE('',*,*,#1795,.T.);
#2333=ORIENTED_EDGE('',*,*,#1791,.F.);
#2334=ORIENTED_EDGE('',*,*,#1796,.F.);
#2335=ORIENTED_EDGE('',*,*,#1797,.T.);
#2336=ORIENTED_EDGE('',*,*,#1798,.T.);
#2337=ORIENTED_EDGE('',*,*,#1794,.F.);
#2338=ORIENTED_EDGE('',*,*,#1799,.F.);
#2339=ORIENTED_EDGE('',*,*,#1800,.T.);
#2340=ORIENTED_EDGE('',*,*,#1801,.T.);
#2341=ORIENTED_EDGE('',*,*,#1797,.F.);
#2342=ORIENTED_EDGE('',*,*,#1802,.F.);
#2343=ORIENTED_EDGE('',*,*,#1803,.T.);
#2344=ORIENTED_EDGE('',*,*,#1804,.T.);
#2345=ORIENTED_EDGE('',*,*,#1800,.F.);
#2346=ORIENTED_EDGE('',*,*,#1805,.F.);
#2347=ORIENTED_EDGE('',*,*,#1806,.T.);
#2348=ORIENTED_EDGE('',*,*,#1807,.T.);
#2349=ORIENTED_EDGE('',*,*,#1803,.F.);
#2350=ORIENTED_EDGE('',*,*,#1808,.F.);
#2351=ORIENTED_EDGE('',*,*,#1809,.T.);
#2352=ORIENTED_EDGE('',*,*,#1810,.T.);
#2353=ORIENTED_EDGE('',*,*,#1806,.F.);
#2354=ORIENTED_EDGE('',*,*,#1811,.F.);
#2355=ORIENTED_EDGE('',*,*,#1812,.T.);
#2356=ORIENTED_EDGE('',*,*,#1813,.T.);
#2357=ORIENTED_EDGE('',*,*,#1809,.F.);
#2358=ORIENTED_EDGE('',*,*,#1814,.F.);
#2359=ORIENTED_EDGE('',*,*,#1815,.T.);
#2360=ORIENTED_EDGE('',*,*,#1816,.T.);
#2361=ORIENTED_EDGE('',*,*,#1812,.F.);
#2362=ORIENTED_EDGE('',*,*,#1817,.F.);
#2363=ORIENTED_EDGE('',*,*,#1818,.T.);
#2364=ORIENTED_EDGE('',*,*,#1819,.T.);
#2365=ORIENTED_EDGE('',*,*,#1815,.F.);
#2366=ORIENTED_EDGE('',*,*,#1820,.F.);
#2367=ORIENTED_EDGE('',*,*,#1821,.T.);
#2368=ORIENTED_EDGE('',*,*,#1822,.T.);
#2369=ORIENTED_EDGE('',*,*,#1818,.F.);
#2370=ORIENTED_EDGE('',*,*,#1823,.F.);
#2371=ORIENTED_EDGE('',*,*,#1824,.T.);
#2372=ORIENTED_EDGE('',*,*,#1825,.T.);
#2373=ORIENTED_EDGE('',*,*,#1821,.F.);
#2374=ORIENTED_EDGE('',*,*,#1826,.F.);
#2375=ORIENTED_EDGE('',*,*,#1827,.T.);
#2376=ORIENTED_EDGE('',*,*,#1828,.T.);
#2377=ORIENTED_EDGE('',*,*,#1824,.F.);
#2378=ORIENTED_EDGE('',*,*,#1829,.F.);
#2379=ORIENTED_EDGE('',*,*,#1830,.T.);
#2380=ORIENTED_EDGE('',*,*,#1831,.T.);
#2381=ORIENTED_EDGE('',*,*,#1827,.F.);
#2382=ORIENTED_EDGE('',*,*,#1832,.F.);
#2383=ORIENTED_EDGE('',*,*,#1833,.T.);
#2384=ORIENTED_EDGE('',*,*,#1834,.T.);
#2385=ORIENTED_EDGE('',*,*,#1830,.F.);
#2386=ORIENTED_EDGE('',*,*,#1835,.F.);
#2387=ORIENTED_EDGE('',*,*,#1786,.T.);
#2388=ORIENTED_EDGE('',*,*,#1836,.T.);
#2389=ORIENTED_EDGE('',*,*,#1833,.F.);
#2390=ORIENTED_EDGE('',*,*,#1836,.F.);
#2391=ORIENTED_EDGE('',*,*,#1785,.F.);
#2392=ORIENTED_EDGE('',*,*,#1789,.F.);
#2393=ORIENTED_EDGE('',*,*,#1792,.F.);
#2394=ORIENTED_EDGE('',*,*,#1795,.F.);
#2395=ORIENTED_EDGE('',*,*,#1798,.F.);
#2396=ORIENTED_EDGE('',*,*,#1801,.F.);
#2397=ORIENTED_EDGE('',*,*,#1804,.F.);
#2398=ORIENTED_EDGE('',*,*,#1807,.F.);
#2399=ORIENTED_EDGE('',*,*,#1810,.F.);
#2400=ORIENTED_EDGE('',*,*,#1813,.F.);
#2401=ORIENTED_EDGE('',*,*,#1816,.F.);
#2402=ORIENTED_EDGE('',*,*,#1819,.F.);
#2403=ORIENTED_EDGE('',*,*,#1822,.F.);
#2404=ORIENTED_EDGE('',*,*,#1825,.F.);
#2405=ORIENTED_EDGE('',*,*,#1828,.F.);
#2406=ORIENTED_EDGE('',*,*,#1831,.F.);
#2407=ORIENTED_EDGE('',*,*,#1834,.F.);
#2408=ORIENTED_EDGE('',*,*,#1837,.F.);
#2409=ORIENTED_EDGE('',*,*,#1838,.T.);
#2410=ORIENTED_EDGE('',*,*,#1839,.T.);
#2411=ORIENTED_EDGE('',*,*,#1840,.F.);
#2412=ORIENTED_EDGE('',*,*,#1841,.F.);
#2413=ORIENTED_EDGE('',*,*,#1842,.T.);
#2414=ORIENTED_EDGE('',*,*,#1843,.T.);
#2415=ORIENTED_EDGE('',*,*,#1838,.F.);
#2416=ORIENTED_EDGE('',*,*,#1844,.F.);
#2417=ORIENTED_EDGE('',*,*,#1845,.T.);
#2418=ORIENTED_EDGE('',*,*,#1846,.T.);
#2419=ORIENTED_EDGE('',*,*,#1842,.F.);
#2420=ORIENTED_EDGE('',*,*,#1847,.F.);
#2421=ORIENTED_EDGE('',*,*,#1848,.T.);
#2422=ORIENTED_EDGE('',*,*,#1849,.T.);
#2423=ORIENTED_EDGE('',*,*,#1845,.F.);
#2424=ORIENTED_EDGE('',*,*,#1850,.F.);
#2425=ORIENTED_EDGE('',*,*,#1851,.T.);
#2426=ORIENTED_EDGE('',*,*,#1852,.T.);
#2427=ORIENTED_EDGE('',*,*,#1848,.F.);
#2428=ORIENTED_EDGE('',*,*,#1853,.F.);
#2429=ORIENTED_EDGE('',*,*,#1854,.T.);
#2430=ORIENTED_EDGE('',*,*,#1855,.T.);
#2431=ORIENTED_EDGE('',*,*,#1851,.F.);
#2432=ORIENTED_EDGE('',*,*,#1856,.F.);
#2433=ORIENTED_EDGE('',*,*,#1840,.T.);
#2434=ORIENTED_EDGE('',*,*,#1857,.T.);
#2435=ORIENTED_EDGE('',*,*,#1854,.F.);
#2436=ORIENTED_EDGE('',*,*,#1857,.F.);
#2437=ORIENTED_EDGE('',*,*,#1839,.F.);
#2438=ORIENTED_EDGE('',*,*,#1843,.F.);
#2439=ORIENTED_EDGE('',*,*,#1846,.F.);
#2440=ORIENTED_EDGE('',*,*,#1849,.F.);
#2441=ORIENTED_EDGE('',*,*,#1852,.F.);
#2442=ORIENTED_EDGE('',*,*,#1855,.F.);
#2443=ORIENTED_EDGE('',*,*,#1858,.F.);
#2444=ORIENTED_EDGE('',*,*,#1859,.T.);
#2445=ORIENTED_EDGE('',*,*,#1860,.T.);
#2446=ORIENTED_EDGE('',*,*,#1861,.F.);
#2447=ORIENTED_EDGE('',*,*,#1862,.F.);
#2448=ORIENTED_EDGE('',*,*,#1863,.T.);
#2449=ORIENTED_EDGE('',*,*,#1864,.T.);
#2450=ORIENTED_EDGE('',*,*,#1859,.F.);
#2451=ORIENTED_EDGE('',*,*,#1865,.F.);
#2452=ORIENTED_EDGE('',*,*,#1866,.T.);
#2453=ORIENTED_EDGE('',*,*,#1867,.T.);
#2454=ORIENTED_EDGE('',*,*,#1863,.F.);
#2455=ORIENTED_EDGE('',*,*,#1868,.F.);
#2456=ORIENTED_EDGE('',*,*,#1869,.T.);
#2457=ORIENTED_EDGE('',*,*,#1870,.T.);
#2458=ORIENTED_EDGE('',*,*,#1866,.F.);
#2459=ORIENTED_EDGE('',*,*,#1871,.F.);
#2460=ORIENTED_EDGE('',*,*,#1872,.T.);
#2461=ORIENTED_EDGE('',*,*,#1873,.T.);
#2462=ORIENTED_EDGE('',*,*,#1869,.F.);
#2463=ORIENTED_EDGE('',*,*,#1874,.F.);
#2464=ORIENTED_EDGE('',*,*,#1875,.T.);
#2465=ORIENTED_EDGE('',*,*,#1876,.T.);
#2466=ORIENTED_EDGE('',*,*,#1872,.F.);
#2467=ORIENTED_EDGE('',*,*,#1877,.F.);
#2468=ORIENTED_EDGE('',*,*,#1878,.T.);
#2469=ORIENTED_EDGE('',*,*,#1879,.T.);
#2470=ORIENTED_EDGE('',*,*,#1875,.F.);
#2471=ORIENTED_EDGE('',*,*,#1880,.F.);
#2472=ORIENTED_EDGE('',*,*,#1881,.T.);
#2473=ORIENTED_EDGE('',*,*,#1882,.T.);
#2474=ORIENTED_EDGE('',*,*,#1878,.F.);
#2475=ORIENTED_EDGE('',*,*,#1883,.F.);
#2476=ORIENTED_EDGE('',*,*,#1884,.T.);
#2477=ORIENTED_EDGE('',*,*,#1885,.T.);
#2478=ORIENTED_EDGE('',*,*,#1881,.F.);
#2479=ORIENTED_EDGE('',*,*,#1886,.F.);
#2480=ORIENTED_EDGE('',*,*,#1887,.T.);
#2481=ORIENTED_EDGE('',*,*,#1888,.T.);
#2482=ORIENTED_EDGE('',*,*,#1884,.F.);
#2483=ORIENTED_EDGE('',*,*,#1889,.F.);
#2484=ORIENTED_EDGE('',*,*,#1890,.T.);
#2485=ORIENTED_EDGE('',*,*,#1891,.T.);
#2486=ORIENTED_EDGE('',*,*,#1887,.F.);
#2487=ORIENTED_EDGE('',*,*,#1892,.F.);
#2488=ORIENTED_EDGE('',*,*,#1893,.T.);
#2489=ORIENTED_EDGE('',*,*,#1894,.T.);
#2490=ORIENTED_EDGE('',*,*,#1890,.F.);
#2491=ORIENTED_EDGE('',*,*,#1895,.F.);
#2492=ORIENTED_EDGE('',*,*,#1896,.T.);
#2493=ORIENTED_EDGE('',*,*,#1897,.T.);
#2494=ORIENTED_EDGE('',*,*,#1893,.F.);
#2495=ORIENTED_EDGE('',*,*,#1898,.F.);
#2496=ORIENTED_EDGE('',*,*,#1899,.T.);
#2497=ORIENTED_EDGE('',*,*,#1900,.T.);
#2498=ORIENTED_EDGE('',*,*,#1896,.F.);
#2499=ORIENTED_EDGE('',*,*,#1901,.F.);
#2500=ORIENTED_EDGE('',*,*,#1902,.T.);
#2501=ORIENTED_EDGE('',*,*,#1903,.T.);
#2502=ORIENTED_EDGE('',*,*,#1899,.F.);
#2503=ORIENTED_EDGE('',*,*,#1904,.F.);
#2504=ORIENTED_EDGE('',*,*,#1905,.T.);
#2505=ORIENTED_EDGE('',*,*,#1906,.T.);
#2506=ORIENTED_EDGE('',*,*,#1902,.F.);
#2507=ORIENTED_EDGE('',*,*,#1907,.F.);
#2508=ORIENTED_EDGE('',*,*,#1908,.T.);
#2509=ORIENTED_EDGE('',*,*,#1909,.T.);
#2510=ORIENTED_EDGE('',*,*,#1905,.F.);
#2511=ORIENTED_EDGE('',*,*,#1910,.F.);
#2512=ORIENTED_EDGE('',*,*,#1861,.T.);
#2513=ORIENTED_EDGE('',*,*,#1911,.T.);
#2514=ORIENTED_EDGE('',*,*,#1908,.F.);
#2515=ORIENTED_EDGE('',*,*,#1911,.F.);
#2516=ORIENTED_EDGE('',*,*,#1860,.F.);
#2517=ORIENTED_EDGE('',*,*,#1864,.F.);
#2518=ORIENTED_EDGE('',*,*,#1867,.F.);
#2519=ORIENTED_EDGE('',*,*,#1870,.F.);
#2520=ORIENTED_EDGE('',*,*,#1873,.F.);
#2521=ORIENTED_EDGE('',*,*,#1876,.F.);
#2522=ORIENTED_EDGE('',*,*,#1879,.F.);
#2523=ORIENTED_EDGE('',*,*,#1882,.F.);
#2524=ORIENTED_EDGE('',*,*,#1885,.F.);
#2525=ORIENTED_EDGE('',*,*,#1888,.F.);
#2526=ORIENTED_EDGE('',*,*,#1891,.F.);
#2527=ORIENTED_EDGE('',*,*,#1894,.F.);
#2528=ORIENTED_EDGE('',*,*,#1897,.F.);
#2529=ORIENTED_EDGE('',*,*,#1900,.F.);
#2530=ORIENTED_EDGE('',*,*,#1903,.F.);
#2531=ORIENTED_EDGE('',*,*,#1906,.F.);
#2532=ORIENTED_EDGE('',*,*,#1909,.F.);
#2533=ORIENTED_EDGE('',*,*,#1912,.F.);
#2534=ORIENTED_EDGE('',*,*,#1913,.T.);
#2535=ORIENTED_EDGE('',*,*,#1914,.T.);
#2536=ORIENTED_EDGE('',*,*,#1915,.F.);
#2537=ORIENTED_EDGE('',*,*,#1916,.F.);
#2538=ORIENTED_EDGE('',*,*,#1917,.T.);
#2539=ORIENTED_EDGE('',*,*,#1918,.T.);
#2540=ORIENTED_EDGE('',*,*,#1913,.F.);
#2541=ORIENTED_EDGE('',*,*,#1919,.F.);
#2542=ORIENTED_EDGE('',*,*,#1920,.T.);
#2543=ORIENTED_EDGE('',*,*,#1921,.T.);
#2544=ORIENTED_EDGE('',*,*,#1917,.F.);
#2545=ORIENTED_EDGE('',*,*,#1922,.F.);
#2546=ORIENTED_EDGE('',*,*,#1923,.T.);
#2547=ORIENTED_EDGE('',*,*,#1924,.T.);
#2548=ORIENTED_EDGE('',*,*,#1920,.F.);
#2549=ORIENTED_EDGE('',*,*,#1925,.F.);
#2550=ORIENTED_EDGE('',*,*,#1926,.T.);
#2551=ORIENTED_EDGE('',*,*,#1927,.T.);
#2552=ORIENTED_EDGE('',*,*,#1923,.F.);
#2553=ORIENTED_EDGE('',*,*,#1928,.F.);
#2554=ORIENTED_EDGE('',*,*,#1929,.T.);
#2555=ORIENTED_EDGE('',*,*,#1930,.T.);
#2556=ORIENTED_EDGE('',*,*,#1926,.F.);
#2557=ORIENTED_EDGE('',*,*,#1931,.F.);
#2558=ORIENTED_EDGE('',*,*,#1932,.T.);
#2559=ORIENTED_EDGE('',*,*,#1933,.T.);
#2560=ORIENTED_EDGE('',*,*,#1929,.F.);
#2561=ORIENTED_EDGE('',*,*,#1934,.F.);
#2562=ORIENTED_EDGE('',*,*,#1935,.T.);
#2563=ORIENTED_EDGE('',*,*,#1936,.T.);
#2564=ORIENTED_EDGE('',*,*,#1932,.F.);
#2565=ORIENTED_EDGE('',*,*,#1937,.F.);
#2566=ORIENTED_EDGE('',*,*,#1938,.T.);
#2567=ORIENTED_EDGE('',*,*,#1939,.T.);
#2568=ORIENTED_EDGE('',*,*,#1935,.F.);
#2569=ORIENTED_EDGE('',*,*,#1940,.F.);
#2570=ORIENTED_EDGE('',*,*,#1941,.T.);
#2571=ORIENTED_EDGE('',*,*,#1942,.T.);
#2572=ORIENTED_EDGE('',*,*,#1938,.F.);
#2573=ORIENTED_EDGE('',*,*,#1943,.F.);
#2574=ORIENTED_EDGE('',*,*,#1944,.T.);
#2575=ORIENTED_EDGE('',*,*,#1945,.T.);
#2576=ORIENTED_EDGE('',*,*,#1941,.F.);
#2577=ORIENTED_EDGE('',*,*,#1946,.F.);
#2578=ORIENTED_EDGE('',*,*,#1947,.T.);
#2579=ORIENTED_EDGE('',*,*,#1948,.T.);
#2580=ORIENTED_EDGE('',*,*,#1944,.F.);
#2581=ORIENTED_EDGE('',*,*,#1949,.F.);
#2582=ORIENTED_EDGE('',*,*,#1950,.T.);
#2583=ORIENTED_EDGE('',*,*,#1951,.T.);
#2584=ORIENTED_EDGE('',*,*,#1947,.F.);
#2585=ORIENTED_EDGE('',*,*,#1952,.F.);
#2586=ORIENTED_EDGE('',*,*,#1953,.T.);
#2587=ORIENTED_EDGE('',*,*,#1954,.T.);
#2588=ORIENTED_EDGE('',*,*,#1950,.F.);
#2589=ORIENTED_EDGE('',*,*,#1955,.F.);
#2590=ORIENTED_EDGE('',*,*,#1956,.T.);
#2591=ORIENTED_EDGE('',*,*,#1957,.T.);
#2592=ORIENTED_EDGE('',*,*,#1953,.F.);
#2593=ORIENTED_EDGE('',*,*,#1958,.F.);
#2594=ORIENTED_EDGE('',*,*,#1959,.T.);
#2595=ORIENTED_EDGE('',*,*,#1960,.T.);
#2596=ORIENTED_EDGE('',*,*,#1956,.F.);
#2597=ORIENTED_EDGE('',*,*,#1961,.F.);
#2598=ORIENTED_EDGE('',*,*,#1962,.T.);
#2599=ORIENTED_EDGE('',*,*,#1963,.T.);
#2600=ORIENTED_EDGE('',*,*,#1959,.F.);
#2601=ORIENTED_EDGE('',*,*,#1964,.F.);
#2602=ORIENTED_EDGE('',*,*,#1915,.T.);
#2603=ORIENTED_EDGE('',*,*,#1965,.T.);
#2604=ORIENTED_EDGE('',*,*,#1962,.F.);
#2605=ORIENTED_EDGE('',*,*,#1965,.F.);
#2606=ORIENTED_EDGE('',*,*,#1914,.F.);
#2607=ORIENTED_EDGE('',*,*,#1918,.F.);
#2608=ORIENTED_EDGE('',*,*,#1921,.F.);
#2609=ORIENTED_EDGE('',*,*,#1924,.F.);
#2610=ORIENTED_EDGE('',*,*,#1927,.F.);
#2611=ORIENTED_EDGE('',*,*,#1930,.F.);
#2612=ORIENTED_EDGE('',*,*,#1933,.F.);
#2613=ORIENTED_EDGE('',*,*,#1936,.F.);
#2614=ORIENTED_EDGE('',*,*,#1939,.F.);
#2615=ORIENTED_EDGE('',*,*,#1942,.F.);
#2616=ORIENTED_EDGE('',*,*,#1945,.F.);
#2617=ORIENTED_EDGE('',*,*,#1948,.F.);
#2618=ORIENTED_EDGE('',*,*,#1951,.F.);
#2619=ORIENTED_EDGE('',*,*,#1954,.F.);
#2620=ORIENTED_EDGE('',*,*,#1957,.F.);
#2621=ORIENTED_EDGE('',*,*,#1960,.F.);
#2622=ORIENTED_EDGE('',*,*,#1963,.F.);
#2623=ORIENTED_EDGE('',*,*,#1966,.F.);
#2624=ORIENTED_EDGE('',*,*,#1967,.T.);
#2625=ORIENTED_EDGE('',*,*,#1968,.T.);
#2626=ORIENTED_EDGE('',*,*,#1969,.F.);
#2627=ORIENTED_EDGE('',*,*,#1970,.F.);
#2628=ORIENTED_EDGE('',*,*,#1971,.T.);
#2629=ORIENTED_EDGE('',*,*,#1972,.T.);
#2630=ORIENTED_EDGE('',*,*,#1967,.F.);
#2631=ORIENTED_EDGE('',*,*,#1973,.F.);
#2632=ORIENTED_EDGE('',*,*,#1974,.T.);
#2633=ORIENTED_EDGE('',*,*,#1975,.T.);
#2634=ORIENTED_EDGE('',*,*,#1971,.F.);
#2635=ORIENTED_EDGE('',*,*,#1976,.F.);
#2636=ORIENTED_EDGE('',*,*,#1969,.T.);
#2637=ORIENTED_EDGE('',*,*,#1977,.T.);
#2638=ORIENTED_EDGE('',*,*,#1974,.F.);
#2639=ORIENTED_EDGE('',*,*,#1977,.F.);
#2640=ORIENTED_EDGE('',*,*,#1968,.F.);
#2641=ORIENTED_EDGE('',*,*,#1972,.F.);
#2642=ORIENTED_EDGE('',*,*,#1975,.F.);
#2643=ORIENTED_EDGE('',*,*,#1978,.F.);
#2644=ORIENTED_EDGE('',*,*,#1979,.T.);
#2645=ORIENTED_EDGE('',*,*,#1980,.T.);
#2646=ORIENTED_EDGE('',*,*,#1981,.F.);
#2647=ORIENTED_EDGE('',*,*,#1982,.F.);
#2648=ORIENTED_EDGE('',*,*,#1983,.T.);
#2649=ORIENTED_EDGE('',*,*,#1984,.T.);
#2650=ORIENTED_EDGE('',*,*,#1979,.F.);
#2651=ORIENTED_EDGE('',*,*,#1985,.F.);
#2652=ORIENTED_EDGE('',*,*,#1986,.T.);
#2653=ORIENTED_EDGE('',*,*,#1987,.T.);
#2654=ORIENTED_EDGE('',*,*,#1983,.F.);
#2655=ORIENTED_EDGE('',*,*,#1988,.F.);
#2656=ORIENTED_EDGE('',*,*,#1989,.T.);
#2657=ORIENTED_EDGE('',*,*,#1990,.T.);
#2658=ORIENTED_EDGE('',*,*,#1986,.F.);
#2659=ORIENTED_EDGE('',*,*,#1991,.F.);
#2660=ORIENTED_EDGE('',*,*,#1992,.T.);
#2661=ORIENTED_EDGE('',*,*,#1993,.T.);
#2662=ORIENTED_EDGE('',*,*,#1989,.F.);
#2663=ORIENTED_EDGE('',*,*,#1994,.F.);
#2664=ORIENTED_EDGE('',*,*,#1995,.T.);
#2665=ORIENTED_EDGE('',*,*,#1996,.T.);
#2666=ORIENTED_EDGE('',*,*,#1992,.F.);
#2667=ORIENTED_EDGE('',*,*,#1997,.F.);
#2668=ORIENTED_EDGE('',*,*,#1998,.T.);
#2669=ORIENTED_EDGE('',*,*,#1999,.T.);
#2670=ORIENTED_EDGE('',*,*,#1995,.F.);
#2671=ORIENTED_EDGE('',*,*,#2000,.F.);
#2672=ORIENTED_EDGE('',*,*,#2001,.T.);
#2673=ORIENTED_EDGE('',*,*,#2002,.T.);
#2674=ORIENTED_EDGE('',*,*,#1998,.F.);
#2675=ORIENTED_EDGE('',*,*,#2003,.F.);
#2676=ORIENTED_EDGE('',*,*,#2004,.T.);
#2677=ORIENTED_EDGE('',*,*,#2005,.T.);
#2678=ORIENTED_EDGE('',*,*,#2001,.F.);
#2679=ORIENTED_EDGE('',*,*,#2006,.F.);
#2680=ORIENTED_EDGE('',*,*,#2007,.T.);
#2681=ORIENTED_EDGE('',*,*,#2008,.T.);
#2682=ORIENTED_EDGE('',*,*,#2004,.F.);
#2683=ORIENTED_EDGE('',*,*,#2009,.F.);
#2684=ORIENTED_EDGE('',*,*,#2010,.T.);
#2685=ORIENTED_EDGE('',*,*,#2011,.T.);
#2686=ORIENTED_EDGE('',*,*,#2007,.F.);
#2687=ORIENTED_EDGE('',*,*,#2012,.F.);
#2688=ORIENTED_EDGE('',*,*,#1981,.T.);
#2689=ORIENTED_EDGE('',*,*,#2013,.T.);
#2690=ORIENTED_EDGE('',*,*,#2010,.F.);
#2691=ORIENTED_EDGE('',*,*,#2014,.F.);
#2692=ORIENTED_EDGE('',*,*,#2015,.T.);
#2693=ORIENTED_EDGE('',*,*,#2016,.T.);
#2694=ORIENTED_EDGE('',*,*,#2017,.F.);
#2695=ORIENTED_EDGE('',*,*,#2018,.F.);
#2696=ORIENTED_EDGE('',*,*,#2019,.T.);
#2697=ORIENTED_EDGE('',*,*,#2020,.T.);
#2698=ORIENTED_EDGE('',*,*,#2015,.F.);
#2699=ORIENTED_EDGE('',*,*,#2021,.F.);
#2700=ORIENTED_EDGE('',*,*,#2022,.T.);
#2701=ORIENTED_EDGE('',*,*,#2023,.T.);
#2702=ORIENTED_EDGE('',*,*,#2019,.F.);
#2703=ORIENTED_EDGE('',*,*,#2024,.F.);
#2704=ORIENTED_EDGE('',*,*,#2025,.T.);
#2705=ORIENTED_EDGE('',*,*,#2026,.T.);
#2706=ORIENTED_EDGE('',*,*,#2022,.F.);
#2707=ORIENTED_EDGE('',*,*,#2027,.F.);
#2708=ORIENTED_EDGE('',*,*,#2028,.T.);
#2709=ORIENTED_EDGE('',*,*,#2029,.T.);
#2710=ORIENTED_EDGE('',*,*,#2025,.F.);
#2711=ORIENTED_EDGE('',*,*,#2030,.F.);
#2712=ORIENTED_EDGE('',*,*,#2031,.T.);
#2713=ORIENTED_EDGE('',*,*,#2032,.T.);
#2714=ORIENTED_EDGE('',*,*,#2028,.F.);
#2715=ORIENTED_EDGE('',*,*,#2033,.F.);
#2716=ORIENTED_EDGE('',*,*,#2034,.T.);
#2717=ORIENTED_EDGE('',*,*,#2035,.T.);
#2718=ORIENTED_EDGE('',*,*,#2031,.F.);
#2719=ORIENTED_EDGE('',*,*,#2036,.F.);
#2720=ORIENTED_EDGE('',*,*,#2037,.T.);
#2721=ORIENTED_EDGE('',*,*,#2038,.T.);
#2722=ORIENTED_EDGE('',*,*,#2034,.F.);
#2723=ORIENTED_EDGE('',*,*,#2039,.F.);
#2724=ORIENTED_EDGE('',*,*,#2040,.T.);
#2725=ORIENTED_EDGE('',*,*,#2041,.T.);
#2726=ORIENTED_EDGE('',*,*,#2037,.F.);
#2727=ORIENTED_EDGE('',*,*,#2042,.F.);
#2728=ORIENTED_EDGE('',*,*,#2043,.T.);
#2729=ORIENTED_EDGE('',*,*,#2044,.T.);
#2730=ORIENTED_EDGE('',*,*,#2040,.F.);
#2731=ORIENTED_EDGE('',*,*,#2045,.F.);
#2732=ORIENTED_EDGE('',*,*,#2046,.T.);
#2733=ORIENTED_EDGE('',*,*,#2047,.T.);
#2734=ORIENTED_EDGE('',*,*,#2043,.F.);
#2735=ORIENTED_EDGE('',*,*,#2048,.F.);
#2736=ORIENTED_EDGE('',*,*,#2017,.T.);
#2737=ORIENTED_EDGE('',*,*,#2049,.T.);
#2738=ORIENTED_EDGE('',*,*,#2046,.F.);
#2739=ORIENTED_EDGE('',*,*,#2050,.F.);
#2740=ORIENTED_EDGE('',*,*,#2051,.T.);
#2741=ORIENTED_EDGE('',*,*,#2052,.T.);
#2742=ORIENTED_EDGE('',*,*,#2053,.F.);
#2743=ORIENTED_EDGE('',*,*,#2054,.F.);
#2744=ORIENTED_EDGE('',*,*,#2055,.T.);
#2745=ORIENTED_EDGE('',*,*,#2056,.T.);
#2746=ORIENTED_EDGE('',*,*,#2051,.F.);
#2747=ORIENTED_EDGE('',*,*,#2057,.F.);
#2748=ORIENTED_EDGE('',*,*,#2058,.T.);
#2749=ORIENTED_EDGE('',*,*,#2059,.T.);
#2750=ORIENTED_EDGE('',*,*,#2055,.F.);
#2751=ORIENTED_EDGE('',*,*,#2060,.F.);
#2752=ORIENTED_EDGE('',*,*,#2061,.T.);
#2753=ORIENTED_EDGE('',*,*,#2062,.T.);
#2754=ORIENTED_EDGE('',*,*,#2058,.F.);
#2755=ORIENTED_EDGE('',*,*,#2063,.F.);
#2756=ORIENTED_EDGE('',*,*,#2064,.T.);
#2757=ORIENTED_EDGE('',*,*,#2065,.T.);
#2758=ORIENTED_EDGE('',*,*,#2061,.F.);
#2759=ORIENTED_EDGE('',*,*,#2066,.F.);
#2760=ORIENTED_EDGE('',*,*,#2067,.T.);
#2761=ORIENTED_EDGE('',*,*,#2068,.T.);
#2762=ORIENTED_EDGE('',*,*,#2064,.F.);
#2763=ORIENTED_EDGE('',*,*,#2069,.F.);
#2764=ORIENTED_EDGE('',*,*,#2070,.T.);
#2765=ORIENTED_EDGE('',*,*,#2071,.T.);
#2766=ORIENTED_EDGE('',*,*,#2067,.F.);
#2767=ORIENTED_EDGE('',*,*,#2072,.F.);
#2768=ORIENTED_EDGE('',*,*,#2073,.T.);
#2769=ORIENTED_EDGE('',*,*,#2074,.T.);
#2770=ORIENTED_EDGE('',*,*,#2070,.F.);
#2771=ORIENTED_EDGE('',*,*,#2075,.F.);
#2772=ORIENTED_EDGE('',*,*,#2076,.T.);
#2773=ORIENTED_EDGE('',*,*,#2077,.T.);
#2774=ORIENTED_EDGE('',*,*,#2073,.F.);
#2775=ORIENTED_EDGE('',*,*,#2078,.F.);
#2776=ORIENTED_EDGE('',*,*,#2079,.T.);
#2777=ORIENTED_EDGE('',*,*,#2080,.T.);
#2778=ORIENTED_EDGE('',*,*,#2076,.F.);
#2779=ORIENTED_EDGE('',*,*,#2081,.F.);
#2780=ORIENTED_EDGE('',*,*,#2082,.T.);
#2781=ORIENTED_EDGE('',*,*,#2083,.T.);
#2782=ORIENTED_EDGE('',*,*,#2079,.F.);
#2783=ORIENTED_EDGE('',*,*,#2084,.F.);
#2784=ORIENTED_EDGE('',*,*,#2085,.T.);
#2785=ORIENTED_EDGE('',*,*,#2086,.T.);
#2786=ORIENTED_EDGE('',*,*,#2082,.F.);
#2787=ORIENTED_EDGE('',*,*,#2087,.F.);
#2788=ORIENTED_EDGE('',*,*,#2088,.T.);
#2789=ORIENTED_EDGE('',*,*,#2089,.T.);
#2790=ORIENTED_EDGE('',*,*,#2085,.F.);
#2791=ORIENTED_EDGE('',*,*,#2090,.F.);
#2792=ORIENTED_EDGE('',*,*,#2091,.T.);
#2793=ORIENTED_EDGE('',*,*,#2092,.T.);
#2794=ORIENTED_EDGE('',*,*,#2088,.F.);
#2795=ORIENTED_EDGE('',*,*,#2093,.F.);
#2796=ORIENTED_EDGE('',*,*,#2053,.T.);
#2797=ORIENTED_EDGE('',*,*,#2094,.T.);
#2798=ORIENTED_EDGE('',*,*,#2091,.F.);
#2799=ORIENTED_EDGE('',*,*,#2094,.F.);
#2800=ORIENTED_EDGE('',*,*,#2052,.F.);
#2801=ORIENTED_EDGE('',*,*,#2056,.F.);
#2802=ORIENTED_EDGE('',*,*,#2059,.F.);
#2803=ORIENTED_EDGE('',*,*,#2062,.F.);
#2804=ORIENTED_EDGE('',*,*,#2065,.F.);
#2805=ORIENTED_EDGE('',*,*,#2068,.F.);
#2806=ORIENTED_EDGE('',*,*,#2071,.F.);
#2807=ORIENTED_EDGE('',*,*,#2074,.F.);
#2808=ORIENTED_EDGE('',*,*,#2077,.F.);
#2809=ORIENTED_EDGE('',*,*,#2080,.F.);
#2810=ORIENTED_EDGE('',*,*,#2083,.F.);
#2811=ORIENTED_EDGE('',*,*,#2086,.F.);
#2812=ORIENTED_EDGE('',*,*,#2089,.F.);
#2813=ORIENTED_EDGE('',*,*,#2092,.F.);
#2814=ORIENTED_EDGE('',*,*,#2049,.F.);
#2815=ORIENTED_EDGE('',*,*,#2016,.F.);
#2816=ORIENTED_EDGE('',*,*,#2020,.F.);
#2817=ORIENTED_EDGE('',*,*,#2023,.F.);
#2818=ORIENTED_EDGE('',*,*,#2026,.F.);
#2819=ORIENTED_EDGE('',*,*,#2029,.F.);
#2820=ORIENTED_EDGE('',*,*,#2032,.F.);
#2821=ORIENTED_EDGE('',*,*,#2035,.F.);
#2822=ORIENTED_EDGE('',*,*,#2038,.F.);
#2823=ORIENTED_EDGE('',*,*,#2041,.F.);
#2824=ORIENTED_EDGE('',*,*,#2044,.F.);
#2825=ORIENTED_EDGE('',*,*,#2047,.F.);
#2826=ORIENTED_EDGE('',*,*,#2013,.F.);
#2827=ORIENTED_EDGE('',*,*,#1980,.F.);
#2828=ORIENTED_EDGE('',*,*,#1984,.F.);
#2829=ORIENTED_EDGE('',*,*,#1987,.F.);
#2830=ORIENTED_EDGE('',*,*,#1990,.F.);
#2831=ORIENTED_EDGE('',*,*,#1993,.F.);
#2832=ORIENTED_EDGE('',*,*,#1996,.F.);
#2833=ORIENTED_EDGE('',*,*,#1999,.F.);
#2834=ORIENTED_EDGE('',*,*,#2002,.F.);
#2835=ORIENTED_EDGE('',*,*,#2005,.F.);
#2836=ORIENTED_EDGE('',*,*,#2008,.F.);
#2837=ORIENTED_EDGE('',*,*,#2011,.F.);
#2838=ORIENTED_EDGE('',*,*,#2095,.F.);
#2839=ORIENTED_EDGE('',*,*,#2096,.T.);
#2840=ORIENTED_EDGE('',*,*,#2097,.T.);
#2841=ORIENTED_EDGE('',*,*,#2098,.F.);
#2842=ORIENTED_EDGE('',*,*,#2099,.F.);
#2843=ORIENTED_EDGE('',*,*,#2100,.T.);
#2844=ORIENTED_EDGE('',*,*,#2101,.T.);
#2845=ORIENTED_EDGE('',*,*,#2096,.F.);
#2846=ORIENTED_EDGE('',*,*,#2102,.F.);
#2847=ORIENTED_EDGE('',*,*,#2103,.T.);
#2848=ORIENTED_EDGE('',*,*,#2104,.T.);
#2849=ORIENTED_EDGE('',*,*,#2100,.F.);
#2850=ORIENTED_EDGE('',*,*,#2105,.F.);
#2851=ORIENTED_EDGE('',*,*,#2106,.T.);
#2852=ORIENTED_EDGE('',*,*,#2107,.T.);
#2853=ORIENTED_EDGE('',*,*,#2103,.F.);
#2854=ORIENTED_EDGE('',*,*,#2108,.F.);
#2855=ORIENTED_EDGE('',*,*,#2109,.T.);
#2856=ORIENTED_EDGE('',*,*,#2110,.T.);
#2857=ORIENTED_EDGE('',*,*,#2106,.F.);
#2858=ORIENTED_EDGE('',*,*,#2111,.F.);
#2859=ORIENTED_EDGE('',*,*,#2112,.T.);
#2860=ORIENTED_EDGE('',*,*,#2113,.T.);
#2861=ORIENTED_EDGE('',*,*,#2109,.F.);
#2862=ORIENTED_EDGE('',*,*,#2114,.F.);
#2863=ORIENTED_EDGE('',*,*,#2115,.T.);
#2864=ORIENTED_EDGE('',*,*,#2116,.T.);
#2865=ORIENTED_EDGE('',*,*,#2112,.F.);
#2866=ORIENTED_EDGE('',*,*,#2117,.F.);
#2867=ORIENTED_EDGE('',*,*,#2118,.T.);
#2868=ORIENTED_EDGE('',*,*,#2119,.T.);
#2869=ORIENTED_EDGE('',*,*,#2115,.F.);
#2870=ORIENTED_EDGE('',*,*,#2120,.F.);
#2871=ORIENTED_EDGE('',*,*,#2121,.T.);
#2872=ORIENTED_EDGE('',*,*,#2122,.T.);
#2873=ORIENTED_EDGE('',*,*,#2118,.F.);
#2874=ORIENTED_EDGE('',*,*,#2123,.F.);
#2875=ORIENTED_EDGE('',*,*,#2124,.T.);
#2876=ORIENTED_EDGE('',*,*,#2125,.T.);
#2877=ORIENTED_EDGE('',*,*,#2121,.F.);
#2878=ORIENTED_EDGE('',*,*,#2126,.F.);
#2879=ORIENTED_EDGE('',*,*,#2127,.T.);
#2880=ORIENTED_EDGE('',*,*,#2128,.T.);
#2881=ORIENTED_EDGE('',*,*,#2124,.F.);
#2882=ORIENTED_EDGE('',*,*,#2129,.F.);
#2883=ORIENTED_EDGE('',*,*,#2130,.T.);
#2884=ORIENTED_EDGE('',*,*,#2131,.T.);
#2885=ORIENTED_EDGE('',*,*,#2127,.F.);
#2886=ORIENTED_EDGE('',*,*,#2132,.F.);
#2887=ORIENTED_EDGE('',*,*,#2133,.T.);
#2888=ORIENTED_EDGE('',*,*,#2134,.T.);
#2889=ORIENTED_EDGE('',*,*,#2130,.F.);
#2890=ORIENTED_EDGE('',*,*,#2135,.F.);
#2891=ORIENTED_EDGE('',*,*,#2136,.T.);
#2892=ORIENTED_EDGE('',*,*,#2137,.T.);
#2893=ORIENTED_EDGE('',*,*,#2133,.F.);
#2894=ORIENTED_EDGE('',*,*,#2138,.F.);
#2895=ORIENTED_EDGE('',*,*,#2139,.T.);
#2896=ORIENTED_EDGE('',*,*,#2140,.T.);
#2897=ORIENTED_EDGE('',*,*,#2136,.F.);
#2898=ORIENTED_EDGE('',*,*,#2141,.F.);
#2899=ORIENTED_EDGE('',*,*,#2142,.T.);
#2900=ORIENTED_EDGE('',*,*,#2143,.T.);
#2901=ORIENTED_EDGE('',*,*,#2139,.F.);
#2902=ORIENTED_EDGE('',*,*,#2144,.F.);
#2903=ORIENTED_EDGE('',*,*,#2145,.T.);
#2904=ORIENTED_EDGE('',*,*,#2146,.T.);
#2905=ORIENTED_EDGE('',*,*,#2142,.F.);
#2906=ORIENTED_EDGE('',*,*,#2147,.F.);
#2907=ORIENTED_EDGE('',*,*,#2098,.T.);
#2908=ORIENTED_EDGE('',*,*,#2148,.T.);
#2909=ORIENTED_EDGE('',*,*,#2145,.F.);
#2910=ORIENTED_EDGE('',*,*,#2148,.F.);
#2911=ORIENTED_EDGE('',*,*,#2097,.F.);
#2912=ORIENTED_EDGE('',*,*,#2101,.F.);
#2913=ORIENTED_EDGE('',*,*,#2104,.F.);
#2914=ORIENTED_EDGE('',*,*,#2107,.F.);
#2915=ORIENTED_EDGE('',*,*,#2110,.F.);
#2916=ORIENTED_EDGE('',*,*,#2113,.F.);
#2917=ORIENTED_EDGE('',*,*,#2116,.F.);
#2918=ORIENTED_EDGE('',*,*,#2119,.F.);
#2919=ORIENTED_EDGE('',*,*,#2122,.F.);
#2920=ORIENTED_EDGE('',*,*,#2125,.F.);
#2921=ORIENTED_EDGE('',*,*,#2128,.F.);
#2922=ORIENTED_EDGE('',*,*,#2131,.F.);
#2923=ORIENTED_EDGE('',*,*,#2134,.F.);
#2924=ORIENTED_EDGE('',*,*,#2137,.F.);
#2925=ORIENTED_EDGE('',*,*,#2140,.F.);
#2926=ORIENTED_EDGE('',*,*,#2143,.F.);
#2927=ORIENTED_EDGE('',*,*,#2146,.F.);
#2928=ORIENTED_EDGE('',*,*,#2014,.T.);
#2929=ORIENTED_EDGE('',*,*,#2048,.T.);
#2930=ORIENTED_EDGE('',*,*,#2045,.T.);
#2931=ORIENTED_EDGE('',*,*,#2042,.T.);
#2932=ORIENTED_EDGE('',*,*,#2039,.T.);
#2933=ORIENTED_EDGE('',*,*,#2036,.T.);
#2934=ORIENTED_EDGE('',*,*,#2033,.T.);
#2935=ORIENTED_EDGE('',*,*,#2030,.T.);
#2936=ORIENTED_EDGE('',*,*,#2027,.T.);
#2937=ORIENTED_EDGE('',*,*,#2024,.T.);
#2938=ORIENTED_EDGE('',*,*,#2021,.T.);
#2939=ORIENTED_EDGE('',*,*,#2018,.T.);
#2940=ORIENTED_EDGE('',*,*,#1978,.T.);
#2941=ORIENTED_EDGE('',*,*,#2012,.T.);
#2942=ORIENTED_EDGE('',*,*,#2009,.T.);
#2943=ORIENTED_EDGE('',*,*,#2006,.T.);
#2944=ORIENTED_EDGE('',*,*,#2003,.T.);
#2945=ORIENTED_EDGE('',*,*,#2000,.T.);
#2946=ORIENTED_EDGE('',*,*,#1997,.T.);
#2947=ORIENTED_EDGE('',*,*,#1994,.T.);
#2948=ORIENTED_EDGE('',*,*,#1991,.T.);
#2949=ORIENTED_EDGE('',*,*,#1988,.T.);
#2950=ORIENTED_EDGE('',*,*,#1985,.T.);
#2951=ORIENTED_EDGE('',*,*,#1982,.T.);
#2952=ORIENTED_EDGE('',*,*,#2149,.F.);
#2953=ORIENTED_EDGE('',*,*,#2150,.F.);
#2954=ORIENTED_EDGE('',*,*,#2151,.F.);
#2955=ORIENTED_EDGE('',*,*,#2152,.T.);
#2956=ORIENTED_EDGE('',*,*,#2153,.F.);
#2957=ORIENTED_EDGE('',*,*,#2154,.F.);
#2958=ORIENTED_EDGE('',*,*,#2152,.F.);
#2959=ORIENTED_EDGE('',*,*,#2155,.F.);
#2960=ORIENTED_EDGE('',*,*,#2154,.T.);
#2961=ORIENTED_EDGE('',*,*,#2156,.F.);
#2962=ORIENTED_EDGE('',*,*,#2157,.T.);
#2963=ORIENTED_EDGE('',*,*,#2158,.T.);
#2964=ORIENTED_EDGE('',*,*,#2159,.F.);
#2965=ORIENTED_EDGE('',*,*,#2149,.T.);
#2966=ORIENTED_EDGE('',*,*,#2151,.T.);
#2967=ORIENTED_EDGE('',*,*,#2160,.F.);
#2968=ORIENTED_EDGE('',*,*,#2161,.F.);
#2969=ORIENTED_EDGE('',*,*,#2162,.T.);
#2970=ORIENTED_EDGE('',*,*,#2156,.T.);
#2971=ORIENTED_EDGE('',*,*,#2153,.T.);
#2972=ORIENTED_EDGE('',*,*,#2150,.T.);
#2973=ORIENTED_EDGE('',*,*,#2159,.T.);
#2974=ORIENTED_EDGE('',*,*,#2163,.T.);
#2975=ORIENTED_EDGE('',*,*,#2164,.T.);
#2976=ORIENTED_EDGE('',*,*,#2160,.T.);
#2977=ORIENTED_EDGE('',*,*,#1783,.T.);
#2978=ORIENTED_EDGE('',*,*,#1835,.T.);
#2979=ORIENTED_EDGE('',*,*,#1832,.T.);
#2980=ORIENTED_EDGE('',*,*,#1829,.T.);
#2981=ORIENTED_EDGE('',*,*,#1826,.T.);
#2982=ORIENTED_EDGE('',*,*,#1823,.T.);
#2983=ORIENTED_EDGE('',*,*,#1820,.T.);
#2984=ORIENTED_EDGE('',*,*,#1817,.T.);
#2985=ORIENTED_EDGE('',*,*,#1814,.T.);
#2986=ORIENTED_EDGE('',*,*,#1811,.T.);
#2987=ORIENTED_EDGE('',*,*,#1808,.T.);
#2988=ORIENTED_EDGE('',*,*,#1805,.T.);
#2989=ORIENTED_EDGE('',*,*,#1802,.T.);
#2990=ORIENTED_EDGE('',*,*,#1799,.T.);
#2991=ORIENTED_EDGE('',*,*,#1796,.T.);
#2992=ORIENTED_EDGE('',*,*,#1793,.T.);
#2993=ORIENTED_EDGE('',*,*,#1790,.T.);
#2994=ORIENTED_EDGE('',*,*,#1787,.T.);
#2995=ORIENTED_EDGE('',*,*,#1837,.T.);
#2996=ORIENTED_EDGE('',*,*,#1856,.T.);
#2997=ORIENTED_EDGE('',*,*,#1853,.T.);
#2998=ORIENTED_EDGE('',*,*,#1850,.T.);
#2999=ORIENTED_EDGE('',*,*,#1847,.T.);
#3000=ORIENTED_EDGE('',*,*,#1844,.T.);
#3001=ORIENTED_EDGE('',*,*,#1841,.T.);
#3002=ORIENTED_EDGE('',*,*,#1858,.T.);
#3003=ORIENTED_EDGE('',*,*,#1910,.T.);
#3004=ORIENTED_EDGE('',*,*,#1907,.T.);
#3005=ORIENTED_EDGE('',*,*,#1904,.T.);
#3006=ORIENTED_EDGE('',*,*,#1901,.T.);
#3007=ORIENTED_EDGE('',*,*,#1898,.T.);
#3008=ORIENTED_EDGE('',*,*,#1895,.T.);
#3009=ORIENTED_EDGE('',*,*,#1892,.T.);
#3010=ORIENTED_EDGE('',*,*,#1889,.T.);
#3011=ORIENTED_EDGE('',*,*,#1886,.T.);
#3012=ORIENTED_EDGE('',*,*,#1883,.T.);
#3013=ORIENTED_EDGE('',*,*,#1880,.T.);
#3014=ORIENTED_EDGE('',*,*,#1877,.T.);
#3015=ORIENTED_EDGE('',*,*,#1874,.T.);
#3016=ORIENTED_EDGE('',*,*,#1871,.T.);
#3017=ORIENTED_EDGE('',*,*,#1868,.T.);
#3018=ORIENTED_EDGE('',*,*,#1865,.T.);
#3019=ORIENTED_EDGE('',*,*,#1862,.T.);
#3020=ORIENTED_EDGE('',*,*,#1912,.T.);
#3021=ORIENTED_EDGE('',*,*,#1964,.T.);
#3022=ORIENTED_EDGE('',*,*,#1961,.T.);
#3023=ORIENTED_EDGE('',*,*,#1958,.T.);
#3024=ORIENTED_EDGE('',*,*,#1955,.T.);
#3025=ORIENTED_EDGE('',*,*,#1952,.T.);
#3026=ORIENTED_EDGE('',*,*,#1949,.T.);
#3027=ORIENTED_EDGE('',*,*,#1946,.T.);
#3028=ORIENTED_EDGE('',*,*,#1943,.T.);
#3029=ORIENTED_EDGE('',*,*,#1940,.T.);
#3030=ORIENTED_EDGE('',*,*,#1937,.T.);
#3031=ORIENTED_EDGE('',*,*,#1934,.T.);
#3032=ORIENTED_EDGE('',*,*,#1931,.T.);
#3033=ORIENTED_EDGE('',*,*,#1928,.T.);
#3034=ORIENTED_EDGE('',*,*,#1925,.T.);
#3035=ORIENTED_EDGE('',*,*,#1922,.T.);
#3036=ORIENTED_EDGE('',*,*,#1919,.T.);
#3037=ORIENTED_EDGE('',*,*,#1916,.T.);
#3038=ORIENTED_EDGE('',*,*,#1966,.T.);
#3039=ORIENTED_EDGE('',*,*,#1976,.T.);
#3040=ORIENTED_EDGE('',*,*,#1973,.T.);
#3041=ORIENTED_EDGE('',*,*,#1970,.T.);
#3042=ORIENTED_EDGE('',*,*,#2050,.T.);
#3043=ORIENTED_EDGE('',*,*,#2093,.T.);
#3044=ORIENTED_EDGE('',*,*,#2090,.T.);
#3045=ORIENTED_EDGE('',*,*,#2087,.T.);
#3046=ORIENTED_EDGE('',*,*,#2084,.T.);
#3047=ORIENTED_EDGE('',*,*,#2081,.T.);
#3048=ORIENTED_EDGE('',*,*,#2078,.T.);
#3049=ORIENTED_EDGE('',*,*,#2075,.T.);
#3050=ORIENTED_EDGE('',*,*,#2072,.T.);
#3051=ORIENTED_EDGE('',*,*,#2069,.T.);
#3052=ORIENTED_EDGE('',*,*,#2066,.T.);
#3053=ORIENTED_EDGE('',*,*,#2063,.T.);
#3054=ORIENTED_EDGE('',*,*,#2060,.T.);
#3055=ORIENTED_EDGE('',*,*,#2057,.T.);
#3056=ORIENTED_EDGE('',*,*,#2054,.T.);
#3057=ORIENTED_EDGE('',*,*,#2095,.T.);
#3058=ORIENTED_EDGE('',*,*,#2147,.T.);
#3059=ORIENTED_EDGE('',*,*,#2144,.T.);
#3060=ORIENTED_EDGE('',*,*,#2141,.T.);
#3061=ORIENTED_EDGE('',*,*,#2138,.T.);
#3062=ORIENTED_EDGE('',*,*,#2135,.T.);
#3063=ORIENTED_EDGE('',*,*,#2132,.T.);
#3064=ORIENTED_EDGE('',*,*,#2129,.T.);
#3065=ORIENTED_EDGE('',*,*,#2126,.T.);
#3066=ORIENTED_EDGE('',*,*,#2123,.T.);
#3067=ORIENTED_EDGE('',*,*,#2120,.T.);
#3068=ORIENTED_EDGE('',*,*,#2117,.T.);
#3069=ORIENTED_EDGE('',*,*,#2114,.T.);
#3070=ORIENTED_EDGE('',*,*,#2111,.T.);
#3071=ORIENTED_EDGE('',*,*,#2108,.T.);
#3072=ORIENTED_EDGE('',*,*,#2105,.T.);
#3073=ORIENTED_EDGE('',*,*,#2102,.T.);
#3074=ORIENTED_EDGE('',*,*,#2099,.T.);
#3075=ORIENTED_EDGE('',*,*,#2165,.T.);
#3076=ORIENTED_EDGE('',*,*,#2166,.T.);
#3077=ORIENTED_EDGE('',*,*,#2167,.T.);
#3078=ORIENTED_EDGE('',*,*,#1765,.T.);
#3079=ORIENTED_EDGE('',*,*,#1781,.T.);
#3080=ORIENTED_EDGE('',*,*,#1778,.T.);
#3081=ORIENTED_EDGE('',*,*,#1775,.T.);
#3082=ORIENTED_EDGE('',*,*,#1772,.T.);
#3083=ORIENTED_EDGE('',*,*,#1769,.T.);
#3084=ORIENTED_EDGE('',*,*,#1741,.T.);
#3085=ORIENTED_EDGE('',*,*,#1763,.T.);
#3086=ORIENTED_EDGE('',*,*,#1760,.T.);
#3087=ORIENTED_EDGE('',*,*,#1757,.T.);
#3088=ORIENTED_EDGE('',*,*,#1754,.T.);
#3089=ORIENTED_EDGE('',*,*,#1751,.T.);
#3090=ORIENTED_EDGE('',*,*,#1748,.T.);
#3091=ORIENTED_EDGE('',*,*,#1745,.T.);
#3092=ORIENTED_EDGE('',*,*,#1723,.T.);
#3093=ORIENTED_EDGE('',*,*,#1739,.T.);
#3094=ORIENTED_EDGE('',*,*,#1736,.T.);
#3095=ORIENTED_EDGE('',*,*,#1733,.T.);
#3096=ORIENTED_EDGE('',*,*,#1730,.T.);
#3097=ORIENTED_EDGE('',*,*,#1727,.T.);
#3098=ORIENTED_EDGE('',*,*,#1705,.T.);
#3099=ORIENTED_EDGE('',*,*,#1721,.T.);
#3100=ORIENTED_EDGE('',*,*,#1718,.T.);
#3101=ORIENTED_EDGE('',*,*,#1715,.T.);
#3102=ORIENTED_EDGE('',*,*,#1712,.T.);
#3103=ORIENTED_EDGE('',*,*,#1709,.T.);
#3104=ORIENTED_EDGE('',*,*,#2165,.F.);
#3105=ORIENTED_EDGE('',*,*,#2168,.T.);
#3106=ORIENTED_EDGE('',*,*,#2169,.T.);
#3107=ORIENTED_EDGE('',*,*,#2168,.F.);
#3108=ORIENTED_EDGE('',*,*,#2169,.F.);
#3109=ORIENTED_EDGE('',*,*,#2170,.F.);
#3110=ORIENTED_EDGE('',*,*,#2166,.F.);
#3111=ORIENTED_EDGE('',*,*,#2171,.T.);
#3112=ORIENTED_EDGE('',*,*,#2172,.T.);
#3113=ORIENTED_EDGE('',*,*,#2171,.F.);
#3114=ORIENTED_EDGE('',*,*,#2172,.F.);
#3115=ORIENTED_EDGE('',*,*,#2173,.F.);
#3116=ORIENTED_EDGE('',*,*,#2167,.F.);
#3117=ORIENTED_EDGE('',*,*,#2174,.T.);
#3118=ORIENTED_EDGE('',*,*,#2175,.T.);
#3119=ORIENTED_EDGE('',*,*,#2174,.F.);
#3120=ORIENTED_EDGE('',*,*,#2175,.F.);
#3121=ORIENTED_EDGE('',*,*,#2176,.F.);
#3122=ORIENTED_EDGE('',*,*,#2170,.T.);
#3123=ORIENTED_EDGE('',*,*,#2177,.T.);
#3124=ORIENTED_EDGE('',*,*,#2178,.T.);
#3125=ORIENTED_EDGE('',*,*,#2177,.F.);
#3126=ORIENTED_EDGE('',*,*,#2155,.T.);
#3127=ORIENTED_EDGE('',*,*,#2179,.T.);
#3128=ORIENTED_EDGE('',*,*,#2180,.T.);
#3129=ORIENTED_EDGE('',*,*,#2179,.F.);
#3130=ORIENTED_EDGE('',*,*,#2176,.T.);
#3131=ORIENTED_EDGE('',*,*,#2181,.T.);
#3132=ORIENTED_EDGE('',*,*,#2182,.T.);
#3133=ORIENTED_EDGE('',*,*,#2181,.F.);
#3134=ORIENTED_EDGE('',*,*,#2173,.T.);
#3135=ORIENTED_EDGE('',*,*,#2183,.T.);
#3136=ORIENTED_EDGE('',*,*,#2184,.T.);
#3137=ORIENTED_EDGE('',*,*,#2183,.F.);
#3138=ORIENTED_EDGE('',*,*,#2185,.T.);
#3139=ORIENTED_EDGE('',*,*,#2161,.T.);
#3140=ORIENTED_EDGE('',*,*,#2164,.F.);
#3141=ORIENTED_EDGE('',*,*,#2186,.F.);
#3142=ORIENTED_EDGE('',*,*,#2187,.F.);
#3143=ORIENTED_EDGE('',*,*,#2186,.T.);
#3144=ORIENTED_EDGE('',*,*,#2163,.F.);
#3145=ORIENTED_EDGE('',*,*,#2158,.F.);
#3146=ORIENTED_EDGE('',*,*,#2162,.F.);
#3147=ORIENTED_EDGE('',*,*,#2185,.F.);
#3148=ORIENTED_EDGE('',*,*,#2187,.T.);
#3149=ORIENTED_EDGE('',*,*,#2157,.F.);
#3150=ORIENTED_EDGE('',*,*,#2184,.F.);
#3151=ORIENTED_EDGE('',*,*,#2182,.F.);
#3152=ORIENTED_EDGE('',*,*,#2180,.F.);
#3153=ORIENTED_EDGE('',*,*,#2178,.F.);
#3154=(
BOUNDED_SURFACE()
B_SPLINE_SURFACE(3,1,((#4052,#4053),(#4054,#4055),(#4056,#4057),(#4058,
#4059)),.UNSPECIFIED.,.F.,.F.,.F.)
B_SPLINE_SURFACE_WITH_KNOTS((4,4),(2,2),(-1.,0.),(0.,0.01),
 .UNSPECIFIED.)
GEOMETRIC_REPRESENTATION_ITEM()
RATIONAL_B_SPLINE_SURFACE(((1.,1.),(1.,1.),(1.,1.),(1.,1.)))
REPRESENTATION_ITEM('')
SURFACE()
);
#3155=(
BOUNDED_SURFACE()
B_SPLINE_SURFACE(3,1,((#4080,#4081),(#4082,#4083),(#4084,#4085),(#4086,
#4087)),.UNSPECIFIED.,.F.,.F.,.F.)
B_SPLINE_SURFACE_WITH_KNOTS((4,4),(2,2),(-1.,0.),(0.,0.01),
 .UNSPECIFIED.)
GEOMETRIC_REPRESENTATION_ITEM()
RATIONAL_B_SPLINE_SURFACE(((1.,1.),(1.,1.),(1.,1.),(1.,1.)))
REPRESENTATION_ITEM('')
SURFACE()
);
#3156=(
BOUNDED_SURFACE()
B_SPLINE_SURFACE(3,1,((#4105,#4106),(#4107,#4108),(#4109,#4110),(#4111,
#4112)),.UNSPECIFIED.,.F.,.F.,.F.)
B_SPLINE_SURFACE_WITH_KNOTS((4,4),(2,2),(-1.,0.),(0.,0.01),
 .UNSPECIFIED.)
GEOMETRIC_REPRESENTATION_ITEM()
RATIONAL_B_SPLINE_SURFACE(((1.,1.),(1.,1.),(1.,1.),(1.,1.)))
REPRESENTATION_ITEM('')
SURFACE()
);
#3157=(
BOUNDED_SURFACE()
B_SPLINE_SURFACE(3,1,((#4137,#4138),(#4139,#4140),(#4141,#4142),(#4143,
#4144)),.UNSPECIFIED.,.F.,.F.,.F.)
B_SPLINE_SURFACE_WITH_KNOTS((4,4),(2,2),(0.,1.),(0.,0.01),.UNSPECIFIED.)
GEOMETRIC_REPRESENTATION_ITEM()
RATIONAL_B_SPLINE_SURFACE(((1.,1.),(1.,1.),(1.,1.),(1.,1.)))
REPRESENTATION_ITEM('')
SURFACE()
);
#3158=(
BOUNDED_SURFACE()
B_SPLINE_SURFACE(3,1,((#4162,#4163),(#4164,#4165),(#4166,#4167),(#4168,
#4169)),.UNSPECIFIED.,.F.,.F.,.F.)
B_SPLINE_SURFACE_WITH_KNOTS((4,4),(2,2),(0.,1.),(0.,0.01),.UNSPECIFIED.)
GEOMETRIC_REPRESENTATION_ITEM()
RATIONAL_B_SPLINE_SURFACE(((1.,1.),(1.,1.),(1.,1.),(1.,1.)))
REPRESENTATION_ITEM('')
SURFACE()
);
#3159=(
BOUNDED_SURFACE()
B_SPLINE_SURFACE(3,1,((#4187,#4188),(#4189,#4190),(#4191,#4192),(#4193,
#4194)),.UNSPECIFIED.,.F.,.F.,.F.)
B_SPLINE_SURFACE_WITH_KNOTS((4,4),(2,2),(0.,1.),(0.,0.01),.UNSPECIFIED.)
GEOMETRIC_REPRESENTATION_ITEM()
RATIONAL_B_SPLINE_SURFACE(((1.,1.),(1.,1.),(1.,1.),(1.,1.)))
REPRESENTATION_ITEM('')
SURFACE()
);
#3160=(
BOUNDED_SURFACE()
B_SPLINE_SURFACE(3,1,((#4253,#4254),(#4255,#4256),(#4257,#4258),(#4259,
#4260)),.UNSPECIFIED.,.F.,.F.,.F.)
B_SPLINE_SURFACE_WITH_KNOTS((4,4),(2,2),(-1.,0.),(0.,0.01),
 .UNSPECIFIED.)
GEOMETRIC_REPRESENTATION_ITEM()
RATIONAL_B_SPLINE_SURFACE(((1.,1.),(1.,1.),(1.,1.),(1.,1.)))
REPRESENTATION_ITEM('')
SURFACE()
);
#3161=(
BOUNDED_SURFACE()
B_SPLINE_SURFACE(3,1,((#4281,#4282),(#4283,#4284),(#4285,#4286),(#4287,
#4288)),.UNSPECIFIED.,.F.,.F.,.F.)
B_SPLINE_SURFACE_WITH_KNOTS((4,4),(2,2),(-1.,0.),(0.,0.01),
 .UNSPECIFIED.)
GEOMETRIC_REPRESENTATION_ITEM()
RATIONAL_B_SPLINE_SURFACE(((1.,1.),(1.,1.),(1.,1.),(1.,1.)))
REPRESENTATION_ITEM('')
SURFACE()
);
#3162=(
BOUNDED_SURFACE()
B_SPLINE_SURFACE(3,1,((#4306,#4307),(#4308,#4309),(#4310,#4311),(#4312,
#4313)),.UNSPECIFIED.,.F.,.F.,.F.)
B_SPLINE_SURFACE_WITH_KNOTS((4,4),(2,2),(-1.,0.),(0.,0.01),
 .UNSPECIFIED.)
GEOMETRIC_REPRESENTATION_ITEM()
RATIONAL_B_SPLINE_SURFACE(((1.,1.),(1.,1.),(1.,1.),(1.,1.)))
REPRESENTATION_ITEM('')
SURFACE()
);
#3163=ADVANCED_FACE('',(#365),#3154,.F.);
#3164=ADVANCED_FACE('',(#366),#273,.F.);
#3165=ADVANCED_FACE('',(#367),#3155,.F.);
#3166=ADVANCED_FACE('',(#368),#274,.F.);
#3167=ADVANCED_FACE('',(#369),#3156,.F.);
#3168=ADVANCED_FACE('',(#370),#275,.F.);
#3169=ADVANCED_FACE('',(#371),#276,.T.);
#3170=ADVANCED_FACE('',(#372),#277,.F.);
#3171=ADVANCED_FACE('',(#373),#3157,.F.);
#3172=ADVANCED_FACE('',(#374),#278,.F.);
#3173=ADVANCED_FACE('',(#375),#3158,.F.);
#3174=ADVANCED_FACE('',(#376),#279,.F.);
#3175=ADVANCED_FACE('',(#377),#3159,.F.);
#3176=ADVANCED_FACE('',(#378),#280,.T.);
#3177=ADVANCED_FACE('',(#379),#261,.F.);
#3178=ADVANCED_FACE('',(#380),#281,.F.);
#3179=ADVANCED_FACE('',(#381),#262,.F.);
#3180=ADVANCED_FACE('',(#382),#282,.F.);
#3181=ADVANCED_FACE('',(#383),#263,.F.);
#3182=ADVANCED_FACE('',(#384),#283,.F.);
#3183=ADVANCED_FACE('',(#385),#264,.F.);
#3184=ADVANCED_FACE('',(#386),#284,.F.);
#3185=ADVANCED_FACE('',(#387),#285,.T.);
#3186=ADVANCED_FACE('',(#388),#3160,.F.);
#3187=ADVANCED_FACE('',(#389),#286,.F.);
#3188=ADVANCED_FACE('',(#390),#3161,.F.);
#3189=ADVANCED_FACE('',(#391),#287,.F.);
#3190=ADVANCED_FACE('',(#392),#3162,.F.);
#3191=ADVANCED_FACE('',(#393),#288,.F.);
#3192=ADVANCED_FACE('',(#394),#289,.T.);
#3193=ADVANCED_FACE('',(#395),#171,.F.);
#3194=ADVANCED_FACE('',(#396),#172,.F.);
#3195=ADVANCED_FACE('',(#397),#173,.F.);
#3196=ADVANCED_FACE('',(#398),#290,.F.);
#3197=ADVANCED_FACE('',(#399),#291,.F.);
#3198=ADVANCED_FACE('',(#400),#292,.F.);
#3199=ADVANCED_FACE('',(#401),#174,.F.);
#3200=ADVANCED_FACE('',(#402),#175,.F.);
#3201=ADVANCED_FACE('',(#403),#293,.F.);
#3202=ADVANCED_FACE('',(#404),#176,.F.);
#3203=ADVANCED_FACE('',(#405),#177,.F.);
#3204=ADVANCED_FACE('',(#406),#294,.F.);
#3205=ADVANCED_FACE('',(#407),#295,.F.);
#3206=ADVANCED_FACE('',(#408),#296,.F.);
#3207=ADVANCED_FACE('',(#409),#178,.F.);
#3208=ADVANCED_FACE('',(#410),#179,.F.);
#3209=ADVANCED_FACE('',(#411),#180,.F.);
#3210=ADVANCED_FACE('',(#412),#297,.F.);
#3211=ADVANCED_FACE('',(#413),#298,.T.);
#3212=ADVANCED_FACE('',(#414),#299,.F.);
#3213=ADVANCED_FACE('',(#415),#300,.F.);
#3214=ADVANCED_FACE('',(#416),#301,.F.);
#3215=ADVANCED_FACE('',(#417),#302,.F.);
#3216=ADVANCED_FACE('',(#418),#303,.F.);
#3217=ADVANCED_FACE('',(#419),#304,.F.);
#3218=ADVANCED_FACE('',(#420),#305,.F.);
#3219=ADVANCED_FACE('',(#421),#306,.F.);
#3220=ADVANCED_FACE('',(#422),#307,.F.);
#3221=ADVANCED_FACE('',(#423),#308,.F.);
#3222=ADVANCED_FACE('',(#424),#181,.F.);
#3223=ADVANCED_FACE('',(#425),#182,.F.);
#3224=ADVANCED_FACE('',(#426),#309,.F.);
#3225=ADVANCED_FACE('',(#427),#183,.F.);
#3226=ADVANCED_FACE('',(#428),#184,.F.);
#3227=ADVANCED_FACE('',(#429),#310,.F.);
#3228=ADVANCED_FACE('',(#430),#311,.F.);
#3229=ADVANCED_FACE('',(#431),#312,.F.);
#3230=ADVANCED_FACE('',(#432),#185,.F.);
#3231=ADVANCED_FACE('',(#433),#186,.F.);
#3232=ADVANCED_FACE('',(#434),#187,.F.);
#3233=ADVANCED_FACE('',(#435),#313,.F.);
#3234=ADVANCED_FACE('',(#436),#188,.F.);
#3235=ADVANCED_FACE('',(#437),#189,.F.);
#3236=ADVANCED_FACE('',(#438),#190,.F.);
#3237=ADVANCED_FACE('',(#439),#314,.F.);
#3238=ADVANCED_FACE('',(#440),#315,.T.);
#3239=ADVANCED_FACE('',(#441),#316,.F.);
#3240=ADVANCED_FACE('',(#442),#317,.F.);
#3241=ADVANCED_FACE('',(#443),#191,.F.);
#3242=ADVANCED_FACE('',(#444),#192,.F.);
#3243=ADVANCED_FACE('',(#445),#318,.F.);
#3244=ADVANCED_FACE('',(#446),#193,.F.);
#3245=ADVANCED_FACE('',(#447),#194,.F.);
#3246=ADVANCED_FACE('',(#448),#319,.F.);
#3247=ADVANCED_FACE('',(#449),#320,.F.);
#3248=ADVANCED_FACE('',(#450),#321,.F.);
#3249=ADVANCED_FACE('',(#451),#195,.F.);
#3250=ADVANCED_FACE('',(#452),#196,.F.);
#3251=ADVANCED_FACE('',(#453),#197,.F.);
#3252=ADVANCED_FACE('',(#454),#322,.F.);
#3253=ADVANCED_FACE('',(#455),#198,.F.);
#3254=ADVANCED_FACE('',(#456),#199,.F.);
#3255=ADVANCED_FACE('',(#457),#200,.F.);
#3256=ADVANCED_FACE('',(#458),#323,.F.);
#3257=ADVANCED_FACE('',(#459),#324,.T.);
#3258=ADVANCED_FACE('',(#460),#325,.F.);
#3259=ADVANCED_FACE('',(#461),#326,.F.);
#3260=ADVANCED_FACE('',(#462),#327,.F.);
#3261=ADVANCED_FACE('',(#463),#328,.F.);
#3262=ADVANCED_FACE('',(#464),#329,.F.);
#3263=ADVANCED_FACE('',(#465),#201,.F.);
#3264=ADVANCED_FACE('',(#466),#330,.F.);
#3265=ADVANCED_FACE('',(#467),#202,.F.);
#3266=ADVANCED_FACE('',(#468),#203,.F.);
#3267=ADVANCED_FACE('',(#469),#331,.F.);
#3268=ADVANCED_FACE('',(#470),#204,.F.);
#3269=ADVANCED_FACE('',(#471),#205,.F.);
#3270=ADVANCED_FACE('',(#472),#332,.F.);
#3271=ADVANCED_FACE('',(#473),#206,.F.);
#3272=ADVANCED_FACE('',(#474),#207,.F.);
#3273=ADVANCED_FACE('',(#475),#333,.F.);
#3274=ADVANCED_FACE('',(#476),#208,.F.);
#3275=ADVANCED_FACE('',(#477),#209,.F.);
#3276=ADVANCED_FACE('',(#478),#334,.F.);
#3277=ADVANCED_FACE('',(#479),#210,.F.);
#3278=ADVANCED_FACE('',(#480),#211,.F.);
#3279=ADVANCED_FACE('',(#481),#335,.F.);
#3280=ADVANCED_FACE('',(#482),#212,.F.);
#3281=ADVANCED_FACE('',(#483),#213,.F.);
#3282=ADVANCED_FACE('',(#484),#336,.F.);
#3283=ADVANCED_FACE('',(#485),#214,.F.);
#3284=ADVANCED_FACE('',(#486),#215,.F.);
#3285=ADVANCED_FACE('',(#487),#337,.F.);
#3286=ADVANCED_FACE('',(#488),#216,.F.);
#3287=ADVANCED_FACE('',(#489),#217,.F.);
#3288=ADVANCED_FACE('',(#490),#218,.F.);
#3289=ADVANCED_FACE('',(#491),#219,.F.);
#3290=ADVANCED_FACE('',(#492),#338,.F.);
#3291=ADVANCED_FACE('',(#493),#220,.F.);
#3292=ADVANCED_FACE('',(#494),#221,.F.);
#3293=ADVANCED_FACE('',(#495),#222,.F.);
#3294=ADVANCED_FACE('',(#496),#223,.F.);
#3295=ADVANCED_FACE('',(#497),#339,.F.);
#3296=ADVANCED_FACE('',(#498),#224,.F.);
#3297=ADVANCED_FACE('',(#499),#225,.F.);
#3298=ADVANCED_FACE('',(#500),#226,.F.);
#3299=ADVANCED_FACE('',(#501),#340,.F.);
#3300=ADVANCED_FACE('',(#502),#341,.F.);
#3301=ADVANCED_FACE('',(#503),#342,.F.);
#3302=ADVANCED_FACE('',(#504,#15,#16),#343,.T.);
#3303=ADVANCED_FACE('',(#505),#344,.F.);
#3304=ADVANCED_FACE('',(#506),#345,.F.);
#3305=ADVANCED_FACE('',(#507),#227,.F.);
#3306=ADVANCED_FACE('',(#508),#228,.F.);
#3307=ADVANCED_FACE('',(#509),#346,.F.);
#3308=ADVANCED_FACE('',(#510),#229,.F.);
#3309=ADVANCED_FACE('',(#511),#230,.F.);
#3310=ADVANCED_FACE('',(#512),#347,.F.);
#3311=ADVANCED_FACE('',(#513),#348,.F.);
#3312=ADVANCED_FACE('',(#514),#349,.F.);
#3313=ADVANCED_FACE('',(#515),#231,.F.);
#3314=ADVANCED_FACE('',(#516),#232,.F.);
#3315=ADVANCED_FACE('',(#517),#233,.F.);
#3316=ADVANCED_FACE('',(#518),#350,.F.);
#3317=ADVANCED_FACE('',(#519),#234,.F.);
#3318=ADVANCED_FACE('',(#520),#235,.F.);
#3319=ADVANCED_FACE('',(#521),#236,.F.);
#3320=ADVANCED_FACE('',(#522),#351,.F.);
#3321=ADVANCED_FACE('',(#523),#352,.T.);
#3322=ADVANCED_FACE('',(#524),#353,.T.);
#3323=ADVANCED_FACE('',(#525),#354,.T.);
#3324=ADVANCED_FACE('',(#526),#265,.F.);
#3325=ADVANCED_FACE('',(#527,#17),#355,.T.);
#3326=ADVANCED_FACE('',(#528),#356,.T.);
#3327=ADVANCED_FACE('',(#529),#357,.T.);
#3328=ADVANCED_FACE('',(#530,#18,#19,#20,#21,#22,#23,#24,#25,#26,#27,#28,
#29,#30,#31),#358,.T.);
#3329=ADVANCED_FACE('',(#531),#266,.F.);
#3330=ADVANCED_FACE('',(#532,#32),#359,.T.);
#3331=ADVANCED_FACE('',(#533),#267,.F.);
#3332=ADVANCED_FACE('',(#534,#33),#360,.T.);
#3333=ADVANCED_FACE('',(#535),#268,.F.);
#3334=ADVANCED_FACE('',(#536,#34),#361,.T.);
#3335=ADVANCED_FACE('',(#537),#269,.F.);
#3336=ADVANCED_FACE('',(#538),#270,.F.);
#3337=ADVANCED_FACE('',(#539),#271,.F.);
#3338=ADVANCED_FACE('',(#540),#272,.F.);
#3339=ADVANCED_FACE('',(#541),#362,.T.);
#3340=ADVANCED_FACE('',(#542),#363,.T.);
#3341=ADVANCED_FACE('',(#543,#35,#36,#37,#38),#364,.F.);
#3342=CLOSED_SHELL('',(#3163,#3164,#3165,#3166,#3167,#3168,#3169,#3170,
#3171,#3172,#3173,#3174,#3175,#3176,#3177,#3178,#3179,#3180,#3181,#3182,
#3183,#3184,#3185,#3186,#3187,#3188,#3189,#3190,#3191,#3192,#3193,#3194,
#3195,#3196,#3197,#3198,#3199,#3200,#3201,#3202,#3203,#3204,#3205,#3206,
#3207,#3208,#3209,#3210,#3211,#3212,#3213,#3214,#3215,#3216,#3217,#3218,
#3219,#3220,#3221,#3222,#3223,#3224,#3225,#3226,#3227,#3228,#3229,#3230,
#3231,#3232,#3233,#3234,#3235,#3236,#3237,#3238,#3239,#3240,#3241,#3242,
#3243,#3244,#3245,#3246,#3247,#3248,#3249,#3250,#3251,#3252,#3253,#3254,
#3255,#3256,#3257,#3258,#3259,#3260,#3261,#3262,#3263,#3264,#3265,#3266,
#3267,#3268,#3269,#3270,#3271,#3272,#3273,#3274,#3275,#3276,#3277,#3278,
#3279,#3280,#3281,#3282,#3283,#3284,#3285,#3286,#3287,#3288,#3289,#3290,
#3291,#3292,#3293,#3294,#3295,#3296,#3297,#3298,#3299,#3300,#3301,#3302,
#3303,#3304,#3305,#3306,#3307,#3308,#3309,#3310,#3311,#3312,#3313,#3314,
#3315,#3316,#3317,#3318,#3319,#3320,#3321,#3322,#3323,#3324,#3325,#3326,
#3327,#3328,#3329,#3330,#3331,#3332,#3333,#3334,#3335,#3336,#3337,#3338,
#3339,#3340,#3341));
#3343=DERIVED_UNIT_ELEMENT(#3345,1.);
#3344=DERIVED_UNIT_ELEMENT(#6280,-3.);
#3345=(
MASS_UNIT()
NAMED_UNIT(*)
SI_UNIT(.KILO.,.GRAM.)
);
#3346=DERIVED_UNIT((#3343,#3344));
#3347=MEASURE_REPRESENTATION_ITEM('density measure',
POSITIVE_RATIO_MEASURE(1060.),#3346);
#3348=PROPERTY_DEFINITION_REPRESENTATION(#3353,#3350);
#3349=PROPERTY_DEFINITION_REPRESENTATION(#3354,#3351);
#3350=REPRESENTATION('material name',(#3352),#6277);
#3351=REPRESENTATION('density',(#3347),#6277);
#3352=DESCRIPTIVE_REPRESENTATION_ITEM('ABS \X2\D50CB77CC2A4D2F1\X0\',
'ABS \X2\D50CB77CC2A4D2F1\X0\');
#3353=PROPERTY_DEFINITION('material property','material name',#6287);
#3354=PROPERTY_DEFINITION('material property','density of part',#6287);
#3355=AXIS2_PLACEMENT_3D('',#4051,#3484,#3485);
#3356=AXIS2_PLACEMENT_3D('',#4074,#3488,#3489);
#3357=AXIS2_PLACEMENT_3D('',#4099,#3494,#3495);
#3358=AXIS2_PLACEMENT_3D('',#4124,#3500,#3501);
#3359=AXIS2_PLACEMENT_3D('',#4127,#3504,#3505);
#3360=AXIS2_PLACEMENT_3D('',#4128,#3506,#3507);
#3361=AXIS2_PLACEMENT_3D('',#4156,#3513,#3514);
#3362=AXIS2_PLACEMENT_3D('',#4181,#3519,#3520);
#3363=AXIS2_PLACEMENT_3D('',#4203,#3524,#3525);
#3364=AXIS2_PLACEMENT_3D('',#4204,#3526,#3527);
#3365=AXIS2_PLACEMENT_3D('',#4207,#3528,#3529);
#3366=AXIS2_PLACEMENT_3D('',#4211,#3531,#3532);
#3367=AXIS2_PLACEMENT_3D('',#4213,#3534,#3535);
#3368=AXIS2_PLACEMENT_3D('',#4219,#3539,#3540);
#3369=AXIS2_PLACEMENT_3D('',#4221,#3541,#3542);
#3370=AXIS2_PLACEMENT_3D('',#4224,#3544,#3545);
#3371=AXIS2_PLACEMENT_3D('',#4225,#3546,#3547);
#3372=AXIS2_PLACEMENT_3D('',#4231,#3551,#3552);
#3373=AXIS2_PLACEMENT_3D('',#4233,#3553,#3554);
#3374=AXIS2_PLACEMENT_3D('',#4236,#3556,#3557);
#3375=AXIS2_PLACEMENT_3D('',#4237,#3558,#3559);
#3376=AXIS2_PLACEMENT_3D('',#4243,#3563,#3564);
#3377=AXIS2_PLACEMENT_3D('',#4245,#3565,#3566);
#3378=AXIS2_PLACEMENT_3D('',#4248,#3568,#3569);
#3379=AXIS2_PLACEMENT_3D('',#4249,#3570,#3571);
#3380=AXIS2_PLACEMENT_3D('',#4252,#3574,#3575);
#3381=AXIS2_PLACEMENT_3D('',#4275,#3578,#3579);
#3382=AXIS2_PLACEMENT_3D('',#4300,#3584,#3585);
#3383=AXIS2_PLACEMENT_3D('',#4325,#3590,#3591);
#3384=AXIS2_PLACEMENT_3D('',#4328,#3594,#3595);
#3385=AXIS2_PLACEMENT_3D('',#4401,#3600,#3601);
#3386=AXIS2_PLACEMENT_3D('',#4407,#3605,#3606);
#3387=AXIS2_PLACEMENT_3D('',#4413,#3610,#3611);
#3388=AXIS2_PLACEMENT_3D('',#4465,#3617,#3618);
#3389=AXIS2_PLACEMENT_3D('',#4517,#3624,#3625);
#3390=AXIS2_PLACEMENT_3D('',#4523,#3629,#3630);
#3391=AXIS2_PLACEMENT_3D('',#4529,#3634,#3635);
#3392=AXIS2_PLACEMENT_3D('',#4604,#3642,#3643);
#3393=AXIS2_PLACEMENT_3D('',#4607,#3646,#3647);
#3394=AXIS2_PLACEMENT_3D('',#4608,#3648,#3649);
#3395=AXIS2_PLACEMENT_3D('',#4617,#3654,#3655);
#3396=AXIS2_PLACEMENT_3D('',#4623,#3659,#3660);
#3397=AXIS2_PLACEMENT_3D('',#4629,#3664,#3665);
#3398=AXIS2_PLACEMENT_3D('',#4635,#3669,#3670);
#3399=AXIS2_PLACEMENT_3D('',#4641,#3674,#3675);
#3400=AXIS2_PLACEMENT_3D('',#4647,#3679,#3680);
#3401=AXIS2_PLACEMENT_3D('',#4650,#3683,#3684);
#3402=AXIS2_PLACEMENT_3D('',#4651,#3685,#3686);
#3403=AXIS2_PLACEMENT_3D('',#4660,#3691,#3692);
#3404=AXIS2_PLACEMENT_3D('',#4712,#3698,#3699);
#3405=AXIS2_PLACEMENT_3D('',#4764,#3705,#3706);
#3406=AXIS2_PLACEMENT_3D('',#4770,#3710,#3711);
#3407=AXIS2_PLACEMENT_3D('',#4776,#3715,#3716);
#3408=AXIS2_PLACEMENT_3D('',#4851,#3723,#3724);
#3409=AXIS2_PLACEMENT_3D('',#4926,#3731,#3732);
#3410=AXIS2_PLACEMENT_3D('',#4929,#3735,#3736);
#3411=AXIS2_PLACEMENT_3D('',#4930,#3737,#3738);
#3412=AXIS2_PLACEMENT_3D('',#4939,#3743,#3744);
#3413=AXIS2_PLACEMENT_3D('',#4991,#3750,#3751);
#3414=AXIS2_PLACEMENT_3D('',#5043,#3757,#3758);
#3415=AXIS2_PLACEMENT_3D('',#5049,#3762,#3763);
#3416=AXIS2_PLACEMENT_3D('',#5055,#3767,#3768);
#3417=AXIS2_PLACEMENT_3D('',#5130,#3775,#3776);
#3418=AXIS2_PLACEMENT_3D('',#5205,#3783,#3784);
#3419=AXIS2_PLACEMENT_3D('',#5208,#3787,#3788);
#3420=AXIS2_PLACEMENT_3D('',#5209,#3789,#3790);
#3421=AXIS2_PLACEMENT_3D('',#5218,#3795,#3796);
#3422=AXIS2_PLACEMENT_3D('',#5224,#3800,#3801);
#3423=AXIS2_PLACEMENT_3D('',#5230,#3805,#3806);
#3424=AXIS2_PLACEMENT_3D('',#5233,#3809,#3810);
#3425=AXIS2_PLACEMENT_3D('',#5260,#3813,#3814);
#3426=AXIS2_PLACEMENT_3D('',#5312,#3820,#3821);
#3427=AXIS2_PLACEMENT_3D('',#5364,#3827,#3828);
#3428=AXIS2_PLACEMENT_3D('',#5416,#3834,#3835);
#3429=AXIS2_PLACEMENT_3D('',#5468,#3841,#3842);
#3430=AXIS2_PLACEMENT_3D('',#5520,#3848,#3849);
#3431=AXIS2_PLACEMENT_3D('',#5572,#3855,#3856);
#3432=AXIS2_PLACEMENT_3D('',#5624,#3862,#3863);
#3433=AXIS2_PLACEMENT_3D('',#5722,#3871,#3872);
#3434=AXIS2_PLACEMENT_3D('',#5820,#3880,#3881);
#3435=AXIS2_PLACEMENT_3D('',#5895,#3888,#3889);
#3436=AXIS2_PLACEMENT_3D('',#5901,#3893,#3894);
#3437=AXIS2_PLACEMENT_3D('',#5907,#3898,#3899);
#3438=AXIS2_PLACEMENT_3D('',#5910,#3902,#3903);
#3439=AXIS2_PLACEMENT_3D('',#5911,#3904,#3905);
#3440=AXIS2_PLACEMENT_3D('',#5920,#3910,#3911);
#3441=AXIS2_PLACEMENT_3D('',#5972,#3917,#3918);
#3442=AXIS2_PLACEMENT_3D('',#6024,#3924,#3925);
#3443=AXIS2_PLACEMENT_3D('',#6030,#3929,#3930);
#3444=AXIS2_PLACEMENT_3D('',#6036,#3934,#3935);
#3445=AXIS2_PLACEMENT_3D('',#6111,#3942,#3943);
#3446=AXIS2_PLACEMENT_3D('',#6186,#3950,#3951);
#3447=AXIS2_PLACEMENT_3D('',#6189,#3954,#3955);
#3448=AXIS2_PLACEMENT_3D('',#6190,#3956,#3957);
#3449=AXIS2_PLACEMENT_3D('',#6191,#3958,#3959);
#3450=AXIS2_PLACEMENT_3D('',#6192,#3960,#3961);
#3451=AXIS2_PLACEMENT_3D('',#6197,#3963,#3964);
#3452=AXIS2_PLACEMENT_3D('',#6200,#3966,#3967);
#3453=AXIS2_PLACEMENT_3D('',#6201,#3968,#3969);
#3454=AXIS2_PLACEMENT_3D('',#6206,#3972,#3973);
#3455=AXIS2_PLACEMENT_3D('',#6207,#3974,#3975);
#3456=AXIS2_PLACEMENT_3D('',#6215,#3980,#3981);
#3457=AXIS2_PLACEMENT_3D('',#6221,#3985,#3986);
#3458=AXIS2_PLACEMENT_3D('',#6226,#3989,#3990);
#3459=AXIS2_PLACEMENT_3D('',#6228,#3991,#3992);
#3460=AXIS2_PLACEMENT_3D('',#6230,#3993,#3994);
#3461=AXIS2_PLACEMENT_3D('',#6231,#3995,#3996);
#3462=AXIS2_PLACEMENT_3D('',#6234,#3998,#3999);
#3463=AXIS2_PLACEMENT_3D('',#6235,#4000,#4001);
#3464=AXIS2_PLACEMENT_3D('',#6237,#4002,#4003);
#3465=AXIS2_PLACEMENT_3D('',#6238,#4004,#4005);
#3466=AXIS2_PLACEMENT_3D('',#6241,#4007,#4008);
#3467=AXIS2_PLACEMENT_3D('',#6242,#4009,#4010);
#3468=AXIS2_PLACEMENT_3D('',#6244,#4011,#4012);
#3469=AXIS2_PLACEMENT_3D('',#6245,#4013,#4014);
#3470=AXIS2_PLACEMENT_3D('',#6248,#4016,#4017);
#3471=AXIS2_PLACEMENT_3D('',#6249,#4018,#4019);
#3472=AXIS2_PLACEMENT_3D('',#6251,#4020,#4021);
#3473=AXIS2_PLACEMENT_3D('',#6252,#4022,#4023);
#3474=AXIS2_PLACEMENT_3D('',#6255,#4025,#4026);
#3475=AXIS2_PLACEMENT_3D('',#6256,#4027,#4028);
#3476=AXIS2_PLACEMENT_3D('',#6259,#4030,#4031);
#3477=AXIS2_PLACEMENT_3D('',#6260,#4032,#4033);
#3478=AXIS2_PLACEMENT_3D('',#6263,#4035,#4036);
#3479=AXIS2_PLACEMENT_3D('',#6264,#4037,#4038);
#3480=AXIS2_PLACEMENT_3D('',#6267,#4040,#4041);
#3481=AXIS2_PLACEMENT_3D('',#6268,#4042,#4043);
#3482=AXIS2_PLACEMENT_3D('',#6272,#4046,#4047);
#3483=AXIS2_PLACEMENT_3D('',#6274,#4049,#4050);
#3484=DIRECTION('axis',(0.,0.,1.));
#3485=DIRECTION('refdir',(1.,0.,0.));
#3486=DIRECTION('',(0.,0.,-1.));
#3487=DIRECTION('',(0.,0.,-1.));
#3488=DIRECTION('center_axis',(-1.,2.059853157089E-16,0.));
#3489=DIRECTION('ref_axis',(2.059853157089E-16,1.,0.));
#3490=DIRECTION('',(2.059853157089E-16,1.,0.));
#3491=DIRECTION('',(0.,0.,-1.));
#3492=DIRECTION('',(2.059853157089E-16,1.,0.));
#3493=DIRECTION('',(0.,0.,-1.));
#3494=DIRECTION('center_axis',(0.,-1.,0.));
#3495=DIRECTION('ref_axis',(-1.,0.,0.));
#3496=DIRECTION('',(-1.,0.,0.));
#3497=DIRECTION('',(0.,0.,-1.));
#3498=DIRECTION('',(-1.,0.,0.));
#3499=DIRECTION('',(0.,0.,-1.));
#3500=DIRECTION('center_axis',(0.707107464195553,0.707106098176882,0.));
#3501=DIRECTION('ref_axis',(0.707106098176882,-0.707107464195553,0.));
#3502=DIRECTION('',(0.707106098176882,-0.707107464195553,0.));
#3503=DIRECTION('',(0.707106098176882,-0.707107464195553,0.));
#3504=DIRECTION('center_axis',(0.,0.,1.));
#3505=DIRECTION('ref_axis',(-1.,0.,0.));
#3506=DIRECTION('center_axis',(1.,0.,0.));
#3507=DIRECTION('ref_axis',(0.,-1.,0.));
#3508=DIRECTION('',(0.,-1.,0.));
#3509=DIRECTION('',(0.,0.,-1.));
#3510=DIRECTION('',(0.,-1.,0.));
#3511=DIRECTION('',(0.,0.,-1.));
#3512=DIRECTION('',(0.,0.,-1.));
#3513=DIRECTION('center_axis',(0.,1.,0.));
#3514=DIRECTION('ref_axis',(1.,0.,0.));
#3515=DIRECTION('',(1.,0.,0.));
#3516=DIRECTION('',(0.,0.,-1.));
#3517=DIRECTION('',(1.,0.,0.));
#3518=DIRECTION('',(0.,0.,-1.));
#3519=DIRECTION('center_axis',(-0.707107400884984,-0.707106161487568,0.));
#3520=DIRECTION('ref_axis',(-0.707106161487568,0.707107400884984,0.));
#3521=DIRECTION('',(-0.707106161487568,0.707107400884984,0.));
#3522=DIRECTION('',(0.,0.,-1.));
#3523=DIRECTION('',(-0.707106161487568,0.707107400884984,0.));
#3524=DIRECTION('center_axis',(0.,0.,1.));
#3525=DIRECTION('ref_axis',(-1.,0.,0.));
#3526=DIRECTION('center_axis',(0.,0.,-1.));
#3527=DIRECTION('ref_axis',(1.,0.,0.));
#3528=DIRECTION('center_axis',(0.,0.,-1.));
#3529=DIRECTION('ref_axis',(1.,0.,0.));
#3530=DIRECTION('',(0.,0.,-1.));
#3531=DIRECTION('center_axis',(0.,0.,-1.));
#3532=DIRECTION('ref_axis',(1.,0.,0.));
#3533=DIRECTION('',(0.,0.,-1.));
#3534=DIRECTION('center_axis',(1.,0.,0.));
#3535=DIRECTION('ref_axis',(0.,-1.,0.));
#3536=DIRECTION('',(0.,-1.,0.));
#3537=DIRECTION('',(0.,0.,-1.));
#3538=DIRECTION('',(0.,-1.,0.));
#3539=DIRECTION('center_axis',(0.,0.,-1.));
#3540=DIRECTION('ref_axis',(0.,1.,0.));
#3541=DIRECTION('center_axis',(0.,0.,-1.));
#3542=DIRECTION('ref_axis',(0.,1.,0.));
#3543=DIRECTION('',(0.,0.,-1.));
#3544=DIRECTION('center_axis',(0.,0.,-1.));
#3545=DIRECTION('ref_axis',(0.,1.,0.));
#3546=DIRECTION('center_axis',(0.,1.,0.));
#3547=DIRECTION('ref_axis',(1.,0.,0.));
#3548=DIRECTION('',(1.,0.,0.));
#3549=DIRECTION('',(0.,0.,-1.));
#3550=DIRECTION('',(1.,0.,0.));
#3551=DIRECTION('center_axis',(0.,0.,-1.));
#3552=DIRECTION('ref_axis',(-1.,0.,0.));
#3553=DIRECTION('center_axis',(0.,0.,-1.));
#3554=DIRECTION('ref_axis',(-1.,0.,0.));
#3555=DIRECTION('',(0.,0.,-1.));
#3556=DIRECTION('center_axis',(0.,0.,-1.));
#3557=DIRECTION('ref_axis',(-1.,0.,0.));
#3558=DIRECTION('center_axis',(-1.,1.85014044015357E-16,0.));
#3559=DIRECTION('ref_axis',(1.85014044015357E-16,1.,0.));
#3560=DIRECTION('',(1.85014044015357E-16,1.,0.));
#3561=DIRECTION('',(0.,0.,-1.));
#3562=DIRECTION('',(1.85014044015357E-16,1.,0.));
#3563=DIRECTION('center_axis',(0.,0.,-1.));
#3564=DIRECTION('ref_axis',(0.,-1.,0.));
#3565=DIRECTION('center_axis',(0.,0.,-1.));
#3566=DIRECTION('ref_axis',(0.,-1.,0.));
#3567=DIRECTION('',(0.,0.,-1.));
#3568=DIRECTION('center_axis',(0.,0.,-1.));
#3569=DIRECTION('ref_axis',(0.,-1.,0.));
#3570=DIRECTION('center_axis',(0.,-1.,0.));
#3571=DIRECTION('ref_axis',(-1.,0.,0.));
#3572=DIRECTION('',(-1.,0.,0.));
#3573=DIRECTION('',(-1.,0.,0.));
#3574=DIRECTION('center_axis',(0.,0.,1.));
#3575=DIRECTION('ref_axis',(-1.,0.,0.));
#3576=DIRECTION('',(0.,0.,-1.));
#3577=DIRECTION('',(0.,0.,-1.));
#3578=DIRECTION('center_axis',(-1.,4.119706314178E-16,0.));
#3579=DIRECTION('ref_axis',(4.119706314178E-16,1.,0.));
#3580=DIRECTION('',(4.119706314178E-16,1.,0.));
#3581=DIRECTION('',(0.,0.,-1.));
#3582=DIRECTION('',(4.119706314178E-16,1.,0.));
#3583=DIRECTION('',(0.,0.,-1.));
#3584=DIRECTION('center_axis',(0.,-1.,0.));
#3585=DIRECTION('ref_axis',(-1.,0.,0.));
#3586=DIRECTION('',(-1.,0.,0.));
#3587=DIRECTION('',(0.,0.,-1.));
#3588=DIRECTION('',(-1.,0.,0.));
#3589=DIRECTION('',(0.,0.,-1.));
#3590=DIRECTION('center_axis',(0.70710678118655,0.707106781186545,0.));
#3591=DIRECTION('ref_axis',(0.707106781186545,-0.70710678118655,0.));
#3592=DIRECTION('',(0.707106781186545,-0.70710678118655,0.));
#3593=DIRECTION('',(0.707106781186545,-0.70710678118655,0.));
#3594=DIRECTION('center_axis',(0.,0.,1.));
#3595=DIRECTION('ref_axis',(-1.,0.,0.));
#3596=DIRECTION('',(0.,0.,-1.));
#3597=DIRECTION('',(0.,0.,-1.));
#3598=DIRECTION('',(0.,0.,-1.));
#3599=DIRECTION('',(0.,0.,-1.));
#3600=DIRECTION('center_axis',(-0.011760151933458,0.999930847022184,0.));
#3601=DIRECTION('ref_axis',(0.999930847022184,0.011760151933458,0.));
#3602=DIRECTION('',(0.999930847022184,0.011760151933458,0.));
#3603=DIRECTION('',(0.,0.,-1.));
#3604=DIRECTION('',(0.999930847022184,0.011760151933458,0.));
#3605=DIRECTION('center_axis',(-0.999930847022184,-0.0117601519334536,0.));
#3606=DIRECTION('ref_axis',(-0.0117601519334536,0.999930847022184,0.));
#3607=DIRECTION('',(-0.0117601519334536,0.999930847022184,0.));
#3608=DIRECTION('',(0.,0.,-1.));
#3609=DIRECTION('',(-0.0117601519334536,0.999930847022184,0.));
#3610=DIRECTION('center_axis',(0.011760151933458,-0.999930847022184,0.));
#3611=DIRECTION('ref_axis',(-0.999930847022184,-0.011760151933458,0.));
#3612=DIRECTION('',(-0.999930847022184,-0.011760151933458,0.));
#3613=DIRECTION('',(0.,0.,-1.));
#3614=DIRECTION('',(-0.999930847022184,-0.011760151933458,0.));
#3615=DIRECTION('',(0.,0.,-1.));
#3616=DIRECTION('',(0.,0.,-1.));
#3617=DIRECTION('center_axis',(-0.999930847022184,-0.011760151933453,0.));
#3618=DIRECTION('ref_axis',(-0.011760151933453,0.999930847022184,0.));
#3619=DIRECTION('',(-0.011760151933453,0.999930847022184,0.));
#3620=DIRECTION('',(0.,0.,-1.));
#3621=DIRECTION('',(-0.011760151933453,0.999930847022184,0.));
#3622=DIRECTION('',(0.,0.,-1.));
#3623=DIRECTION('',(0.,0.,-1.));
#3624=DIRECTION('center_axis',(-0.011760151933458,0.999930847022184,0.));
#3625=DIRECTION('ref_axis',(0.999930847022184,0.011760151933458,0.));
#3626=DIRECTION('',(0.999930847022184,0.011760151933458,0.));
#3627=DIRECTION('',(0.,0.,-1.));
#3628=DIRECTION('',(0.999930847022184,0.011760151933458,0.));
#3629=DIRECTION('center_axis',(-0.999930847022184,-0.0117601519334535,0.));
#3630=DIRECTION('ref_axis',(-0.0117601519334535,0.999930847022184,0.));
#3631=DIRECTION('',(-0.0117601519334535,0.999930847022184,0.));
#3632=DIRECTION('',(0.,0.,-1.));
#3633=DIRECTION('',(-0.0117601519334535,0.999930847022184,0.));
#3634=DIRECTION('center_axis',(0.011760151933458,-0.999930847022184,0.));
#3635=DIRECTION('ref_axis',(-0.999930847022184,-0.011760151933458,0.));
#3636=DIRECTION('',(-0.999930847022184,-0.011760151933458,0.));
#3637=DIRECTION('',(0.,0.,-1.));
#3638=DIRECTION('',(-0.999930847022184,-0.011760151933458,0.));
#3639=DIRECTION('',(0.,0.,-1.));
#3640=DIRECTION('',(0.,0.,-1.));
#3641=DIRECTION('',(0.,0.,-1.));
#3642=DIRECTION('center_axis',(0.999930847022184,0.0117601519334528,0.));
#3643=DIRECTION('ref_axis',(0.0117601519334528,-0.999930847022184,0.));
#3644=DIRECTION('',(0.0117601519334528,-0.999930847022184,0.));
#3645=DIRECTION('',(0.0117601519334528,-0.999930847022184,0.));
#3646=DIRECTION('center_axis',(0.,0.,1.));
#3647=DIRECTION('ref_axis',(-1.,0.,0.));
#3648=DIRECTION('center_axis',(-0.0117601519334571,0.999930847022184,0.));
#3649=DIRECTION('ref_axis',(0.999930847022184,0.0117601519334571,0.));
#3650=DIRECTION('',(0.999930847022184,0.0117601519334571,0.));
#3651=DIRECTION('',(0.,0.,-1.));
#3652=DIRECTION('',(0.999930847022184,0.0117601519334571,0.));
#3653=DIRECTION('',(0.,0.,-1.));
#3654=DIRECTION('center_axis',(-0.999930847022184,-0.0117601519334534,0.));
#3655=DIRECTION('ref_axis',(-0.0117601519334534,0.999930847022184,0.));
#3656=DIRECTION('',(-0.0117601519334534,0.999930847022184,0.));
#3657=DIRECTION('',(0.,0.,-1.));
#3658=DIRECTION('',(-0.0117601519334534,0.999930847022184,0.));
#3659=DIRECTION('center_axis',(-0.633160892982358,-0.774020208778674,0.));
#3660=DIRECTION('ref_axis',(-0.774020208778674,0.633160892982358,0.));
#3661=DIRECTION('',(-0.774020208778674,0.633160892982358,0.));
#3662=DIRECTION('',(0.,0.,-1.));
#3663=DIRECTION('',(-0.774020208778674,0.633160892982358,0.));
#3664=DIRECTION('center_axis',(0.999930847022184,0.0117601519334532,0.));
#3665=DIRECTION('ref_axis',(0.0117601519334532,-0.999930847022184,0.));
#3666=DIRECTION('',(0.0117601519334532,-0.999930847022184,0.));
#3667=DIRECTION('',(0.,0.,-1.));
#3668=DIRECTION('',(0.0117601519334532,-0.999930847022184,0.));
#3669=DIRECTION('center_axis',(0.62226456423897,0.782807008203481,0.));
#3670=DIRECTION('ref_axis',(0.782807008203481,-0.62226456423897,0.));
#3671=DIRECTION('',(0.782807008203481,-0.62226456423897,0.));
#3672=DIRECTION('',(0.,0.,-1.));
#3673=DIRECTION('',(0.782807008203481,-0.62226456423897,0.));
#3674=DIRECTION('center_axis',(0.0117601519334579,-0.999930847022184,0.));
#3675=DIRECTION('ref_axis',(-0.999930847022184,-0.0117601519334579,0.));
#3676=DIRECTION('',(-0.999930847022184,-0.0117601519334579,0.));
#3677=DIRECTION('',(0.,0.,-1.));
#3678=DIRECTION('',(-0.999930847022184,-0.0117601519334579,0.));
#3679=DIRECTION('center_axis',(0.999930847022184,0.0117601519334529,0.));
#3680=DIRECTION('ref_axis',(0.0117601519334529,-0.999930847022184,0.));
#3681=DIRECTION('',(0.0117601519334529,-0.999930847022184,0.));
#3682=DIRECTION('',(0.0117601519334529,-0.999930847022184,0.));
#3683=DIRECTION('center_axis',(0.,0.,-1.));
#3684=DIRECTION('ref_axis',(-1.,0.,0.));
#3685=DIRECTION('center_axis',(-0.0117601519334632,0.999930847022184,0.));
#3686=DIRECTION('ref_axis',(0.999930847022184,0.0117601519334632,0.));
#3687=DIRECTION('',(0.999930847022184,0.0117601519334632,0.));
#3688=DIRECTION('',(0.,0.,-1.));
#3689=DIRECTION('',(0.999930847022184,0.0117601519334632,0.));
#3690=DIRECTION('',(0.,0.,-1.));
#3691=DIRECTION('center_axis',(-0.999930847022184,-0.0117601519334529,0.));
#3692=DIRECTION('ref_axis',(-0.0117601519334529,0.999930847022184,0.));
#3693=DIRECTION('',(-0.0117601519334529,0.999930847022184,0.));
#3694=DIRECTION('',(0.,0.,-1.));
#3695=DIRECTION('',(-0.0117601519334529,0.999930847022184,0.));
#3696=DIRECTION('',(0.,0.,-1.));
#3697=DIRECTION('',(0.,0.,-1.));
#3698=DIRECTION('center_axis',(-0.011760151933458,0.999930847022184,0.));
#3699=DIRECTION('ref_axis',(0.999930847022184,0.011760151933458,0.));
#3700=DIRECTION('',(0.999930847022184,0.011760151933458,0.));
#3701=DIRECTION('',(0.,0.,-1.));
#3702=DIRECTION('',(0.999930847022184,0.011760151933458,0.));
#3703=DIRECTION('',(0.,0.,-1.));
#3704=DIRECTION('',(0.,0.,-1.));
#3705=DIRECTION('center_axis',(0.999930847022184,0.0117601519334529,0.));
#3706=DIRECTION('ref_axis',(0.0117601519334529,-0.999930847022184,0.));
#3707=DIRECTION('',(0.0117601519334529,-0.999930847022184,0.));
#3708=DIRECTION('',(0.,0.,-1.));
#3709=DIRECTION('',(0.0117601519334529,-0.999930847022184,0.));
#3710=DIRECTION('center_axis',(-0.0117601519334632,0.999930847022184,0.));
#3711=DIRECTION('ref_axis',(0.999930847022184,0.0117601519334632,0.));
#3712=DIRECTION('',(0.999930847022184,0.0117601519334632,0.));
#3713=DIRECTION('',(0.,0.,-1.));
#3714=DIRECTION('',(0.999930847022184,0.0117601519334632,0.));
#3715=DIRECTION('center_axis',(-0.999930847022184,-0.011760151933453,0.));
#3716=DIRECTION('ref_axis',(-0.011760151933453,0.999930847022184,0.));
#3717=DIRECTION('',(-0.011760151933453,0.999930847022184,0.));
#3718=DIRECTION('',(0.,0.,-1.));
#3719=DIRECTION('',(-0.011760151933453,0.999930847022184,0.));
#3720=DIRECTION('',(0.,0.,-1.));
#3721=DIRECTION('',(0.,0.,-1.));
#3722=DIRECTION('',(0.,0.,-1.));
#3723=DIRECTION('center_axis',(0.0117601519334571,-0.999930847022184,0.));
#3724=DIRECTION('ref_axis',(-0.999930847022184,-0.0117601519334571,0.));
#3725=DIRECTION('',(-0.999930847022184,-0.0117601519334571,0.));
#3726=DIRECTION('',(0.,0.,-1.));
#3727=DIRECTION('',(-0.999930847022184,-0.0117601519334571,0.));
#3728=DIRECTION('',(0.,0.,-1.));
#3729=DIRECTION('',(0.,0.,-1.));
#3730=DIRECTION('',(0.,0.,-1.));
#3731=DIRECTION('center_axis',(0.999930847022184,0.0117601519334532,0.));
#3732=DIRECTION('ref_axis',(0.0117601519334532,-0.999930847022184,0.));
#3733=DIRECTION('',(0.0117601519334532,-0.999930847022184,0.));
#3734=DIRECTION('',(0.0117601519334532,-0.999930847022184,0.));
#3735=DIRECTION('center_axis',(0.,0.,1.));
#3736=DIRECTION('ref_axis',(-1.,0.,0.));
#3737=DIRECTION('center_axis',(-0.0117601519334632,0.999930847022184,0.));
#3738=DIRECTION('ref_axis',(0.999930847022184,0.0117601519334632,0.));
#3739=DIRECTION('',(0.999930847022184,0.0117601519334632,0.));
#3740=DIRECTION('',(0.,0.,-1.));
#3741=DIRECTION('',(0.999930847022184,0.0117601519334632,0.));
#3742=DIRECTION('',(0.,0.,-1.));
#3743=DIRECTION('center_axis',(-0.999930847022184,-0.0117601519334529,0.));
#3744=DIRECTION('ref_axis',(-0.0117601519334529,0.999930847022184,0.));
#3745=DIRECTION('',(-0.0117601519334529,0.999930847022184,0.));
#3746=DIRECTION('',(0.,0.,-1.));
#3747=DIRECTION('',(-0.0117601519334529,0.999930847022184,0.));
#3748=DIRECTION('',(0.,0.,-1.));
#3749=DIRECTION('',(0.,0.,-1.));
#3750=DIRECTION('center_axis',(-0.011760151933458,0.999930847022184,0.));
#3751=DIRECTION('ref_axis',(0.999930847022184,0.011760151933458,0.));
#3752=DIRECTION('',(0.999930847022184,0.011760151933458,0.));
#3753=DIRECTION('',(0.,0.,-1.));
#3754=DIRECTION('',(0.999930847022184,0.011760151933458,0.));
#3755=DIRECTION('',(0.,0.,-1.));
#3756=DIRECTION('',(0.,0.,-1.));
#3757=DIRECTION('center_axis',(0.999930847022184,0.0117601519334529,0.));
#3758=DIRECTION('ref_axis',(0.0117601519334529,-0.999930847022184,0.));
#3759=DIRECTION('',(0.0117601519334529,-0.999930847022184,0.));
#3760=DIRECTION('',(0.,0.,-1.));
#3761=DIRECTION('',(0.0117601519334529,-0.999930847022184,0.));
#3762=DIRECTION('center_axis',(-0.0117601519334632,0.999930847022184,0.));
#3763=DIRECTION('ref_axis',(0.999930847022184,0.0117601519334632,0.));
#3764=DIRECTION('',(0.999930847022184,0.0117601519334632,0.));
#3765=DIRECTION('',(0.,0.,-1.));
#3766=DIRECTION('',(0.999930847022184,0.0117601519334632,0.));
#3767=DIRECTION('center_axis',(-0.999930847022184,-0.011760151933453,0.));
#3768=DIRECTION('ref_axis',(-0.011760151933453,0.999930847022184,0.));
#3769=DIRECTION('',(-0.011760151933453,0.999930847022184,0.));
#3770=DIRECTION('',(0.,0.,-1.));
#3771=DIRECTION('',(-0.011760151933453,0.999930847022184,0.));
#3772=DIRECTION('',(0.,0.,-1.));
#3773=DIRECTION('',(0.,0.,-1.));
#3774=DIRECTION('',(0.,0.,-1.));
#3775=DIRECTION('center_axis',(0.0117601519334571,-0.999930847022184,0.));
#3776=DIRECTION('ref_axis',(-0.999930847022184,-0.0117601519334571,0.));
#3777=DIRECTION('',(-0.999930847022184,-0.0117601519334571,0.));
#3778=DIRECTION('',(0.,0.,-1.));
#3779=DIRECTION('',(-0.999930847022184,-0.0117601519334571,0.));
#3780=DIRECTION('',(0.,0.,-1.));
#3781=DIRECTION('',(0.,0.,-1.));
#3782=DIRECTION('',(0.,0.,-1.));
#3783=DIRECTION('center_axis',(0.999930847022184,0.0117601519334532,0.));
#3784=DIRECTION('ref_axis',(0.0117601519334532,-0.999930847022184,0.));
#3785=DIRECTION('',(0.0117601519334532,-0.999930847022184,0.));
#3786=DIRECTION('',(0.0117601519334532,-0.999930847022184,0.));
#3787=DIRECTION('center_axis',(0.,0.,1.));
#3788=DIRECTION('ref_axis',(-1.,0.,0.));
#3789=DIRECTION('center_axis',(-0.0117601519334571,0.999930847022184,0.));
#3790=DIRECTION('ref_axis',(0.999930847022184,0.0117601519334571,0.));
#3791=DIRECTION('',(0.999930847022184,0.0117601519334571,0.));
#3792=DIRECTION('',(0.,0.,-1.));
#3793=DIRECTION('',(0.999930847022184,0.0117601519334571,0.));
#3794=DIRECTION('',(0.,0.,-1.));
#3795=DIRECTION('center_axis',(-0.999930847022184,-0.0117601519334535,0.));
#3796=DIRECTION('ref_axis',(-0.0117601519334535,0.999930847022184,0.));
#3797=DIRECTION('',(-0.0117601519334535,0.999930847022184,0.));
#3798=DIRECTION('',(0.,0.,-1.));
#3799=DIRECTION('',(-0.0117601519334535,0.999930847022184,0.));
#3800=DIRECTION('center_axis',(0.0117601519334571,-0.999930847022184,0.));
#3801=DIRECTION('ref_axis',(-0.999930847022184,-0.0117601519334571,0.));
#3802=DIRECTION('',(-0.999930847022184,-0.0117601519334571,0.));
#3803=DIRECTION('',(0.,0.,-1.));
#3804=DIRECTION('',(-0.999930847022184,-0.0117601519334571,0.));
#3805=DIRECTION('center_axis',(0.999930847022184,0.0117601519334535,0.));
#3806=DIRECTION('ref_axis',(0.0117601519334535,-0.999930847022184,0.));
#3807=DIRECTION('',(0.0117601519334535,-0.999930847022184,0.));
#3808=DIRECTION('',(0.0117601519334535,-0.999930847022184,0.));
#3809=DIRECTION('center_axis',(0.,0.,-1.));
#3810=DIRECTION('ref_axis',(-1.,0.,0.));
#3811=DIRECTION('',(0.,0.,-1.));
#3812=DIRECTION('',(0.,0.,-1.));
#3813=DIRECTION('center_axis',(-0.0117601519334627,0.999930847022184,0.));
#3814=DIRECTION('ref_axis',(0.999930847022184,0.0117601519334627,0.));
#3815=DIRECTION('',(0.999930847022184,0.0117601519334627,0.));
#3816=DIRECTION('',(0.,0.,-1.));
#3817=DIRECTION('',(0.999930847022184,0.0117601519334627,0.));
#3818=DIRECTION('',(0.,0.,-1.));
#3819=DIRECTION('',(0.,0.,-1.));
#3820=DIRECTION('center_axis',(0.999930847022184,0.011760151933453,0.));
#3821=DIRECTION('ref_axis',(0.011760151933453,-0.999930847022184,0.));
#3822=DIRECTION('',(0.011760151933453,-0.999930847022184,0.));
#3823=DIRECTION('',(0.,0.,-1.));
#3824=DIRECTION('',(0.011760151933453,-0.999930847022184,0.));
#3825=DIRECTION('',(0.,0.,-1.));
#3826=DIRECTION('',(0.,0.,-1.));
#3827=DIRECTION('center_axis',(0.0117601519334627,-0.999930847022184,0.));
#3828=DIRECTION('ref_axis',(-0.999930847022184,-0.0117601519334627,0.));
#3829=DIRECTION('',(-0.999930847022184,-0.0117601519334627,0.));
#3830=DIRECTION('',(0.,0.,-1.));
#3831=DIRECTION('',(-0.999930847022184,-0.0117601519334627,0.));
#3832=DIRECTION('',(0.,0.,-1.));
#3833=DIRECTION('',(0.,0.,-1.));
#3834=DIRECTION('center_axis',(-0.999930847022184,-0.011760151933453,0.));
#3835=DIRECTION('ref_axis',(-0.011760151933453,0.999930847022184,0.));
#3836=DIRECTION('',(-0.011760151933453,0.999930847022184,0.));
#3837=DIRECTION('',(0.,0.,-1.));
#3838=DIRECTION('',(-0.011760151933453,0.999930847022184,0.));
#3839=DIRECTION('',(0.,0.,-1.));
#3840=DIRECTION('',(0.,0.,-1.));
#3841=DIRECTION('center_axis',(-0.0117601519334586,0.999930847022184,0.));
#3842=DIRECTION('ref_axis',(0.999930847022184,0.0117601519334586,0.));
#3843=DIRECTION('',(0.999930847022184,0.0117601519334586,0.));
#3844=DIRECTION('',(0.,0.,-1.));
#3845=DIRECTION('',(0.999930847022184,0.0117601519334586,0.));
#3846=DIRECTION('',(0.,0.,-1.));
#3847=DIRECTION('',(0.,0.,-1.));
#3848=DIRECTION('center_axis',(0.999930847022184,0.0117601519334531,0.));
#3849=DIRECTION('ref_axis',(0.0117601519334531,-0.999930847022184,0.));
#3850=DIRECTION('',(0.0117601519334531,-0.999930847022184,0.));
#3851=DIRECTION('',(0.,0.,-1.));
#3852=DIRECTION('',(0.0117601519334531,-0.999930847022184,0.));
#3853=DIRECTION('',(0.,0.,-1.));
#3854=DIRECTION('',(0.,0.,-1.));
#3855=DIRECTION('center_axis',(0.0117601519334586,-0.999930847022184,0.));
#3856=DIRECTION('ref_axis',(-0.999930847022184,-0.0117601519334586,0.));
#3857=DIRECTION('',(-0.999930847022184,-0.0117601519334586,0.));
#3858=DIRECTION('',(0.,0.,-1.));
#3859=DIRECTION('',(-0.999930847022184,-0.0117601519334586,0.));
#3860=DIRECTION('',(0.,0.,-1.));
#3861=DIRECTION('',(0.,0.,-1.));
#3862=DIRECTION('center_axis',(-0.999930847022184,-0.0117601519334531,0.));
#3863=DIRECTION('ref_axis',(-0.0117601519334531,0.999930847022184,0.));
#3864=DIRECTION('',(-0.0117601519334531,0.999930847022184,0.));
#3865=DIRECTION('',(0.,0.,-1.));
#3866=DIRECTION('',(-0.0117601519334531,0.999930847022184,0.));
#3867=DIRECTION('',(0.,0.,-1.));
#3868=DIRECTION('',(0.,0.,-1.));
#3869=DIRECTION('',(0.,0.,-1.));
#3870=DIRECTION('',(0.,0.,-1.));
#3871=DIRECTION('center_axis',(-0.0117601519334617,0.999930847022184,0.));
#3872=DIRECTION('ref_axis',(0.999930847022184,0.0117601519334617,0.));
#3873=DIRECTION('',(0.999930847022184,0.0117601519334617,0.));
#3874=DIRECTION('',(0.,0.,-1.));
#3875=DIRECTION('',(0.999930847022184,0.0117601519334617,0.));
#3876=DIRECTION('',(0.,0.,-1.));
#3877=DIRECTION('',(0.,0.,-1.));
#3878=DIRECTION('',(0.,0.,-1.));
#3879=DIRECTION('',(0.,0.,-1.));
#3880=DIRECTION('center_axis',(-0.0117601519334672,0.999930847022184,0.));
#3881=DIRECTION('ref_axis',(0.999930847022184,0.0117601519334672,0.));
#3882=DIRECTION('',(0.999930847022184,0.0117601519334672,0.));
#3883=DIRECTION('',(0.,0.,-1.));
#3884=DIRECTION('',(0.999930847022184,0.0117601519334672,0.));
#3885=DIRECTION('',(0.,0.,-1.));
#3886=DIRECTION('',(0.,0.,-1.));
#3887=DIRECTION('',(0.,0.,-1.));
#3888=DIRECTION('center_axis',(-0.999930847022184,-0.0117601519334531,0.));
#3889=DIRECTION('ref_axis',(-0.0117601519334531,0.999930847022184,0.));
#3890=DIRECTION('',(-0.0117601519334531,0.999930847022184,0.));
#3891=DIRECTION('',(0.,0.,-1.));
#3892=DIRECTION('',(-0.0117601519334531,0.999930847022184,0.));
#3893=DIRECTION('center_axis',(0.0117601519334589,-0.999930847022184,0.));
#3894=DIRECTION('ref_axis',(-0.999930847022184,-0.0117601519334589,0.));
#3895=DIRECTION('',(-0.999930847022184,-0.0117601519334589,0.));
#3896=DIRECTION('',(0.,0.,-1.));
#3897=DIRECTION('',(-0.999930847022184,-0.0117601519334589,0.));
#3898=DIRECTION('center_axis',(0.999930847022184,0.0117601519334531,0.));
#3899=DIRECTION('ref_axis',(0.0117601519334531,-0.999930847022184,0.));
#3900=DIRECTION('',(0.0117601519334531,-0.999930847022184,0.));
#3901=DIRECTION('',(0.0117601519334531,-0.999930847022184,0.));
#3902=DIRECTION('center_axis',(0.,0.,1.));
#3903=DIRECTION('ref_axis',(-1.,0.,0.));
#3904=DIRECTION('center_axis',(-0.0117601519334632,0.999930847022184,0.));
#3905=DIRECTION('ref_axis',(0.999930847022184,0.0117601519334632,0.));
#3906=DIRECTION('',(0.999930847022184,0.0117601519334632,0.));
#3907=DIRECTION('',(0.,0.,-1.));
#3908=DIRECTION('',(0.999930847022184,0.0117601519334632,0.));
#3909=DIRECTION('',(0.,0.,-1.));
#3910=DIRECTION('center_axis',(-0.999930847022184,-0.0117601519334531,0.));
#3911=DIRECTION('ref_axis',(-0.0117601519334531,0.999930847022184,0.));
#3912=DIRECTION('',(-0.0117601519334531,0.999930847022184,0.));
#3913=DIRECTION('',(0.,0.,-1.));
#3914=DIRECTION('',(-0.0117601519334531,0.999930847022184,0.));
#3915=DIRECTION('',(0.,0.,-1.));
#3916=DIRECTION('',(0.,0.,-1.));
#3917=DIRECTION('center_axis',(-0.011760151933458,0.999930847022184,0.));
#3918=DIRECTION('ref_axis',(0.999930847022184,0.011760151933458,0.));
#3919=DIRECTION('',(0.999930847022184,0.011760151933458,0.));
#3920=DIRECTION('',(0.,0.,-1.));
#3921=DIRECTION('',(0.999930847022184,0.011760151933458,0.));
#3922=DIRECTION('',(0.,0.,-1.));
#3923=DIRECTION('',(0.,0.,-1.));
#3924=DIRECTION('center_axis',(0.999930847022184,0.0117601519334531,0.));
#3925=DIRECTION('ref_axis',(0.0117601519334531,-0.999930847022184,0.));
#3926=DIRECTION('',(0.0117601519334531,-0.999930847022184,0.));
#3927=DIRECTION('',(0.,0.,-1.));
#3928=DIRECTION('',(0.0117601519334531,-0.999930847022184,0.));
#3929=DIRECTION('center_axis',(-0.0117601519334632,0.999930847022184,0.));
#3930=DIRECTION('ref_axis',(0.999930847022184,0.0117601519334632,0.));
#3931=DIRECTION('',(0.999930847022184,0.0117601519334632,0.));
#3932=DIRECTION('',(0.,0.,-1.));
#3933=DIRECTION('',(0.999930847022184,0.0117601519334632,0.));
#3934=DIRECTION('center_axis',(-0.999930847022184,-0.011760151933453,0.));
#3935=DIRECTION('ref_axis',(-0.011760151933453,0.999930847022184,0.));
#3936=DIRECTION('',(-0.011760151933453,0.999930847022184,0.));
#3937=DIRECTION('',(0.,0.,-1.));
#3938=DIRECTION('',(-0.011760151933453,0.999930847022184,0.));
#3939=DIRECTION('',(0.,0.,-1.));
#3940=DIRECTION('',(0.,0.,-1.));
#3941=DIRECTION('',(0.,0.,-1.));
#3942=DIRECTION('center_axis',(0.0117601519334571,-0.999930847022184,0.));
#3943=DIRECTION('ref_axis',(-0.999930847022184,-0.0117601519334571,0.));
#3944=DIRECTION('',(-0.999930847022184,-0.0117601519334571,0.));
#3945=DIRECTION('',(0.,0.,-1.));
#3946=DIRECTION('',(-0.999930847022184,-0.0117601519334571,0.));
#3947=DIRECTION('',(0.,0.,-1.));
#3948=DIRECTION('',(0.,0.,-1.));
#3949=DIRECTION('',(0.,0.,-1.));
#3950=DIRECTION('center_axis',(0.999930847022184,0.011760151933453,0.));
#3951=DIRECTION('ref_axis',(0.011760151933453,-0.999930847022184,0.));
#3952=DIRECTION('',(0.011760151933453,-0.999930847022184,0.));
#3953=DIRECTION('',(0.011760151933453,-0.999930847022184,0.));
#3954=DIRECTION('center_axis',(0.,0.,1.));
#3955=DIRECTION('ref_axis',(-1.,0.,0.));
#3956=DIRECTION('center_axis',(0.,0.,1.));
#3957=DIRECTION('ref_axis',(1.,0.,0.));
#3958=DIRECTION('center_axis',(0.,0.,1.));
#3959=DIRECTION('ref_axis',(1.,0.,0.));
#3960=DIRECTION('center_axis',(0.,0.,-1.));
#3961=DIRECTION('ref_axis',(-1.,0.,0.));
#3962=DIRECTION('',(0.,0.,-1.));
#3963=DIRECTION('center_axis',(0.,0.,-1.));
#3964=DIRECTION('ref_axis',(-1.,0.,0.));
#3965=DIRECTION('',(0.,0.,1.));
#3966=DIRECTION('center_axis',(0.,0.,-1.));
#3967=DIRECTION('ref_axis',(-1.,0.,0.));
#3968=DIRECTION('center_axis',(0.,0.,1.));
#3969=DIRECTION('ref_axis',(1.,0.,0.));
#3970=DIRECTION('',(-1.,0.,0.));
#3971=DIRECTION('',(0.,-1.,0.));
#3972=DIRECTION('center_axis',(0.,0.,1.));
#3973=DIRECTION('ref_axis',(1.,0.,0.));
#3974=DIRECTION('center_axis',(1.,0.,0.));
#3975=DIRECTION('ref_axis',(0.,1.,0.));
#3976=DIRECTION('',(0.,0.,1.));
#3977=DIRECTION('',(0.,1.,0.));
#3978=DIRECTION('',(0.,0.,1.));
#3979=DIRECTION('',(0.,1.,0.));
#3980=DIRECTION('center_axis',(0.,-1.,0.));
#3981=DIRECTION('ref_axis',(1.,0.,0.));
#3982=DIRECTION('',(1.,0.,0.));
#3983=DIRECTION('',(0.,0.,1.));
#3984=DIRECTION('',(1.,0.,0.));
#3985=DIRECTION('center_axis',(0.,0.,1.));
#3986=DIRECTION('ref_axis',(1.,0.,0.));
#3987=DIRECTION('',(-1.,0.,0.));
#3988=DIRECTION('',(0.,-1.,0.));
#3989=DIRECTION('center_axis',(0.,0.,-1.));
#3990=DIRECTION('ref_axis',(-1.,0.,0.));
#3991=DIRECTION('center_axis',(0.,0.,-1.));
#3992=DIRECTION('ref_axis',(-1.,0.,0.));
#3993=DIRECTION('center_axis',(0.,0.,-1.));
#3994=DIRECTION('ref_axis',(-1.,0.,0.));
#3995=DIRECTION('center_axis',(0.,0.,-1.));
#3996=DIRECTION('ref_axis',(-1.,0.,0.));
#3997=DIRECTION('',(0.,0.,-1.));
#3998=DIRECTION('center_axis',(0.,0.,-1.));
#3999=DIRECTION('ref_axis',(-1.,0.,0.));
#4000=DIRECTION('center_axis',(0.,0.,1.));
#4001=DIRECTION('ref_axis',(-1.,0.,0.));
#4002=DIRECTION('center_axis',(0.,0.,1.));
#4003=DIRECTION('ref_axis',(1.,0.,0.));
#4004=DIRECTION('center_axis',(0.,0.,-1.));
#4005=DIRECTION('ref_axis',(-1.,0.,0.));
#4006=DIRECTION('',(0.,0.,-1.));
#4007=DIRECTION('center_axis',(0.,0.,-1.));
#4008=DIRECTION('ref_axis',(-1.,0.,0.));
#4009=DIRECTION('center_axis',(0.,0.,1.));
#4010=DIRECTION('ref_axis',(-1.,0.,0.));
#4011=DIRECTION('center_axis',(0.,0.,1.));
#4012=DIRECTION('ref_axis',(1.,0.,0.));
#4013=DIRECTION('center_axis',(0.,0.,-1.));
#4014=DIRECTION('ref_axis',(-1.,0.,0.));
#4015=DIRECTION('',(0.,0.,-1.));
#4016=DIRECTION('center_axis',(0.,0.,-1.));
#4017=DIRECTION('ref_axis',(-1.,0.,0.));
#4018=DIRECTION('center_axis',(0.,0.,1.));
#4019=DIRECTION('ref_axis',(-1.,0.,0.));
#4020=DIRECTION('center_axis',(0.,0.,1.));
#4021=DIRECTION('ref_axis',(1.,0.,0.));
#4022=DIRECTION('center_axis',(0.,0.,1.));
#4023=DIRECTION('ref_axis',(1.,0.,0.));
#4024=DIRECTION('',(0.,0.,-1.));
#4025=DIRECTION('center_axis',(0.,0.,-1.));
#4026=DIRECTION('ref_axis',(1.,0.,0.));
#4027=DIRECTION('center_axis',(0.,0.,1.));
#4028=DIRECTION('ref_axis',(1.,0.,0.));
#4029=DIRECTION('',(0.,0.,-1.));
#4030=DIRECTION('center_axis',(0.,0.,-1.));
#4031=DIRECTION('ref_axis',(1.,0.,0.));
#4032=DIRECTION('center_axis',(0.,0.,1.));
#4033=DIRECTION('ref_axis',(1.,0.,0.));
#4034=DIRECTION('',(0.,0.,-1.));
#4035=DIRECTION('center_axis',(0.,0.,-1.));
#4036=DIRECTION('ref_axis',(1.,0.,0.));
#4037=DIRECTION('center_axis',(0.,0.,1.));
#4038=DIRECTION('ref_axis',(1.,0.,0.));
#4039=DIRECTION('',(0.,0.,-1.));
#4040=DIRECTION('center_axis',(0.,0.,-1.));
#4041=DIRECTION('ref_axis',(1.,0.,0.));
#4042=DIRECTION('center_axis',(-1.,0.,0.));
#4043=DIRECTION('ref_axis',(0.,-1.,0.));
#4044=DIRECTION('',(0.,-1.,0.));
#4045=DIRECTION('',(0.,0.,1.));
#4046=DIRECTION('center_axis',(0.,1.,0.));
#4047=DIRECTION('ref_axis',(-1.,0.,0.));
#4048=DIRECTION('',(1.,0.,0.));
#4049=DIRECTION('center_axis',(0.,0.,1.));
#4050=DIRECTION('ref_axis',(1.,0.,0.));
#4051=CARTESIAN_POINT('',(0.,0.,0.));
#4052=CARTESIAN_POINT('Ctrl Pts',(0.825698706667637,12.5443019417161,1.));
#4053=CARTESIAN_POINT('Ctrl Pts',(0.825698706667637,12.5443019417161,0.99));
#4054=CARTESIAN_POINT('Ctrl Pts',(0.825698706667637,12.5527887783402,1.));
#4055=CARTESIAN_POINT('Ctrl Pts',(0.825698706667637,12.5527887783402,0.99));
#4056=CARTESIAN_POINT('Ctrl Pts',(0.835958464916562,12.5570369202012,1.));
#4057=CARTESIAN_POINT('Ctrl Pts',(0.835958464916562,12.5570369202012,0.99));
#4058=CARTESIAN_POINT('Ctrl Pts',(0.841958929868554,12.5510361236924,1.));
#4059=CARTESIAN_POINT('Ctrl Pts',(0.841958929868554,12.5510361236924,0.99));
#4060=CARTESIAN_POINT('',(0.825698706667637,12.5443019417161,1.));
#4061=CARTESIAN_POINT('',(0.841958929868554,12.5510361236924,1.));
#4062=CARTESIAN_POINT('Ctrl Pts',(0.825698706667637,12.5443019417161,1.));
#4063=CARTESIAN_POINT('Ctrl Pts',(0.825698706667637,12.5527887783402,1.));
#4064=CARTESIAN_POINT('Ctrl Pts',(0.835958464916562,12.5570369202012,1.));
#4065=CARTESIAN_POINT('Ctrl Pts',(0.841958929868554,12.5510361236924,1.));
#4066=CARTESIAN_POINT('',(0.825698706667637,12.5443019417161,0.99));
#4067=CARTESIAN_POINT('',(0.825698706667637,12.5443019417161,1.));
#4068=CARTESIAN_POINT('',(0.841958929868554,12.5510361236924,0.99));
#4069=CARTESIAN_POINT('Ctrl Pts',(0.825698706667637,12.5443019417161,0.99));
#4070=CARTESIAN_POINT('Ctrl Pts',(0.825698706667637,12.5527887783402,0.99));
#4071=CARTESIAN_POINT('Ctrl Pts',(0.835958464916562,12.5570369202012,0.99));
#4072=CARTESIAN_POINT('Ctrl Pts',(0.841958929868554,12.5510361236924,0.99));
#4073=CARTESIAN_POINT('',(0.841958929868554,12.5510361236924,1.));
#4074=CARTESIAN_POINT('Origin',(0.825698706667637,12.0053203056687,1.));
#4075=CARTESIAN_POINT('',(0.825698706667637,12.0053203056687,1.));
#4076=CARTESIAN_POINT('',(0.825698706667637,11.6901601528344,1.));
#4077=CARTESIAN_POINT('',(0.825698706667637,12.0053203056687,0.99));
#4078=CARTESIAN_POINT('',(0.825698706667637,12.0053203056687,1.));
#4079=CARTESIAN_POINT('',(0.825698706667637,12.5443019417161,0.99));
#4080=CARTESIAN_POINT('Ctrl Pts',(0.835223706667637,11.9957953056687,1.));
#4081=CARTESIAN_POINT('Ctrl Pts',(0.835223706667637,11.9957953056687,0.99));
#4082=CARTESIAN_POINT('Ctrl Pts',(0.829963192178075,11.9957953056687,1.));
#4083=CARTESIAN_POINT('Ctrl Pts',(0.829963192178075,11.9957953056687,0.99));
#4084=CARTESIAN_POINT('Ctrl Pts',(0.825698706667637,12.0000596529359,1.));
#4085=CARTESIAN_POINT('Ctrl Pts',(0.825698706667637,12.0000596529359,0.99));
#4086=CARTESIAN_POINT('Ctrl Pts',(0.825698706667637,12.0053203056687,1.));
#4087=CARTESIAN_POINT('Ctrl Pts',(0.825698706667637,12.0053203056687,0.99));
#4088=CARTESIAN_POINT('',(0.835223706667637,11.9957953056687,1.));
#4089=CARTESIAN_POINT('Ctrl Pts',(0.835223706667637,11.9957953056687,1.));
#4090=CARTESIAN_POINT('Ctrl Pts',(0.829963192178075,11.9957953056687,1.));
#4091=CARTESIAN_POINT('Ctrl Pts',(0.825698706667637,12.0000596529359,1.));
#4092=CARTESIAN_POINT('Ctrl Pts',(0.825698706667637,12.0053203056687,1.));
#4093=CARTESIAN_POINT('',(0.835223706667637,11.9957953056687,0.99));
#4094=CARTESIAN_POINT('',(0.835223706667637,11.9957953056687,1.));
#4095=CARTESIAN_POINT('Ctrl Pts',(0.835223706667637,11.9957953056687,0.99));
#4096=CARTESIAN_POINT('Ctrl Pts',(0.829963192178075,11.9957953056687,0.99));
#4097=CARTESIAN_POINT('Ctrl Pts',(0.825698706667637,12.0000596529359,0.99));
#4098=CARTESIAN_POINT('Ctrl Pts',(0.825698706667637,12.0053203056687,0.99));
#4099=CARTESIAN_POINT('Origin',(1.37420345329544,11.9957953056687,1.));
#4100=CARTESIAN_POINT('',(1.37420345329544,11.9957953056687,1.));
#4101=CARTESIAN_POINT('',(5.93710172664772,11.9957953056687,1.));
#4102=CARTESIAN_POINT('',(1.37420345329544,11.9957953056687,0.99));
#4103=CARTESIAN_POINT('',(1.37420345329544,11.9957953056687,1.));
#4104=CARTESIAN_POINT('',(0.835223706667637,11.9957953056687,0.99));
#4105=CARTESIAN_POINT('Ctrl Pts',(1.38093857998154,12.0120554323548,1.));
#4106=CARTESIAN_POINT('Ctrl Pts',(1.38093857998154,12.0120554323548,0.99));
#4107=CARTESIAN_POINT('Ctrl Pts',(1.38693934015534,12.006054708516,1.));
#4108=CARTESIAN_POINT('Ctrl Pts',(1.38693934015534,12.006054708516,0.99));
#4109=CARTESIAN_POINT('Ctrl Pts',(1.38268927253983,11.9957953056687,1.));
#4110=CARTESIAN_POINT('Ctrl Pts',(1.38268927253983,11.9957953056687,0.99));
#4111=CARTESIAN_POINT('Ctrl Pts',(1.37420345329544,11.9957953056687,1.));
#4112=CARTESIAN_POINT('Ctrl Pts',(1.37420345329544,11.9957953056687,0.99));
#4113=CARTESIAN_POINT('',(1.38093857998154,12.0120554323548,1.));
#4114=CARTESIAN_POINT('Ctrl Pts',(1.38093857998154,12.0120554323548,1.));
#4115=CARTESIAN_POINT('Ctrl Pts',(1.38693934015534,12.006054708516,1.));
#4116=CARTESIAN_POINT('Ctrl Pts',(1.38268927253983,11.9957953056687,1.));
#4117=CARTESIAN_POINT('Ctrl Pts',(1.37420345329544,11.9957953056687,1.));
#4118=CARTESIAN_POINT('',(1.38093857998154,12.0120554323548,0.99));
#4119=CARTESIAN_POINT('',(1.38093857998154,12.0120554323548,1.));
#4120=CARTESIAN_POINT('Ctrl Pts',(1.38093857998154,12.0120554323548,0.99));
#4121=CARTESIAN_POINT('Ctrl Pts',(1.38693934015534,12.006054708516,0.99));
#4122=CARTESIAN_POINT('Ctrl Pts',(1.38268927253983,11.9957953056687,0.99));
#4123=CARTESIAN_POINT('Ctrl Pts',(1.37420345329544,11.9957953056687,0.99));
#4124=CARTESIAN_POINT('Origin',(0.841958929868554,12.5510361236924,1.));
#4125=CARTESIAN_POINT('',(3.5504735638713,9.8425162572619,1.));
#4126=CARTESIAN_POINT('',(1.38093857998154,12.0120554323548,0.99));
#4127=CARTESIAN_POINT('Origin',(1.10631902341149,12.2764161129349,0.99));
#4128=CARTESIAN_POINT('Origin',(1.49244870666764,12.5863453056687,1.));
#4129=CARTESIAN_POINT('',(1.49244870666764,12.5863453056687,1.));
#4130=CARTESIAN_POINT('',(1.49244870666764,12.0473655590409,1.));
#4131=CARTESIAN_POINT('',(1.49244870666764,11.9806726528344,1.));
#4132=CARTESIAN_POINT('',(1.49244870666764,12.5863453056687,0.99));
#4133=CARTESIAN_POINT('',(1.49244870666764,12.5863453056687,1.));
#4134=CARTESIAN_POINT('',(1.49244870666764,12.0473655590409,0.99));
#4135=CARTESIAN_POINT('',(1.49244870666764,12.5863453056687,0.99));
#4136=CARTESIAN_POINT('',(1.49244870666764,12.0473655590409,1.));
#4137=CARTESIAN_POINT('Ctrl Pts',(1.48292370666764,12.5958703056687,1.));
#4138=CARTESIAN_POINT('Ctrl Pts',(1.48292370666764,12.5958703056687,0.99));
#4139=CARTESIAN_POINT('Ctrl Pts',(1.48818435940049,12.5958703056687,1.));
#4140=CARTESIAN_POINT('Ctrl Pts',(1.48818435940049,12.5958703056687,0.99));
#4141=CARTESIAN_POINT('Ctrl Pts',(1.49244870666764,12.5916031242722,1.));
#4142=CARTESIAN_POINT('Ctrl Pts',(1.49244870666764,12.5916031242722,0.99));
#4143=CARTESIAN_POINT('Ctrl Pts',(1.49244870666764,12.5863453056687,1.));
#4144=CARTESIAN_POINT('Ctrl Pts',(1.49244870666764,12.5863453056687,0.99));
#4145=CARTESIAN_POINT('',(1.48292370666764,12.5958703056687,1.));
#4146=CARTESIAN_POINT('Ctrl Pts',(1.48292370666764,12.5958703056687,1.));
#4147=CARTESIAN_POINT('Ctrl Pts',(1.48818435940049,12.5958703056687,1.));
#4148=CARTESIAN_POINT('Ctrl Pts',(1.49244870666764,12.5916031242722,1.));
#4149=CARTESIAN_POINT('Ctrl Pts',(1.49244870666764,12.5863453056687,1.));
#4150=CARTESIAN_POINT('',(1.48292370666764,12.5958703056687,0.99));
#4151=CARTESIAN_POINT('',(1.48292370666764,12.5958703056687,1.));
#4152=CARTESIAN_POINT('Ctrl Pts',(1.48292370666764,12.5958703056687,0.99));
#4153=CARTESIAN_POINT('Ctrl Pts',(1.48818435940049,12.5958703056687,0.99));
#4154=CARTESIAN_POINT('Ctrl Pts',(1.49244870666764,12.5916031242722,0.99));
#4155=CARTESIAN_POINT('Ctrl Pts',(1.49244870666764,12.5863453056687,0.99));
#4156=CARTESIAN_POINT('Origin',(0.943943960039829,12.5958703056687,1.));
#4157=CARTESIAN_POINT('',(0.943943960039829,12.5958703056687,1.));
#4158=CARTESIAN_POINT('',(5.72197198001991,12.5958703056687,1.));
#4159=CARTESIAN_POINT('',(0.943943960039829,12.5958703056687,0.99));
#4160=CARTESIAN_POINT('',(0.943943960039829,12.5958703056687,1.));
#4161=CARTESIAN_POINT('',(0.943943960039829,12.5958703056687,0.99));
#4162=CARTESIAN_POINT('Ctrl Pts',(0.937208833353733,12.5796111236924,1.));
#4163=CARTESIAN_POINT('Ctrl Pts',(0.937208833353733,12.5796111236924,0.99));
#4164=CARTESIAN_POINT('Ctrl Pts',(0.931208082263683,12.5856119202012,1.));
#4165=CARTESIAN_POINT('Ctrl Pts',(0.931208082263683,12.5856119202012,0.99));
#4166=CARTESIAN_POINT('Ctrl Pts',(0.935458140795445,12.5958703056687,1.));
#4167=CARTESIAN_POINT('Ctrl Pts',(0.935458140795445,12.5958703056687,0.99));
#4168=CARTESIAN_POINT('Ctrl Pts',(0.943943960039829,12.5958703056687,1.));
#4169=CARTESIAN_POINT('Ctrl Pts',(0.943943960039829,12.5958703056687,0.99));
#4170=CARTESIAN_POINT('',(0.937208833353733,12.5796111236924,1.));
#4171=CARTESIAN_POINT('Ctrl Pts',(0.937208833353733,12.5796111236924,1.));
#4172=CARTESIAN_POINT('Ctrl Pts',(0.931208082263683,12.5856119202012,1.));
#4173=CARTESIAN_POINT('Ctrl Pts',(0.935458140795445,12.5958703056687,1.));
#4174=CARTESIAN_POINT('Ctrl Pts',(0.943943960039829,12.5958703056687,1.));
#4175=CARTESIAN_POINT('',(0.937208833353733,12.5796111236924,0.99));
#4176=CARTESIAN_POINT('',(0.937208833353733,12.5796111236924,1.));
#4177=CARTESIAN_POINT('Ctrl Pts',(0.937208833353733,12.5796111236924,0.99));
#4178=CARTESIAN_POINT('Ctrl Pts',(0.931208082263683,12.5856119202012,0.99));
#4179=CARTESIAN_POINT('Ctrl Pts',(0.935458140795445,12.5958703056687,0.99));
#4180=CARTESIAN_POINT('Ctrl Pts',(0.943943960039829,12.5958703056687,0.99));
#4181=CARTESIAN_POINT('Origin',(1.47618857998154,12.0406304323548,1.));
#4182=CARTESIAN_POINT('',(1.47618857998154,12.0406304323548,1.));
#4183=CARTESIAN_POINT('',(3.89854508890217,9.61826967759025,1.));
#4184=CARTESIAN_POINT('',(1.47618857998154,12.0406304323548,0.99));
#4185=CARTESIAN_POINT('',(1.47618857998154,12.0406304323548,1.));
#4186=CARTESIAN_POINT('',(1.47618857998154,12.0406304323548,0.99));
#4187=CARTESIAN_POINT('Ctrl Pts',(1.49244870666764,12.0473655590409,1.));
#4188=CARTESIAN_POINT('Ctrl Pts',(1.49244870666764,12.0473655590409,0.99));
#4189=CARTESIAN_POINT('Ctrl Pts',(1.49244870666764,12.0388797397965,1.));
#4190=CARTESIAN_POINT('Ctrl Pts',(1.49244870666764,12.0388797397965,0.99));
#4191=CARTESIAN_POINT('Ctrl Pts',(1.48218930382035,12.034629708516,1.));
#4192=CARTESIAN_POINT('Ctrl Pts',(1.48218930382035,12.034629708516,0.99));
#4193=CARTESIAN_POINT('Ctrl Pts',(1.47618857998154,12.0406304323548,1.));
#4194=CARTESIAN_POINT('Ctrl Pts',(1.47618857998154,12.0406304323548,0.99));
#4195=CARTESIAN_POINT('Ctrl Pts',(1.49244870666764,12.0473655590409,1.));
#4196=CARTESIAN_POINT('Ctrl Pts',(1.49244870666764,12.0388797397965,1.));
#4197=CARTESIAN_POINT('Ctrl Pts',(1.48218930382035,12.034629708516,1.));
#4198=CARTESIAN_POINT('Ctrl Pts',(1.47618857998154,12.0406304323548,1.));
#4199=CARTESIAN_POINT('Ctrl Pts',(1.49244870666764,12.0473655590409,0.99));
#4200=CARTESIAN_POINT('Ctrl Pts',(1.49244870666764,12.0388797397965,0.99));
#4201=CARTESIAN_POINT('Ctrl Pts',(1.48218930382035,12.034629708516,0.99));
#4202=CARTESIAN_POINT('Ctrl Pts',(1.47618857998154,12.0406304323548,0.99));
#4203=CARTESIAN_POINT('Origin',(1.21182839446566,12.3152500070924,0.99));
#4204=CARTESIAN_POINT('Origin',(2.14014870666764,11.3004703056687,1.));
#4205=CARTESIAN_POINT('',(2.14967370666764,11.3004703056687,1.));
#4206=CARTESIAN_POINT('',(2.14014870666764,11.2909453056687,1.));
#4207=CARTESIAN_POINT('Origin',(2.14014870666764,11.3004703056687,1.));
#4208=CARTESIAN_POINT('',(2.14967370666764,11.3004703056687,0.99));
#4209=CARTESIAN_POINT('',(2.14967370666764,11.3004703056687,1.));
#4210=CARTESIAN_POINT('',(2.14014870666764,11.2909453056687,0.99));
#4211=CARTESIAN_POINT('Origin',(2.14014870666764,11.3004703056687,0.99));
#4212=CARTESIAN_POINT('',(2.14014870666764,11.2909453056687,1.));
#4213=CARTESIAN_POINT('Origin',(2.14967370666764,11.9005453056687,1.));
#4214=CARTESIAN_POINT('',(2.14967370666764,11.9005453056687,1.));
#4215=CARTESIAN_POINT('',(2.14967370666764,11.6377726528344,1.));
#4216=CARTESIAN_POINT('',(2.14967370666764,11.9005453056687,0.99));
#4217=CARTESIAN_POINT('',(2.14967370666764,11.9005453056687,1.));
#4218=CARTESIAN_POINT('',(2.14967370666764,11.9005453056687,0.99));
#4219=CARTESIAN_POINT('Origin',(2.14014870666764,11.9005453056687,1.));
#4220=CARTESIAN_POINT('',(2.14014870666764,11.9100703056687,1.));
#4221=CARTESIAN_POINT('Origin',(2.14014870666764,11.9005453056687,1.));
#4222=CARTESIAN_POINT('',(2.14014870666764,11.9100703056687,0.99));
#4223=CARTESIAN_POINT('',(2.14014870666764,11.9100703056687,1.));
#4224=CARTESIAN_POINT('Origin',(2.14014870666764,11.9005453056687,0.99));
#4225=CARTESIAN_POINT('Origin',(0.835223706667637,11.9100703056687,1.));
#4226=CARTESIAN_POINT('',(0.835223706667637,11.9100703056687,1.));
#4227=CARTESIAN_POINT('',(5.66761185333382,11.9100703056687,1.));
#4228=CARTESIAN_POINT('',(0.835223706667637,11.9100703056687,0.99));
#4229=CARTESIAN_POINT('',(0.835223706667637,11.9100703056687,1.));
#4230=CARTESIAN_POINT('',(0.835223706667637,11.9100703056687,0.99));
#4231=CARTESIAN_POINT('Origin',(0.835223706667637,11.9005453056687,1.));
#4232=CARTESIAN_POINT('',(0.825698706667637,11.9005453056687,1.));
#4233=CARTESIAN_POINT('Origin',(0.835223706667637,11.9005453056687,1.));
#4234=CARTESIAN_POINT('',(0.825698706667637,11.9005453056687,0.99));
#4235=CARTESIAN_POINT('',(0.825698706667637,11.9005453056687,1.));
#4236=CARTESIAN_POINT('Origin',(0.835223706667637,11.9005453056687,0.99));
#4237=CARTESIAN_POINT('Origin',(0.825698706667637,11.3004703056687,1.));
#4238=CARTESIAN_POINT('',(0.825698706667637,11.3004703056687,1.));
#4239=CARTESIAN_POINT('',(0.825698706667637,11.3377351528344,1.));
#4240=CARTESIAN_POINT('',(0.825698706667637,11.3004703056687,0.99));
#4241=CARTESIAN_POINT('',(0.825698706667637,11.3004703056687,1.));
#4242=CARTESIAN_POINT('',(0.825698706667637,11.3004703056687,0.99));
#4243=CARTESIAN_POINT('Origin',(0.835223706667637,11.3004703056687,1.));
#4244=CARTESIAN_POINT('',(0.835223706667637,11.2909453056687,1.));
#4245=CARTESIAN_POINT('Origin',(0.835223706667637,11.3004703056687,1.));
#4246=CARTESIAN_POINT('',(0.835223706667637,11.2909453056687,0.99));
#4247=CARTESIAN_POINT('',(0.835223706667637,11.2909453056687,1.));
#4248=CARTESIAN_POINT('Origin',(0.835223706667637,11.3004703056687,0.99));
#4249=CARTESIAN_POINT('Origin',(2.14014870666764,11.2909453056687,1.));
#4250=CARTESIAN_POINT('',(6.32007435333382,11.2909453056687,1.));
#4251=CARTESIAN_POINT('',(2.14014870666764,11.2909453056687,0.99));
#4252=CARTESIAN_POINT('Origin',(1.48768620666764,11.6005078056687,0.99));
#4253=CARTESIAN_POINT('Ctrl Pts',(1.57817370666764,12.5443019417161,1.));
#4254=CARTESIAN_POINT('Ctrl Pts',(1.57817370666764,12.5443019417161,0.99));
#4255=CARTESIAN_POINT('Ctrl Pts',(1.57817370666764,12.5527887783402,1.));
#4256=CARTESIAN_POINT('Ctrl Pts',(1.57817370666764,12.5527887783402,0.99));
#4257=CARTESIAN_POINT('Ctrl Pts',(1.58843310951493,12.5570369202012,1.));
#4258=CARTESIAN_POINT('Ctrl Pts',(1.58843310951493,12.5570369202012,0.99));
#4259=CARTESIAN_POINT('Ctrl Pts',(1.59443383335373,12.5510361236924,1.));
#4260=CARTESIAN_POINT('Ctrl Pts',(1.59443383335373,12.5510361236924,0.99));
#4261=CARTESIAN_POINT('',(1.57817370666764,12.5443019417161,1.));
#4262=CARTESIAN_POINT('',(1.59443383335373,12.5510361236924,1.));
#4263=CARTESIAN_POINT('Ctrl Pts',(1.57817370666764,12.5443019417161,1.));
#4264=CARTESIAN_POINT('Ctrl Pts',(1.57817370666764,12.5527887783402,1.));
#4265=CARTESIAN_POINT('Ctrl Pts',(1.58843310951493,12.5570369202012,1.));
#4266=CARTESIAN_POINT('Ctrl Pts',(1.59443383335373,12.5510361236924,1.));
#4267=CARTESIAN_POINT('',(1.57817370666764,12.5443019417161,0.99));
#4268=CARTESIAN_POINT('',(1.57817370666764,12.5443019417161,1.));
#4269=CARTESIAN_POINT('',(1.59443383335373,12.5510361236924,0.99));
#4270=CARTESIAN_POINT('Ctrl Pts',(1.57817370666764,12.5443019417161,0.99));
#4271=CARTESIAN_POINT('Ctrl Pts',(1.57817370666764,12.5527887783402,0.99));
#4272=CARTESIAN_POINT('Ctrl Pts',(1.58843310951493,12.5570369202012,0.99));
#4273=CARTESIAN_POINT('Ctrl Pts',(1.59443383335373,12.5510361236924,0.99));
#4274=CARTESIAN_POINT('',(1.59443383335373,12.5510361236924,1.));
#4275=CARTESIAN_POINT('Origin',(1.57817370666764,12.0053203056687,1.));
#4276=CARTESIAN_POINT('',(1.57817370666764,12.0053203056687,1.));
#4277=CARTESIAN_POINT('',(1.57817370666764,11.6901601528344,1.));
#4278=CARTESIAN_POINT('',(1.57817370666764,12.0053203056687,0.99));
#4279=CARTESIAN_POINT('',(1.57817370666764,12.0053203056687,1.));
#4280=CARTESIAN_POINT('',(1.57817370666764,12.5443019417161,0.99));
#4281=CARTESIAN_POINT('Ctrl Pts',(1.58769870666764,11.9957953056687,1.));
#4282=CARTESIAN_POINT('Ctrl Pts',(1.58769870666764,11.9957953056687,0.99));
#4283=CARTESIAN_POINT('Ctrl Pts',(1.58243805393479,11.9957953056687,1.));
#4284=CARTESIAN_POINT('Ctrl Pts',(1.58243805393479,11.9957953056687,0.99));
#4285=CARTESIAN_POINT('Ctrl Pts',(1.57817370666764,12.0000596529359,1.));
#4286=CARTESIAN_POINT('Ctrl Pts',(1.57817370666764,12.0000596529359,0.99));
#4287=CARTESIAN_POINT('Ctrl Pts',(1.57817370666764,12.0053203056687,1.));
#4288=CARTESIAN_POINT('Ctrl Pts',(1.57817370666764,12.0053203056687,0.99));
#4289=CARTESIAN_POINT('',(1.58769870666764,11.9957953056687,1.));
#4290=CARTESIAN_POINT('Ctrl Pts',(1.58769870666764,11.9957953056687,1.));
#4291=CARTESIAN_POINT('Ctrl Pts',(1.58243805393479,11.9957953056687,1.));
#4292=CARTESIAN_POINT('Ctrl Pts',(1.57817370666764,12.0000596529359,1.));
#4293=CARTESIAN_POINT('Ctrl Pts',(1.57817370666764,12.0053203056687,1.));
#4294=CARTESIAN_POINT('',(1.58769870666764,11.9957953056687,0.99));
#4295=CARTESIAN_POINT('',(1.58769870666764,11.9957953056687,1.));
#4296=CARTESIAN_POINT('Ctrl Pts',(1.58769870666764,11.9957953056687,0.99));
#4297=CARTESIAN_POINT('Ctrl Pts',(1.58243805393479,11.9957953056687,0.99));
#4298=CARTESIAN_POINT('Ctrl Pts',(1.57817370666764,12.0000596529359,0.99));
#4299=CARTESIAN_POINT('Ctrl Pts',(1.57817370666764,12.0053203056687,0.99));
#4300=CARTESIAN_POINT('Origin',(2.126680342715,11.9957953056687,1.));
#4301=CARTESIAN_POINT('',(2.126680342715,11.9957953056687,1.));
#4302=CARTESIAN_POINT('',(6.3133401713575,11.9957953056687,1.));
#4303=CARTESIAN_POINT('',(2.126680342715,11.9957953056687,0.99));
#4304=CARTESIAN_POINT('',(2.126680342715,11.9957953056687,1.));
#4305=CARTESIAN_POINT('',(1.58769870666764,11.9957953056687,0.99));
#4306=CARTESIAN_POINT('Ctrl Pts',(2.13341452469132,12.0120554323548,1.));
#4307=CARTESIAN_POINT('Ctrl Pts',(2.13341452469132,12.0120554323548,0.99));
#4308=CARTESIAN_POINT('Ctrl Pts',(2.13941532120011,12.006054708516,1.));
#4309=CARTESIAN_POINT('Ctrl Pts',(2.13941532120011,12.006054708516,0.99));
#4310=CARTESIAN_POINT('Ctrl Pts',(2.13516717933915,11.9957953056687,1.));
#4311=CARTESIAN_POINT('Ctrl Pts',(2.13516717933915,11.9957953056687,0.99));
#4312=CARTESIAN_POINT('Ctrl Pts',(2.126680342715,11.9957953056687,1.));
#4313=CARTESIAN_POINT('Ctrl Pts',(2.126680342715,11.9957953056687,0.99));
#4314=CARTESIAN_POINT('',(2.13341452469132,12.0120554323548,1.));
#4315=CARTESIAN_POINT('Ctrl Pts',(2.13341452469132,12.0120554323548,1.));
#4316=CARTESIAN_POINT('Ctrl Pts',(2.13941532120011,12.006054708516,1.));
#4317=CARTESIAN_POINT('Ctrl Pts',(2.13516717933915,11.9957953056687,1.));
#4318=CARTESIAN_POINT('Ctrl Pts',(2.126680342715,11.9957953056687,1.));
#4319=CARTESIAN_POINT('',(2.13341452469132,12.0120554323548,0.99));
#4320=CARTESIAN_POINT('',(2.13341452469132,12.0120554323548,1.));
#4321=CARTESIAN_POINT('Ctrl Pts',(2.13341452469132,12.0120554323548,0.99));
#4322=CARTESIAN_POINT('Ctrl Pts',(2.13941532120011,12.006054708516,0.99));
#4323=CARTESIAN_POINT('Ctrl Pts',(2.13516717933915,11.9957953056687,0.99));
#4324=CARTESIAN_POINT('Ctrl Pts',(2.126680342715,11.9957953056687,0.99));
#4325=CARTESIAN_POINT('Origin',(1.59443383335373,12.5510361236924,1.));
#4326=CARTESIAN_POINT('',(4.11483440593838,10.0306355511077,1.));
#4327=CARTESIAN_POINT('',(2.13341452469132,12.0120554323548,0.99));
#4328=CARTESIAN_POINT('Origin',(1.85879451393387,12.2764161129349,0.99));
#4329=CARTESIAN_POINT('Ctrl Pts',(1.99239239266791,15.1535957600108,1.));
#4330=CARTESIAN_POINT('Ctrl Pts',(1.99239239266791,15.1535957600108,0.99));
#4331=CARTESIAN_POINT('Ctrl Pts',(2.00026528577125,15.138653635049,1.));
#4332=CARTESIAN_POINT('Ctrl Pts',(2.00026528577125,15.138653635049,0.99));
#4333=CARTESIAN_POINT('Ctrl Pts',(2.0161472656233,15.1085109004183,1.));
#4334=CARTESIAN_POINT('Ctrl Pts',(2.0161472656233,15.1085109004183,0.99));
#4335=CARTESIAN_POINT('Ctrl Pts',(2.01865168521539,15.0745240882287,1.));
#4336=CARTESIAN_POINT('Ctrl Pts',(2.01865168521539,15.0745240882287,0.99));
#4337=CARTESIAN_POINT('Ctrl Pts',(2.01991463315734,15.0573849576119,1.));
#4338=CARTESIAN_POINT('Ctrl Pts',(2.01991463315734,15.0573849576119,0.99));
#4339=CARTESIAN_POINT('',(1.99239239266791,15.1535957600108,1.));
#4340=CARTESIAN_POINT('',(2.01991463315734,15.0573849576119,1.));
#4341=CARTESIAN_POINT('Ctrl Pts',(1.99239239266791,15.1535957600108,1.));
#4342=CARTESIAN_POINT('Ctrl Pts',(2.00026528577125,15.138653635049,1.));
#4343=CARTESIAN_POINT('Ctrl Pts',(2.0161472656233,15.1085109004183,1.));
#4344=CARTESIAN_POINT('Ctrl Pts',(2.01865168521539,15.0745240882287,1.));
#4345=CARTESIAN_POINT('Ctrl Pts',(2.01991463315734,15.0573849576119,1.));
#4346=CARTESIAN_POINT('',(1.99239239266791,15.1535957600108,0.99));
#4347=CARTESIAN_POINT('',(1.99239239266791,15.1535957600108,1.));
#4348=CARTESIAN_POINT('',(2.01991463315734,15.0573849576119,0.99));
#4349=CARTESIAN_POINT('Ctrl Pts',(1.99239239266791,15.1535957600108,0.99));
#4350=CARTESIAN_POINT('Ctrl Pts',(2.00026528577125,15.138653635049,0.99));
#4351=CARTESIAN_POINT('Ctrl Pts',(2.0161472656233,15.1085109004183,0.99));
#4352=CARTESIAN_POINT('Ctrl Pts',(2.01865168521539,15.0745240882287,0.99));
#4353=CARTESIAN_POINT('Ctrl Pts',(2.01991463315734,15.0573849576119,0.99));
#4354=CARTESIAN_POINT('',(2.01991463315734,15.0573849576119,1.));
#4355=CARTESIAN_POINT('Ctrl Pts',(1.92143346722121,15.222904996481,1.));
#4356=CARTESIAN_POINT('Ctrl Pts',(1.92143346722121,15.222904996481,0.99));
#4357=CARTESIAN_POINT('Ctrl Pts',(1.93540443579877,15.2135490212317,1.));
#4358=CARTESIAN_POINT('Ctrl Pts',(1.93540443579877,15.2135490212317,0.99));
#4359=CARTESIAN_POINT('Ctrl Pts',(1.96334641972807,15.1948370394096,1.));
#4360=CARTESIAN_POINT('Ctrl Pts',(1.96334641972807,15.1948370394096,0.99));
#4361=CARTESIAN_POINT('Ctrl Pts',(1.98271039088302,15.1673428684853,1.));
#4362=CARTESIAN_POINT('Ctrl Pts',(1.98271039088302,15.1673428684853,0.99));
#4363=CARTESIAN_POINT('Ctrl Pts',(1.99239239266791,15.1535957600108,1.));
#4364=CARTESIAN_POINT('Ctrl Pts',(1.99239239266791,15.1535957600108,0.99));
#4365=CARTESIAN_POINT('',(1.92143346722121,15.222904996481,1.));
#4366=CARTESIAN_POINT('Ctrl Pts',(1.92143346722121,15.222904996481,1.));
#4367=CARTESIAN_POINT('Ctrl Pts',(1.93540443579877,15.2135490212317,1.));
#4368=CARTESIAN_POINT('Ctrl Pts',(1.96334641972807,15.1948370394096,1.));
#4369=CARTESIAN_POINT('Ctrl Pts',(1.98271039088302,15.1673428684853,1.));
#4370=CARTESIAN_POINT('Ctrl Pts',(1.99239239266791,15.1535957600108,1.));
#4371=CARTESIAN_POINT('',(1.92143346722121,15.222904996481,0.99));
#4372=CARTESIAN_POINT('',(1.92143346722121,15.222904996481,1.));
#4373=CARTESIAN_POINT('Ctrl Pts',(1.92143346722121,15.222904996481,0.99));
#4374=CARTESIAN_POINT('Ctrl Pts',(1.93540443579877,15.2135490212317,0.99));
#4375=CARTESIAN_POINT('Ctrl Pts',(1.96334641972807,15.1948370394096,0.99));
#4376=CARTESIAN_POINT('Ctrl Pts',(1.98271039088302,15.1673428684853,0.99));
#4377=CARTESIAN_POINT('Ctrl Pts',(1.99239239266791,15.1535957600108,0.99));
#4378=CARTESIAN_POINT('Ctrl Pts',(1.82460210946261,15.2481568748351,1.));
#4379=CARTESIAN_POINT('Ctrl Pts',(1.82460210946261,15.2481568748351,0.99));
#4380=CARTESIAN_POINT('Ctrl Pts',(1.84176615726963,15.2472973030008,1.));
#4381=CARTESIAN_POINT('Ctrl Pts',(1.84176615726963,15.2472973030008,0.99));
#4382=CARTESIAN_POINT('Ctrl Pts',(1.8758023982881,15.2455927753477,1.));
#4383=CARTESIAN_POINT('Ctrl Pts',(1.8758023982881,15.2455927753477,0.99));
#4384=CARTESIAN_POINT('Ctrl Pts',(1.90631031084977,15.2304242336048,1.));
#4385=CARTESIAN_POINT('Ctrl Pts',(1.90631031084977,15.2304242336048,0.99));
#4386=CARTESIAN_POINT('Ctrl Pts',(1.92143346722121,15.222904996481,1.));
#4387=CARTESIAN_POINT('Ctrl Pts',(1.92143346722121,15.222904996481,0.99));
#4388=CARTESIAN_POINT('',(1.82460210946261,15.2481568748351,1.));
#4389=CARTESIAN_POINT('Ctrl Pts',(1.82460210946261,15.2481568748351,1.));
#4390=CARTESIAN_POINT('Ctrl Pts',(1.84176615726963,15.2472973030008,1.));
#4391=CARTESIAN_POINT('Ctrl Pts',(1.8758023982881,15.2455927753477,1.));
#4392=CARTESIAN_POINT('Ctrl Pts',(1.90631031084977,15.2304242336048,1.));
#4393=CARTESIAN_POINT('Ctrl Pts',(1.92143346722121,15.222904996481,1.));
#4394=CARTESIAN_POINT('',(1.82460210946261,15.2481568748351,0.99));
#4395=CARTESIAN_POINT('',(1.82460210946261,15.2481568748351,1.));
#4396=CARTESIAN_POINT('Ctrl Pts',(1.82460210946261,15.2481568748351,0.99));
#4397=CARTESIAN_POINT('Ctrl Pts',(1.84176615726963,15.2472973030008,0.99));
#4398=CARTESIAN_POINT('Ctrl Pts',(1.8758023982881,15.2455927753477,0.99));
#4399=CARTESIAN_POINT('Ctrl Pts',(1.90631031084977,15.2304242336048,0.99));
#4400=CARTESIAN_POINT('Ctrl Pts',(1.92143346722121,15.222904996481,0.99));
#4401=CARTESIAN_POINT('Origin',(1.01771348219844,15.238667085738,1.));
#4402=CARTESIAN_POINT('',(1.01771348219844,15.238667085738,1.));
#4403=CARTESIAN_POINT('',(5.73548395051122,15.2941526202224,1.));
#4404=CARTESIAN_POINT('',(1.01771348219844,15.238667085738,0.99));
#4405=CARTESIAN_POINT('',(1.01771348219844,15.238667085738,1.));
#4406=CARTESIAN_POINT('',(1.01771348219844,15.238667085738,0.99));
#4407=CARTESIAN_POINT('Origin',(1.01988584316111,15.0539576746922,1.));
#4408=CARTESIAN_POINT('',(1.01988584316111,15.0539576746922,1.));
#4409=CARTESIAN_POINT('',(1.04217245326777,13.1589933028617,1.));
#4410=CARTESIAN_POINT('',(1.01988584316111,15.0539576746922,0.99));
#4411=CARTESIAN_POINT('',(1.01988584316111,15.0539576746922,1.));
#4412=CARTESIAN_POINT('',(1.01988584316111,15.0539576746922,0.99));
#4413=CARTESIAN_POINT('Origin',(1.81844172131349,15.0633494626168,1.));
#4414=CARTESIAN_POINT('',(1.81844172131349,15.0633494626168,1.));
#4415=CARTESIAN_POINT('',(6.13693425055007,15.114139103139,1.));
#4416=CARTESIAN_POINT('',(1.81844172131349,15.0633494626168,0.99));
#4417=CARTESIAN_POINT('',(1.81844172131349,15.0633494626168,1.));
#4418=CARTESIAN_POINT('',(1.81844172131349,15.0633494626168,0.99));
#4419=CARTESIAN_POINT('Ctrl Pts',(1.83169241814144,15.0586438510083,1.));
#4420=CARTESIAN_POINT('Ctrl Pts',(1.83169241814144,15.0586438510083,0.99));
#4421=CARTESIAN_POINT('Ctrl Pts',(1.82984290744844,15.060038937746,1.));
#4422=CARTESIAN_POINT('Ctrl Pts',(1.82984290744844,15.060038937746,0.99));
#4423=CARTESIAN_POINT('Ctrl Pts',(1.82593346492875,15.0629878319761,1.));
#4424=CARTESIAN_POINT('Ctrl Pts',(1.82593346492875,15.0629878319761,0.99));
#4425=CARTESIAN_POINT('Ctrl Pts',(1.82102699746053,15.0632246698959,1.));
#4426=CARTESIAN_POINT('Ctrl Pts',(1.82102699746053,15.0632246698959,0.99));
#4427=CARTESIAN_POINT('Ctrl Pts',(1.81844172131349,15.0633494626168,1.));
#4428=CARTESIAN_POINT('Ctrl Pts',(1.81844172131349,15.0633494626168,0.99));
#4429=CARTESIAN_POINT('',(1.83169241814144,15.0586438510083,1.));
#4430=CARTESIAN_POINT('Ctrl Pts',(1.83169241814144,15.0586438510083,1.));
#4431=CARTESIAN_POINT('Ctrl Pts',(1.82984290744844,15.060038937746,1.));
#4432=CARTESIAN_POINT('Ctrl Pts',(1.82593346492875,15.0629878319761,1.));
#4433=CARTESIAN_POINT('Ctrl Pts',(1.82102699746053,15.0632246698959,1.));
#4434=CARTESIAN_POINT('Ctrl Pts',(1.81844172131349,15.0633494626168,1.));
#4435=CARTESIAN_POINT('',(1.83169241814144,15.0586438510083,0.99));
#4436=CARTESIAN_POINT('',(1.83169241814144,15.0586438510083,1.));
#4437=CARTESIAN_POINT('Ctrl Pts',(1.83169241814144,15.0586438510083,0.99));
#4438=CARTESIAN_POINT('Ctrl Pts',(1.82984290744844,15.060038937746,0.99));
#4439=CARTESIAN_POINT('Ctrl Pts',(1.82593346492875,15.0629878319761,0.99));
#4440=CARTESIAN_POINT('Ctrl Pts',(1.82102699746053,15.0632246698959,0.99));
#4441=CARTESIAN_POINT('Ctrl Pts',(1.81844172131349,15.0633494626168,0.99));
#4442=CARTESIAN_POINT('Ctrl Pts',(1.8353195570467,15.045491036152,1.));
#4443=CARTESIAN_POINT('Ctrl Pts',(1.8353195570467,15.045491036152,0.99));
#4444=CARTESIAN_POINT('Ctrl Pts',(1.83554536912008,15.0480701888417,1.));
#4445=CARTESIAN_POINT('Ctrl Pts',(1.83554536912008,15.0480701888417,0.99));
#4446=CARTESIAN_POINT('Ctrl Pts',(1.8359710933113,15.0529326732803,1.));
#4447=CARTESIAN_POINT('Ctrl Pts',(1.8359710933113,15.0529326732803,0.99));
#4448=CARTESIAN_POINT('Ctrl Pts',(1.83305960064406,15.0568189351292,1.));
#4449=CARTESIAN_POINT('Ctrl Pts',(1.83305960064406,15.0568189351292,0.99));
#4450=CARTESIAN_POINT('Ctrl Pts',(1.83169241814144,15.0586438510083,1.));
#4451=CARTESIAN_POINT('Ctrl Pts',(1.83169241814144,15.0586438510083,0.99));
#4452=CARTESIAN_POINT('',(1.8353195570467,15.045491036152,1.));
#4453=CARTESIAN_POINT('Ctrl Pts',(1.8353195570467,15.045491036152,1.));
#4454=CARTESIAN_POINT('Ctrl Pts',(1.83554536912008,15.0480701888417,1.));
#4455=CARTESIAN_POINT('Ctrl Pts',(1.8359710933113,15.0529326732803,1.));
#4456=CARTESIAN_POINT('Ctrl Pts',(1.83305960064406,15.0568189351292,1.));
#4457=CARTESIAN_POINT('Ctrl Pts',(1.83169241814144,15.0586438510083,1.));
#4458=CARTESIAN_POINT('',(1.8353195570467,15.045491036152,0.99));
#4459=CARTESIAN_POINT('',(1.8353195570467,15.045491036152,1.));
#4460=CARTESIAN_POINT('Ctrl Pts',(1.8353195570467,15.045491036152,0.99));
#4461=CARTESIAN_POINT('Ctrl Pts',(1.83554536912008,15.0480701888417,0.99));
#4462=CARTESIAN_POINT('Ctrl Pts',(1.8359710933113,15.0529326732803,0.99));
#4463=CARTESIAN_POINT('Ctrl Pts',(1.83305960064406,15.0568189351292,0.99));
#4464=CARTESIAN_POINT('Ctrl Pts',(1.83169241814144,15.0586438510083,0.99));
#4465=CARTESIAN_POINT('Origin',(1.84234297956038,14.4483102460705,1.));
#4466=CARTESIAN_POINT('',(1.84234297956038,14.4483102460705,1.));
#4467=CARTESIAN_POINT('',(1.86101170965538,12.8609634836857,1.));
#4468=CARTESIAN_POINT('',(1.84234297956038,14.4483102460705,0.99));
#4469=CARTESIAN_POINT('',(1.84234297956038,14.4483102460705,1.));
#4470=CARTESIAN_POINT('',(1.84234297956038,14.4483102460705,0.99));
#4471=CARTESIAN_POINT('Ctrl Pts',(1.83900984697691,14.4364645751894,1.));
#4472=CARTESIAN_POINT('Ctrl Pts',(1.83900984697691,14.4364645751894,0.99));
#4473=CARTESIAN_POINT('Ctrl Pts',(1.84034745632204,14.438197750455,1.));
#4474=CARTESIAN_POINT('Ctrl Pts',(1.84034745632204,14.438197750455,0.99));
#4475=CARTESIAN_POINT('Ctrl Pts',(1.84304676016158,14.4416953087414,1.));
#4476=CARTESIAN_POINT('Ctrl Pts',(1.84304676016158,14.4416953087414,0.99));
#4477=CARTESIAN_POINT('Ctrl Pts',(1.84257896443186,14.4460921895728,1.));
#4478=CARTESIAN_POINT('Ctrl Pts',(1.84257896443186,14.4460921895728,0.99));
#4479=CARTESIAN_POINT('Ctrl Pts',(1.84234297956038,14.4483102460705,1.));
#4480=CARTESIAN_POINT('Ctrl Pts',(1.84234297956038,14.4483102460705,0.99));
#4481=CARTESIAN_POINT('',(1.83900984697691,14.4364645751894,1.));
#4482=CARTESIAN_POINT('Ctrl Pts',(1.83900984697691,14.4364645751894,1.));
#4483=CARTESIAN_POINT('Ctrl Pts',(1.84034745632204,14.438197750455,1.));
#4484=CARTESIAN_POINT('Ctrl Pts',(1.84304676016158,14.4416953087414,1.));
#4485=CARTESIAN_POINT('Ctrl Pts',(1.84257896443186,14.4460921895728,1.));
#4486=CARTESIAN_POINT('Ctrl Pts',(1.84234297956038,14.4483102460705,1.));
#4487=CARTESIAN_POINT('',(1.83900984697691,14.4364645751894,0.99));
#4488=CARTESIAN_POINT('',(1.83900984697691,14.4364645751894,1.));
#4489=CARTESIAN_POINT('Ctrl Pts',(1.83900984697691,14.4364645751894,0.99));
#4490=CARTESIAN_POINT('Ctrl Pts',(1.84034745632204,14.438197750455,0.99));
#4491=CARTESIAN_POINT('Ctrl Pts',(1.84304676016158,14.4416953087414,0.99));
#4492=CARTESIAN_POINT('Ctrl Pts',(1.84257896443186,14.4460921895728,0.99));
#4493=CARTESIAN_POINT('Ctrl Pts',(1.84234297956038,14.4483102460705,0.99));
#4494=CARTESIAN_POINT('Ctrl Pts',(1.82587348508404,14.4314486263006,1.));
#4495=CARTESIAN_POINT('Ctrl Pts',(1.82587348508404,14.4314486263006,0.99));
#4496=CARTESIAN_POINT('Ctrl Pts',(1.82845511117789,14.431634186779,1.));
#4497=CARTESIAN_POINT('Ctrl Pts',(1.82845511117789,14.431634186779,0.99));
#4498=CARTESIAN_POINT('Ctrl Pts',(1.83335465139107,14.4319863528144,1.));
#4499=CARTESIAN_POINT('Ctrl Pts',(1.83335465139107,14.4319863528144,0.99));
#4500=CARTESIAN_POINT('Ctrl Pts',(1.83719365845779,14.4350263762907,1.));
#4501=CARTESIAN_POINT('Ctrl Pts',(1.83719365845779,14.4350263762907,0.99));
#4502=CARTESIAN_POINT('Ctrl Pts',(1.83900984697691,14.4364645751894,1.));
#4503=CARTESIAN_POINT('Ctrl Pts',(1.83900984697691,14.4364645751894,0.99));
#4504=CARTESIAN_POINT('',(1.82587348508404,14.4314486263006,1.));
#4505=CARTESIAN_POINT('Ctrl Pts',(1.82587348508404,14.4314486263006,1.));
#4506=CARTESIAN_POINT('Ctrl Pts',(1.82845511117789,14.431634186779,1.));
#4507=CARTESIAN_POINT('Ctrl Pts',(1.83335465139107,14.4319863528144,1.));
#4508=CARTESIAN_POINT('Ctrl Pts',(1.83719365845779,14.4350263762907,1.));
#4509=CARTESIAN_POINT('Ctrl Pts',(1.83900984697691,14.4364645751894,1.));
#4510=CARTESIAN_POINT('',(1.82587348508404,14.4314486263006,0.99));
#4511=CARTESIAN_POINT('',(1.82587348508404,14.4314486263006,1.));
#4512=CARTESIAN_POINT('Ctrl Pts',(1.82587348508404,14.4314486263006,0.99));
#4513=CARTESIAN_POINT('Ctrl Pts',(1.82845511117789,14.431634186779,0.99));
#4514=CARTESIAN_POINT('Ctrl Pts',(1.83335465139107,14.4319863528144,0.99));
#4515=CARTESIAN_POINT('Ctrl Pts',(1.83719365845779,14.4350263762907,0.99));
#4516=CARTESIAN_POINT('Ctrl Pts',(1.83900984697691,14.4364645751894,0.99));
#4517=CARTESIAN_POINT('Origin',(1.02731760693166,14.422056838376,1.));
#4518=CARTESIAN_POINT('',(1.02731760693166,14.422056838376,1.));
#4519=CARTESIAN_POINT('',(5.74508807524443,14.4775423728605,1.));
#4520=CARTESIAN_POINT('',(1.02731760693166,14.422056838376,0.99));
#4521=CARTESIAN_POINT('',(1.02731760693166,14.422056838376,1.));
#4522=CARTESIAN_POINT('',(1.02731760693166,14.422056838376,0.99));
#4523=CARTESIAN_POINT('Origin',(1.0294736341319,14.2387362387158,1.));
#4524=CARTESIAN_POINT('',(1.0294736341319,14.2387362387158,1.));
#4525=CARTESIAN_POINT('',(1.04696634875317,12.7513825848734,1.));
#4526=CARTESIAN_POINT('',(1.0294736341319,14.2387362387158,0.99));
#4527=CARTESIAN_POINT('',(1.0294736341319,14.2387362387158,1.));
#4528=CARTESIAN_POINT('',(1.0294736341319,14.2387362387158,0.99));
#4529=CARTESIAN_POINT('Origin',(1.83636226139606,14.248226027813,1.));
#4530=CARTESIAN_POINT('',(1.83636226139606,14.248226027813,1.));
#4531=CARTESIAN_POINT('',(6.15068841607675,14.2989666677488,1.));
#4532=CARTESIAN_POINT('',(1.83636226139606,14.248226027813,0.99));
#4533=CARTESIAN_POINT('',(1.83636226139606,14.248226027813,1.));
#4534=CARTESIAN_POINT('',(1.83636226139606,14.248226027813,0.99));
#4535=CARTESIAN_POINT('Ctrl Pts',(1.93257294459391,14.2757482669005,1.));
#4536=CARTESIAN_POINT('Ctrl Pts',(1.93257294459391,14.2757482669005,0.99));
#4537=CARTESIAN_POINT('Ctrl Pts',(1.91763081383498,14.2678754329798,1.));
#4538=CARTESIAN_POINT('Ctrl Pts',(1.91763081383498,14.2678754329798,0.99));
#4539=CARTESIAN_POINT('Ctrl Pts',(1.88748808387292,14.2519935811385,1.));
#4540=CARTESIAN_POINT('Ctrl Pts',(1.88748808387292,14.2519935811385,0.99));
#4541=CARTESIAN_POINT('Ctrl Pts',(1.85350134559453,14.2494890375904,1.));
#4542=CARTESIAN_POINT('Ctrl Pts',(1.85350134559453,14.2494890375904,0.99));
#4543=CARTESIAN_POINT('Ctrl Pts',(1.83636226139606,14.248226027813,1.));
#4544=CARTESIAN_POINT('Ctrl Pts',(1.83636226139606,14.248226027813,0.99));
#4545=CARTESIAN_POINT('',(1.93257294459391,14.2757482669005,1.));
#4546=CARTESIAN_POINT('Ctrl Pts',(1.93257294459391,14.2757482669005,1.));
#4547=CARTESIAN_POINT('Ctrl Pts',(1.91763081383498,14.2678754329798,1.));
#4548=CARTESIAN_POINT('Ctrl Pts',(1.88748808387292,14.2519935811385,1.));
#4549=CARTESIAN_POINT('Ctrl Pts',(1.85350134559453,14.2494890375904,1.));
#4550=CARTESIAN_POINT('Ctrl Pts',(1.83636226139606,14.248226027813,1.));
#4551=CARTESIAN_POINT('',(1.93257294459391,14.2757482669005,0.99));
#4552=CARTESIAN_POINT('',(1.93257294459391,14.2757482669005,1.));
#4553=CARTESIAN_POINT('Ctrl Pts',(1.93257294459391,14.2757482669005,0.99));
#4554=CARTESIAN_POINT('Ctrl Pts',(1.91763081383498,14.2678754329798,0.99));
#4555=CARTESIAN_POINT('Ctrl Pts',(1.88748808387292,14.2519935811385,0.99));
#4556=CARTESIAN_POINT('Ctrl Pts',(1.85350134559453,14.2494890375904,0.99));
#4557=CARTESIAN_POINT('Ctrl Pts',(1.83636226139606,14.248226027813,0.99));
#4558=CARTESIAN_POINT('Ctrl Pts',(2.00188218106412,14.3467071923472,1.));
#4559=CARTESIAN_POINT('Ctrl Pts',(2.00188218106412,14.3467071923472,0.99));
#4560=CARTESIAN_POINT('Ctrl Pts',(1.99252615833296,14.332736230574,1.));
#4561=CARTESIAN_POINT('Ctrl Pts',(1.99252615833296,14.332736230574,0.99));
#4562=CARTESIAN_POINT('Ctrl Pts',(1.97381411287063,14.3047943070278,1.));
#4563=CARTESIAN_POINT('Ctrl Pts',(1.97381411287063,14.3047943070278,0.99));
#4564=CARTESIAN_POINT('Ctrl Pts',(1.94632000068615,14.2854302802763,1.));
#4565=CARTESIAN_POINT('Ctrl Pts',(1.94632000068615,14.2854302802763,0.99));
#4566=CARTESIAN_POINT('Ctrl Pts',(1.93257294459391,14.2757482669005,1.));
#4567=CARTESIAN_POINT('Ctrl Pts',(1.93257294459391,14.2757482669005,0.99));
#4568=CARTESIAN_POINT('',(2.00188218106412,14.3467071923472,1.));
#4569=CARTESIAN_POINT('Ctrl Pts',(2.00188218106412,14.3467071923472,1.));
#4570=CARTESIAN_POINT('Ctrl Pts',(1.99252615833296,14.332736230574,1.));
#4571=CARTESIAN_POINT('Ctrl Pts',(1.97381411287063,14.3047943070278,1.));
#4572=CARTESIAN_POINT('Ctrl Pts',(1.94632000068615,14.2854302802763,1.));
#4573=CARTESIAN_POINT('Ctrl Pts',(1.93257294459391,14.2757482669005,1.));
#4574=CARTESIAN_POINT('',(2.00188218106412,14.3467071923472,0.99));
#4575=CARTESIAN_POINT('',(2.00188218106412,14.3467071923472,1.));
#4576=CARTESIAN_POINT('Ctrl Pts',(2.00188218106412,14.3467071923472,0.99));
#4577=CARTESIAN_POINT('Ctrl Pts',(1.99252615833296,14.332736230574,0.99));
#4578=CARTESIAN_POINT('Ctrl Pts',(1.97381411287063,14.3047943070278,0.99));
#4579=CARTESIAN_POINT('Ctrl Pts',(1.94632000068615,14.2854302802763,0.99));
#4580=CARTESIAN_POINT('Ctrl Pts',(1.93257294459391,14.2757482669005,0.99));
#4581=CARTESIAN_POINT('Ctrl Pts',(2.02713405941824,14.4435385501058,1.));
#4582=CARTESIAN_POINT('Ctrl Pts',(2.02713405941824,14.4435385501058,0.99));
#4583=CARTESIAN_POINT('Ctrl Pts',(2.0262744875839,14.4263745022988,1.));
#4584=CARTESIAN_POINT('Ctrl Pts',(2.0262744875839,14.4263745022988,0.99));
#4585=CARTESIAN_POINT('Ctrl Pts',(2.0245699599308,14.3923382612803,1.));
#4586=CARTESIAN_POINT('Ctrl Pts',(2.0245699599308,14.3923382612803,0.99));
#4587=CARTESIAN_POINT('Ctrl Pts',(2.00940141818794,14.3618303487186,1.));
#4588=CARTESIAN_POINT('Ctrl Pts',(2.00940141818794,14.3618303487186,0.99));
#4589=CARTESIAN_POINT('Ctrl Pts',(2.00188218106412,14.3467071923472,1.));
#4590=CARTESIAN_POINT('Ctrl Pts',(2.00188218106412,14.3467071923472,0.99));
#4591=CARTESIAN_POINT('',(2.02713405941824,14.4435385501058,1.));
#4592=CARTESIAN_POINT('Ctrl Pts',(2.02713405941824,14.4435385501058,1.));
#4593=CARTESIAN_POINT('Ctrl Pts',(2.0262744875839,14.4263745022988,1.));
#4594=CARTESIAN_POINT('Ctrl Pts',(2.0245699599308,14.3923382612803,1.));
#4595=CARTESIAN_POINT('Ctrl Pts',(2.00940141818794,14.3618303487186,1.));
#4596=CARTESIAN_POINT('Ctrl Pts',(2.00188218106412,14.3467071923472,1.));
#4597=CARTESIAN_POINT('',(2.02713405941824,14.4435385501058,0.99));
#4598=CARTESIAN_POINT('',(2.02713405941824,14.4435385501058,1.));
#4599=CARTESIAN_POINT('Ctrl Pts',(2.02713405941824,14.4435385501058,0.99));
#4600=CARTESIAN_POINT('Ctrl Pts',(2.0262744875839,14.4263745022988,0.99));
#4601=CARTESIAN_POINT('Ctrl Pts',(2.0245699599308,14.3923382612803,0.99));
#4602=CARTESIAN_POINT('Ctrl Pts',(2.00940141818794,14.3618303487186,0.99));
#4603=CARTESIAN_POINT('Ctrl Pts',(2.00188218106412,14.3467071923472,0.99));
#4604=CARTESIAN_POINT('Origin',(2.01991463315734,15.0573849576119,1.));
#4605=CARTESIAN_POINT('',(2.04215224197672,13.1665870199378,1.));
#4606=CARTESIAN_POINT('',(2.01991463315734,15.0573849576119,0.99));
#4607=CARTESIAN_POINT('Origin',(1.50124733346104,16.5462865784115,0.99));
#4608=CARTESIAN_POINT('Origin',(0.961967101057299,19.9786165717919,1.));
#4609=CARTESIAN_POINT('',(0.961967101057299,19.9786165717919,1.));
#4610=CARTESIAN_POINT('',(1.96189788847896,19.9903767230244,1.));
#4611=CARTESIAN_POINT('',(5.67973756937006,20.0341021062764,1.));
#4612=CARTESIAN_POINT('',(0.961967101057299,19.9786165717919,0.99));
#4613=CARTESIAN_POINT('',(0.961967101057299,19.9786165717919,1.));
#4614=CARTESIAN_POINT('',(1.96189788847896,19.9903767230244,0.99));
#4615=CARTESIAN_POINT('',(0.961967101057299,19.9786165717919,0.99));
#4616=CARTESIAN_POINT('',(1.96189788847896,19.9903767230244,1.));
#4617=CARTESIAN_POINT('Origin',(0.964335464365266,19.7772416625226,1.));
#4618=CARTESIAN_POINT('',(0.964335464365266,19.7772416625226,1.));
#4619=CARTESIAN_POINT('',(1.01439726386985,15.5206352967769,1.));
#4620=CARTESIAN_POINT('',(0.964335464365266,19.7772416625226,0.99));
#4621=CARTESIAN_POINT('',(0.964335464365266,19.7772416625226,1.));
#4622=CARTESIAN_POINT('',(0.964335464365266,19.7772416625226,0.99));
#4623=CARTESIAN_POINT('Origin',(1.32757716293975,19.4801041516032,1.));
#4624=CARTESIAN_POINT('',(1.32757716293975,19.4801041516032,1.));
#4625=CARTESIAN_POINT('',(6.0612818201263,15.607858138042,1.));
#4626=CARTESIAN_POINT('',(1.32757716293975,19.4801041516032,0.99));
#4627=CARTESIAN_POINT('',(1.32757716293975,19.4801041516032,1.));
#4628=CARTESIAN_POINT('',(1.32757716293975,19.4801041516032,0.99));
#4629=CARTESIAN_POINT('Origin',(1.32475145989146,19.7203653028615,1.));
#4630=CARTESIAN_POINT('',(1.32475145989146,19.7203653028615,1.));
#4631=CARTESIAN_POINT('',(1.3744539222303,15.4943123107919,1.));
#4632=CARTESIAN_POINT('',(1.32475145989146,19.7203653028615,0.99));
#4633=CARTESIAN_POINT('',(1.32475145989146,19.7203653028615,1.));
#4634=CARTESIAN_POINT('',(1.32475145989146,19.7203653028615,0.99));
#4635=CARTESIAN_POINT('Origin',(1.226604959475,19.7983833694771,1.));
#4636=CARTESIAN_POINT('',(1.226604959475,19.7983833694771,1.));
#4637=CARTESIAN_POINT('',(6.11948208364528,15.9089648798113,1.));
#4638=CARTESIAN_POINT('',(1.226604959475,19.7983833694771,0.99));
#4639=CARTESIAN_POINT('',(1.226604959475,19.7983833694771,1.));
#4640=CARTESIAN_POINT('',(1.226604959475,19.7983833694771,0.99));
#4641=CARTESIAN_POINT('Origin',(1.96405391147344,19.8070564809673,1.));
#4642=CARTESIAN_POINT('',(1.96405391147344,19.8070564809673,1.));
#4643=CARTESIAN_POINT('',(6.18185898607537,19.8566619398355,1.));
#4644=CARTESIAN_POINT('',(1.96405391147344,19.8070564809673,0.99));
#4645=CARTESIAN_POINT('',(1.96405391147344,19.8070564809673,1.));
#4646=CARTESIAN_POINT('',(1.96405391147344,19.8070564809673,0.99));
#4647=CARTESIAN_POINT('Origin',(1.96189788847896,19.9903767230244,1.));
#4648=CARTESIAN_POINT('',(2.01314386963753,15.633082902644,1.));
#4649=CARTESIAN_POINT('',(1.96189788847896,19.9903767230244,0.99));
#4650=CARTESIAN_POINT('Origin',(1.50124733346104,16.5462865784115,0.99));
#4651=CARTESIAN_POINT('Origin',(1.80232579994793,17.8508523672735,1.));
#4652=CARTESIAN_POINT('',(1.80232579994793,17.8508523672735,1.));
#4653=CARTESIAN_POINT('',(1.98703521099364,17.8530247282362,1.));
#4654=CARTESIAN_POINT('',(6.1124855800727,17.9015440066231,1.));
#4655=CARTESIAN_POINT('',(1.80232579994793,17.8508523672735,0.99));
#4656=CARTESIAN_POINT('',(1.80232579994793,17.8508523672735,1.));
#4657=CARTESIAN_POINT('',(1.98703521099364,17.8530247282362,0.99));
#4658=CARTESIAN_POINT('',(1.80232579994793,17.8508523672735,0.99));
#4659=CARTESIAN_POINT('',(1.98703521099364,17.8530247282362,1.));
#4660=CARTESIAN_POINT('Origin',(1.81132558388281,17.0856274259677,1.));
#4661=CARTESIAN_POINT('',(1.81132558388281,17.0856274259677,1.));
#4662=CARTESIAN_POINT('',(1.84550301181659,14.1796220736343,1.));
#4663=CARTESIAN_POINT('',(1.81132558388281,17.0856274259677,0.99));
#4664=CARTESIAN_POINT('',(1.81132558388281,17.0856274259677,1.));
#4665=CARTESIAN_POINT('',(1.81132558388281,17.0856274259677,0.99));
#4666=CARTESIAN_POINT('Ctrl Pts',(1.79854855915569,17.0500581034027,1.));
#4667=CARTESIAN_POINT('Ctrl Pts',(1.79854855915569,17.0500581034027,0.99));
#4668=CARTESIAN_POINT('Ctrl Pts',(1.80233605127879,17.055043290647,1.));
#4669=CARTESIAN_POINT('Ctrl Pts',(1.80233605127879,17.055043290647,0.99));
#4670=CARTESIAN_POINT('Ctrl Pts',(1.81030058091954,17.0655263940518,1.));
#4671=CARTESIAN_POINT('Ctrl Pts',(1.81030058091954,17.0655263940518,0.99));
#4672=CARTESIAN_POINT('Ctrl Pts',(1.81097295429411,17.0787121107237,1.));
#4673=CARTESIAN_POINT('Ctrl Pts',(1.81097295429411,17.0787121107237,0.99));
#4674=CARTESIAN_POINT('Ctrl Pts',(1.81132558388281,17.0856274259677,1.));
#4675=CARTESIAN_POINT('Ctrl Pts',(1.81132558388281,17.0856274259677,0.99));
#4676=CARTESIAN_POINT('',(1.79854855915569,17.0500581034027,1.));
#4677=CARTESIAN_POINT('Ctrl Pts',(1.79854855915569,17.0500581034027,1.));
#4678=CARTESIAN_POINT('Ctrl Pts',(1.80233605127879,17.055043290647,1.));
#4679=CARTESIAN_POINT('Ctrl Pts',(1.81030058091954,17.0655263940518,1.));
#4680=CARTESIAN_POINT('Ctrl Pts',(1.81097295429411,17.0787121107237,1.));
#4681=CARTESIAN_POINT('Ctrl Pts',(1.81132558388281,17.0856274259677,1.));
#4682=CARTESIAN_POINT('',(1.79854855915569,17.0500581034027,0.99));
#4683=CARTESIAN_POINT('',(1.79854855915569,17.0500581034027,1.));
#4684=CARTESIAN_POINT('Ctrl Pts',(1.79854855915569,17.0500581034027,0.99));
#4685=CARTESIAN_POINT('Ctrl Pts',(1.80233605127879,17.055043290647,0.99));
#4686=CARTESIAN_POINT('Ctrl Pts',(1.81030058091954,17.0655263940518,0.99));
#4687=CARTESIAN_POINT('Ctrl Pts',(1.81097295429411,17.0787121107237,0.99));
#4688=CARTESIAN_POINT('Ctrl Pts',(1.81132558388281,17.0856274259677,0.99));
#4689=CARTESIAN_POINT('Ctrl Pts',(1.76328945607194,17.036447948806,1.));
#4690=CARTESIAN_POINT('Ctrl Pts',(1.76328945607194,17.036447948806,0.99));
#4691=CARTESIAN_POINT('Ctrl Pts',(1.7701946055425,17.0369631619548,1.));
#4692=CARTESIAN_POINT('Ctrl Pts',(1.7701946055425,17.0369631619548,0.99));
#4693=CARTESIAN_POINT('Ctrl Pts',(1.78336089631156,17.0379455369424,1.));
#4694=CARTESIAN_POINT('Ctrl Pts',(1.78336089631156,17.0379455369424,0.99));
#4695=CARTESIAN_POINT('Ctrl Pts',(1.7936538256299,17.0461544227808,1.));
#4696=CARTESIAN_POINT('Ctrl Pts',(1.7936538256299,17.0461544227808,0.99));
#4697=CARTESIAN_POINT('Ctrl Pts',(1.79854855915569,17.0500581034027,1.));
#4698=CARTESIAN_POINT('Ctrl Pts',(1.79854855915569,17.0500581034027,0.99));
#4699=CARTESIAN_POINT('',(1.76328945607194,17.036447948806,1.));
#4700=CARTESIAN_POINT('Ctrl Pts',(1.76328945607194,17.036447948806,1.));
#4701=CARTESIAN_POINT('Ctrl Pts',(1.7701946055425,17.0369631619548,1.));
#4702=CARTESIAN_POINT('Ctrl Pts',(1.78336089631156,17.0379455369424,1.));
#4703=CARTESIAN_POINT('Ctrl Pts',(1.7936538256299,17.0461544227808,1.));
#4704=CARTESIAN_POINT('Ctrl Pts',(1.79854855915569,17.0500581034027,1.));
#4705=CARTESIAN_POINT('',(1.76328945607194,17.036447948806,0.99));
#4706=CARTESIAN_POINT('',(1.76328945607194,17.036447948806,1.));
#4707=CARTESIAN_POINT('Ctrl Pts',(1.76328945607194,17.036447948806,0.99));
#4708=CARTESIAN_POINT('Ctrl Pts',(1.7701946055425,17.0369631619548,0.99));
#4709=CARTESIAN_POINT('Ctrl Pts',(1.78336089631156,17.0379455369424,0.99));
#4710=CARTESIAN_POINT('Ctrl Pts',(1.7936538256299,17.0461544227808,0.99));
#4711=CARTESIAN_POINT('Ctrl Pts',(1.79854855915569,17.0500581034027,0.99));
#4712=CARTESIAN_POINT('Origin',(1.22999303611372,17.0301758681487,1.));
#4713=CARTESIAN_POINT('',(1.22999303611372,17.0301758681487,1.));
#4714=CARTESIAN_POINT('',(5.83110492746076,17.0842893851646,1.));
#4715=CARTESIAN_POINT('',(1.22999303611372,17.0301758681487,0.99));
#4716=CARTESIAN_POINT('',(1.22999303611372,17.0301758681487,1.));
#4717=CARTESIAN_POINT('',(1.22999303611372,17.0301758681487,0.99));
#4718=CARTESIAN_POINT('Ctrl Pts',(1.19372930645407,17.0429448451957,1.));
#4719=CARTESIAN_POINT('Ctrl Pts',(1.19372930645407,17.0429448451957,0.99));
#4720=CARTESIAN_POINT('Ctrl Pts',(1.19865823995935,17.0391597320158,1.));
#4721=CARTESIAN_POINT('Ctrl Pts',(1.19865823995935,17.0391597320158,0.99));
#4722=CARTESIAN_POINT('Ctrl Pts',(1.2092986908786,17.030988530077,1.));
#4723=CARTESIAN_POINT('Ctrl Pts',(1.2092986908786,17.030988530077,0.99));
#4724=CARTESIAN_POINT('Ctrl Pts',(1.22276478623135,17.030459719772,1.));
#4725=CARTESIAN_POINT('Ctrl Pts',(1.22276478623135,17.030459719772,0.99));
#4726=CARTESIAN_POINT('Ctrl Pts',(1.22999303611372,17.0301758681487,1.));
#4727=CARTESIAN_POINT('Ctrl Pts',(1.22999303611372,17.0301758681487,0.99));
#4728=CARTESIAN_POINT('',(1.19372930645407,17.0429448451957,1.));
#4729=CARTESIAN_POINT('Ctrl Pts',(1.19372930645407,17.0429448451957,1.));
#4730=CARTESIAN_POINT('Ctrl Pts',(1.19865823995935,17.0391597320158,1.));
#4731=CARTESIAN_POINT('Ctrl Pts',(1.2092986908786,17.030988530077,1.));
#4732=CARTESIAN_POINT('Ctrl Pts',(1.22276478623135,17.030459719772,1.));
#4733=CARTESIAN_POINT('Ctrl Pts',(1.22999303611372,17.0301758681487,1.));
#4734=CARTESIAN_POINT('',(1.19372930645407,17.0429448451957,0.99));
#4735=CARTESIAN_POINT('',(1.19372930645407,17.0429448451957,1.));
#4736=CARTESIAN_POINT('Ctrl Pts',(1.19372930645407,17.0429448451957,0.99));
#4737=CARTESIAN_POINT('Ctrl Pts',(1.19865823995935,17.0391597320158,0.99));
#4738=CARTESIAN_POINT('Ctrl Pts',(1.2092986908786,17.030988530077,0.99));
#4739=CARTESIAN_POINT('Ctrl Pts',(1.22276478623135,17.030459719772,0.99));
#4740=CARTESIAN_POINT('Ctrl Pts',(1.22999303611372,17.0301758681487,0.99));
#4741=CARTESIAN_POINT('Ctrl Pts',(1.18081361855258,17.0782119966605,1.));
#4742=CARTESIAN_POINT('Ctrl Pts',(1.18081361855258,17.0782119966605,0.99));
#4743=CARTESIAN_POINT('Ctrl Pts',(1.18128897949287,17.0713255306397,1.));
#4744=CARTESIAN_POINT('Ctrl Pts',(1.18128897949287,17.0713255306397,0.99));
#4745=CARTESIAN_POINT('Ctrl Pts',(1.18218947648558,17.0582801972591,1.));
#4746=CARTESIAN_POINT('Ctrl Pts',(1.18218947648558,17.0582801972591,0.99));
#4747=CARTESIAN_POINT('Ctrl Pts',(1.19002843480148,17.0478629566314,1.));
#4748=CARTESIAN_POINT('Ctrl Pts',(1.19002843480148,17.0478629566314,0.99));
#4749=CARTESIAN_POINT('Ctrl Pts',(1.19372930645407,17.0429448451957,1.));
#4750=CARTESIAN_POINT('Ctrl Pts',(1.19372930645407,17.0429448451957,0.99));
#4751=CARTESIAN_POINT('',(1.18081361855258,17.0782119966605,1.));
#4752=CARTESIAN_POINT('Ctrl Pts',(1.18081361855258,17.0782119966605,1.));
#4753=CARTESIAN_POINT('Ctrl Pts',(1.18128897949287,17.0713255306397,1.));
#4754=CARTESIAN_POINT('Ctrl Pts',(1.18218947648558,17.0582801972591,1.));
#4755=CARTESIAN_POINT('Ctrl Pts',(1.19002843480148,17.0478629566314,1.));
#4756=CARTESIAN_POINT('Ctrl Pts',(1.19372930645407,17.0429448451957,1.));
#4757=CARTESIAN_POINT('',(1.18081361855258,17.0782119966605,0.99));
#4758=CARTESIAN_POINT('',(1.18081361855258,17.0782119966605,1.));
#4759=CARTESIAN_POINT('Ctrl Pts',(1.18081361855258,17.0782119966605,0.99));
#4760=CARTESIAN_POINT('Ctrl Pts',(1.18128897949287,17.0713255306397,0.99));
#4761=CARTESIAN_POINT('Ctrl Pts',(1.18218947648558,17.0582801972591,0.99));
#4762=CARTESIAN_POINT('Ctrl Pts',(1.19002843480148,17.0478629566314,0.99));
#4763=CARTESIAN_POINT('Ctrl Pts',(1.19372930645407,17.0429448451957,0.99));
#4764=CARTESIAN_POINT('Origin',(1.1718138346177,17.8434369379663,1.));
#4765=CARTESIAN_POINT('',(1.1718138346177,17.8434369379663,1.));
#4766=CARTESIAN_POINT('',(1.21049115451893,14.55481911498,1.));
#4767=CARTESIAN_POINT('',(1.1718138346177,17.8434369379663,0.99));
#4768=CARTESIAN_POINT('',(1.1718138346177,17.8434369379663,1.));
#4769=CARTESIAN_POINT('',(1.1718138346177,17.8434369379663,0.99));
#4770=CARTESIAN_POINT('Origin',(0.987104423571984,17.8412645770037,1.));
#4771=CARTESIAN_POINT('',(0.987104423571984,17.8412645770037,1.));
#4772=CARTESIAN_POINT('',(5.70487489188473,17.8967501114882,1.));
#4773=CARTESIAN_POINT('',(0.987104423571984,17.8412645770037,0.99));
#4774=CARTESIAN_POINT('',(0.987104423571984,17.8412645770037,1.));
#4775=CARTESIAN_POINT('',(0.987104423571984,17.8412645770037,0.99));
#4776=CARTESIAN_POINT('Origin',(0.996561547247183,17.0371533937089,1.));
#4777=CARTESIAN_POINT('',(0.996561547247183,17.0371533937089,1.));
#4778=CARTESIAN_POINT('',(1.03051030531081,14.15059116237,1.));
#4779=CARTESIAN_POINT('',(0.996561547247183,17.0371533937089,0.99));
#4780=CARTESIAN_POINT('',(0.996561547247183,17.0371533937089,1.));
#4781=CARTESIAN_POINT('',(0.996561547247183,17.0371533937089,0.99));
#4782=CARTESIAN_POINT('Ctrl Pts',(1.02408378493278,16.9409428297121,1.));
#4783=CARTESIAN_POINT('Ctrl Pts',(1.02408378493278,16.9409428297121,0.99));
#4784=CARTESIAN_POINT('Ctrl Pts',(1.01621092024873,16.9558850374584,1.));
#4785=CARTESIAN_POINT('Ctrl Pts',(1.01621092024873,16.9558850374584,0.99));
#4786=CARTESIAN_POINT('Ctrl Pts',(1.00032910209531,16.9860277410055,1.));
#4787=CARTESIAN_POINT('Ctrl Pts',(1.00032910209531,16.9860277410055,0.99));
#4788=CARTESIAN_POINT('Ctrl Pts',(0.997824552559375,17.0200144339441,1.));
#4789=CARTESIAN_POINT('Ctrl Pts',(0.997824552559375,17.0200144339441,0.99));
#4790=CARTESIAN_POINT('Ctrl Pts',(0.996561547247183,17.0371533937089,1.));
#4791=CARTESIAN_POINT('Ctrl Pts',(0.996561547247183,17.0371533937089,0.99));
#4792=CARTESIAN_POINT('',(1.02408378493278,16.9409428297121,1.));
#4793=CARTESIAN_POINT('Ctrl Pts',(1.02408378493278,16.9409428297121,1.));
#4794=CARTESIAN_POINT('Ctrl Pts',(1.01621092024873,16.9558850374584,1.));
#4795=CARTESIAN_POINT('Ctrl Pts',(1.00032910209531,16.9860277410055,1.));
#4796=CARTESIAN_POINT('Ctrl Pts',(0.997824552559375,17.0200144339441,1.));
#4797=CARTESIAN_POINT('Ctrl Pts',(0.996561547247183,17.0371533937089,1.));
#4798=CARTESIAN_POINT('',(1.02408378493278,16.9409428297121,0.99));
#4799=CARTESIAN_POINT('',(1.02408378493278,16.9409428297121,1.));
#4800=CARTESIAN_POINT('Ctrl Pts',(1.02408378493278,16.9409428297121,0.99));
#4801=CARTESIAN_POINT('Ctrl Pts',(1.01621092024873,16.9558850374584,0.99));
#4802=CARTESIAN_POINT('Ctrl Pts',(1.00032910209531,16.9860277410055,0.99));
#4803=CARTESIAN_POINT('Ctrl Pts',(0.997824552559375,17.0200144339441,0.99));
#4804=CARTESIAN_POINT('Ctrl Pts',(0.996561547247183,17.0371533937089,0.99));
#4805=CARTESIAN_POINT('Ctrl Pts',(1.09504265077895,16.8716335925409,1.));
#4806=CARTESIAN_POINT('Ctrl Pts',(1.09504265077895,16.8716335925409,0.99));
#4807=CARTESIAN_POINT('Ctrl Pts',(1.08107170492637,16.8809895714869,1.));
#4808=CARTESIAN_POINT('Ctrl Pts',(1.08107170492637,16.8809895714869,0.99));
#4809=CARTESIAN_POINT('Ctrl Pts',(1.05312975330626,16.8997015695024,1.));
#4810=CARTESIAN_POINT('Ctrl Pts',(1.05312975330626,16.8997015695024,0.99));
#4811=CARTESIAN_POINT('Ctrl Pts',(1.0337657882311,16.9271957233239,1.));
#4812=CARTESIAN_POINT('Ctrl Pts',(1.0337657882311,16.9271957233239,0.99));
#4813=CARTESIAN_POINT('Ctrl Pts',(1.02408378493278,16.9409428297121,1.));
#4814=CARTESIAN_POINT('Ctrl Pts',(1.02408378493278,16.9409428297121,0.99));
#4815=CARTESIAN_POINT('',(1.09504265077895,16.8716335925409,1.));
#4816=CARTESIAN_POINT('Ctrl Pts',(1.09504265077895,16.8716335925409,1.));
#4817=CARTESIAN_POINT('Ctrl Pts',(1.08107170492637,16.8809895714869,1.));
#4818=CARTESIAN_POINT('Ctrl Pts',(1.05312975330626,16.8997015695024,1.));
#4819=CARTESIAN_POINT('Ctrl Pts',(1.0337657882311,16.9271957233239,1.));
#4820=CARTESIAN_POINT('Ctrl Pts',(1.02408378493278,16.9409428297121,1.));
#4821=CARTESIAN_POINT('',(1.09504265077895,16.8716335925409,0.99));
#4822=CARTESIAN_POINT('',(1.09504265077895,16.8716335925409,1.));
#4823=CARTESIAN_POINT('Ctrl Pts',(1.09504265077895,16.8716335925409,0.99));
#4824=CARTESIAN_POINT('Ctrl Pts',(1.08107170492637,16.8809895714869,0.99));
#4825=CARTESIAN_POINT('Ctrl Pts',(1.05312975330626,16.8997015695024,0.99));
#4826=CARTESIAN_POINT('Ctrl Pts',(1.0337657882311,16.9271957233239,0.99));
#4827=CARTESIAN_POINT('Ctrl Pts',(1.02408378493278,16.9409428297121,0.99));
#4828=CARTESIAN_POINT('Ctrl Pts',(1.1918741277386,16.8463817155887,1.));
#4829=CARTESIAN_POINT('Ctrl Pts',(1.1918741277386,16.8463817155887,0.99));
#4830=CARTESIAN_POINT('Ctrl Pts',(1.17471003900716,16.8472412817069,1.));
#4831=CARTESIAN_POINT('Ctrl Pts',(1.17471003900716,16.8472412817069,0.99));
#4832=CARTESIAN_POINT('Ctrl Pts',(1.14067375598,16.8489457960645,1.));
#4833=CARTESIAN_POINT('Ctrl Pts',(1.14067375598,16.8489457960645,0.99));
#4834=CARTESIAN_POINT('Ctrl Pts',(1.11016580734082,16.8641143554625,1.));
#4835=CARTESIAN_POINT('Ctrl Pts',(1.11016580734082,16.8641143554625,0.99));
#4836=CARTESIAN_POINT('Ctrl Pts',(1.09504265077895,16.8716335925409,1.));
#4837=CARTESIAN_POINT('Ctrl Pts',(1.09504265077895,16.8716335925409,0.99));
#4838=CARTESIAN_POINT('',(1.1918741277386,16.8463817155887,1.));
#4839=CARTESIAN_POINT('Ctrl Pts',(1.1918741277386,16.8463817155887,1.));
#4840=CARTESIAN_POINT('Ctrl Pts',(1.17471003900716,16.8472412817069,1.));
#4841=CARTESIAN_POINT('Ctrl Pts',(1.14067375598,16.8489457960645,1.));
#4842=CARTESIAN_POINT('Ctrl Pts',(1.11016580734082,16.8641143554625,1.));
#4843=CARTESIAN_POINT('Ctrl Pts',(1.09504265077895,16.8716335925409,1.));
#4844=CARTESIAN_POINT('',(1.1918741277386,16.8463817155887,0.99));
#4845=CARTESIAN_POINT('',(1.1918741277386,16.8463817155887,1.));
#4846=CARTESIAN_POINT('Ctrl Pts',(1.1918741277386,16.8463817155887,0.99));
#4847=CARTESIAN_POINT('Ctrl Pts',(1.17471003900716,16.8472412817069,0.99));
#4848=CARTESIAN_POINT('Ctrl Pts',(1.14067375598,16.8489457960645,0.99));
#4849=CARTESIAN_POINT('Ctrl Pts',(1.11016580734082,16.8641143554625,0.99));
#4850=CARTESIAN_POINT('Ctrl Pts',(1.09504265077895,16.8716335925409,0.99));
#4851=CARTESIAN_POINT('Origin',(1.80572053524474,16.8536011418496,1.));
#4852=CARTESIAN_POINT('',(1.80572053524474,16.8536011418496,1.));
#4853=CARTESIAN_POINT('',(6.12004668992543,16.9043417817855,1.));
#4854=CARTESIAN_POINT('',(1.80572053524474,16.8536011418496,0.99));
#4855=CARTESIAN_POINT('',(1.80572053524474,16.8536011418496,1.));
#4856=CARTESIAN_POINT('',(1.80572053524474,16.8536011418496,0.99));
#4857=CARTESIAN_POINT('Ctrl Pts',(1.90193121844259,16.8811233809371,1.));
#4858=CARTESIAN_POINT('Ctrl Pts',(1.90193121844259,16.8811233809371,0.99));
#4859=CARTESIAN_POINT('Ctrl Pts',(1.88698908768366,16.8732505470164,1.));
#4860=CARTESIAN_POINT('Ctrl Pts',(1.88698908768366,16.8732505470164,0.99));
#4861=CARTESIAN_POINT('Ctrl Pts',(1.8568463577216,16.8573686951751,1.));
#4862=CARTESIAN_POINT('Ctrl Pts',(1.8568463577216,16.8573686951751,0.99));
#4863=CARTESIAN_POINT('Ctrl Pts',(1.82285961944321,16.854864151627,1.));
#4864=CARTESIAN_POINT('Ctrl Pts',(1.82285961944321,16.854864151627,0.99));
#4865=CARTESIAN_POINT('Ctrl Pts',(1.80572053524474,16.8536011418496,1.));
#4866=CARTESIAN_POINT('Ctrl Pts',(1.80572053524474,16.8536011418496,0.99));
#4867=CARTESIAN_POINT('',(1.90193121844259,16.8811233809371,1.));
#4868=CARTESIAN_POINT('Ctrl Pts',(1.90193121844259,16.8811233809371,1.));
#4869=CARTESIAN_POINT('Ctrl Pts',(1.88698908768366,16.8732505470164,1.));
#4870=CARTESIAN_POINT('Ctrl Pts',(1.8568463577216,16.8573686951751,1.));
#4871=CARTESIAN_POINT('Ctrl Pts',(1.82285961944321,16.854864151627,1.));
#4872=CARTESIAN_POINT('Ctrl Pts',(1.80572053524474,16.8536011418496,1.));
#4873=CARTESIAN_POINT('',(1.90193121844259,16.8811233809371,0.99));
#4874=CARTESIAN_POINT('',(1.90193121844259,16.8811233809371,1.));
#4875=CARTESIAN_POINT('Ctrl Pts',(1.90193121844259,16.8811233809371,0.99));
#4876=CARTESIAN_POINT('Ctrl Pts',(1.88698908768366,16.8732505470164,0.99));
#4877=CARTESIAN_POINT('Ctrl Pts',(1.8568463577216,16.8573686951751,0.99));
#4878=CARTESIAN_POINT('Ctrl Pts',(1.82285961944321,16.854864151627,0.99));
#4879=CARTESIAN_POINT('Ctrl Pts',(1.80572053524474,16.8536011418496,0.99));
#4880=CARTESIAN_POINT('Ctrl Pts',(1.97124045491281,16.9520823063838,1.));
#4881=CARTESIAN_POINT('Ctrl Pts',(1.97124045491281,16.9520823063838,0.99));
#4882=CARTESIAN_POINT('Ctrl Pts',(1.96188444500129,16.9381112925156,1.));
#4883=CARTESIAN_POINT('Ctrl Pts',(1.96188444500129,16.9381112925156,0.99));
#4884=CARTESIAN_POINT('Ctrl Pts',(1.94317245650167,16.9101693115532,1.));
#4885=CARTESIAN_POINT('Ctrl Pts',(1.94317245650167,16.9101693115532,0.99));
#4886=CARTESIAN_POINT('Ctrl Pts',(1.91567828245409,16.8908053470042,1.));
#4887=CARTESIAN_POINT('Ctrl Pts',(1.91567828245409,16.8908053470042,0.99));
#4888=CARTESIAN_POINT('Ctrl Pts',(1.90193121844259,16.8811233809371,1.));
#4889=CARTESIAN_POINT('Ctrl Pts',(1.90193121844259,16.8811233809371,0.99));
#4890=CARTESIAN_POINT('',(1.97124045491281,16.9520823063838,1.));
#4891=CARTESIAN_POINT('Ctrl Pts',(1.97124045491281,16.9520823063838,1.));
#4892=CARTESIAN_POINT('Ctrl Pts',(1.96188444500129,16.9381112925156,1.));
#4893=CARTESIAN_POINT('Ctrl Pts',(1.94317245650167,16.9101693115532,1.));
#4894=CARTESIAN_POINT('Ctrl Pts',(1.91567828245409,16.8908053470042,1.));
#4895=CARTESIAN_POINT('Ctrl Pts',(1.90193121844259,16.8811233809371,1.));
#4896=CARTESIAN_POINT('',(1.97124045491281,16.9520823063838,0.99));
#4897=CARTESIAN_POINT('',(1.97124045491281,16.9520823063838,1.));
#4898=CARTESIAN_POINT('Ctrl Pts',(1.97124045491281,16.9520823063838,0.99));
#4899=CARTESIAN_POINT('Ctrl Pts',(1.96188444500129,16.9381112925156,0.99));
#4900=CARTESIAN_POINT('Ctrl Pts',(1.94317245650167,16.9101693115532,0.99));
#4901=CARTESIAN_POINT('Ctrl Pts',(1.91567828245409,16.8908053470042,0.99));
#4902=CARTESIAN_POINT('Ctrl Pts',(1.90193121844259,16.8811233809371,0.99));
#4903=CARTESIAN_POINT('Ctrl Pts',(1.99649233466884,17.0489135449414,1.));
#4904=CARTESIAN_POINT('Ctrl Pts',(1.99649233466884,17.0489135449414,0.99));
#4905=CARTESIAN_POINT('Ctrl Pts',(1.99563275711834,17.0317495380588,1.));
#4906=CARTESIAN_POINT('Ctrl Pts',(1.99563275711834,17.0317495380588,0.99));
#4907=CARTESIAN_POINT('Ctrl Pts',(1.99392821616974,16.997713339049,1.));
#4908=CARTESIAN_POINT('Ctrl Pts',(1.99392821616974,16.997713339049,0.99));
#4909=CARTESIAN_POINT('Ctrl Pts',(1.97875969208203,16.9672054625648,1.));
#4910=CARTESIAN_POINT('Ctrl Pts',(1.97875969208203,16.9672054625648,0.99));
#4911=CARTESIAN_POINT('Ctrl Pts',(1.97124045491281,16.9520823063838,1.));
#4912=CARTESIAN_POINT('Ctrl Pts',(1.97124045491281,16.9520823063838,0.99));
#4913=CARTESIAN_POINT('',(1.99649233466884,17.0489135449414,1.));
#4914=CARTESIAN_POINT('Ctrl Pts',(1.99649233466884,17.0489135449414,1.));
#4915=CARTESIAN_POINT('Ctrl Pts',(1.99563275711834,17.0317495380588,1.));
#4916=CARTESIAN_POINT('Ctrl Pts',(1.99392821616974,16.997713339049,1.));
#4917=CARTESIAN_POINT('Ctrl Pts',(1.97875969208203,16.9672054625648,1.));
#4918=CARTESIAN_POINT('Ctrl Pts',(1.97124045491281,16.9520823063838,1.));
#4919=CARTESIAN_POINT('',(1.99649233466884,17.0489135449414,0.99));
#4920=CARTESIAN_POINT('',(1.99649233466884,17.0489135449414,1.));
#4921=CARTESIAN_POINT('Ctrl Pts',(1.99649233466884,17.0489135449414,0.99));
#4922=CARTESIAN_POINT('Ctrl Pts',(1.99563275711834,17.0317495380588,0.99));
#4923=CARTESIAN_POINT('Ctrl Pts',(1.99392821616974,16.997713339049,0.99));
#4924=CARTESIAN_POINT('Ctrl Pts',(1.97875969208203,16.9672054625648,0.99));
#4925=CARTESIAN_POINT('Ctrl Pts',(1.97124045491281,16.9520823063838,0.99));
#4926=CARTESIAN_POINT('Origin',(1.98703521099364,17.8530247282362,1.));
#4927=CARTESIAN_POINT('',(2.02571253089487,14.5644069052499,1.));
#4928=CARTESIAN_POINT('',(1.98703521099364,17.8530247282362,0.99));
#4929=CARTESIAN_POINT('Origin',(1.50124733346104,16.5462865784115,0.99));
#4930=CARTESIAN_POINT('Origin',(1.78390155705886,19.4174111075052,1.));
#4931=CARTESIAN_POINT('',(1.78390155705886,19.4174111075052,1.));
#4932=CARTESIAN_POINT('',(1.96861096810458,19.4195834684679,1.));
#4933=CARTESIAN_POINT('',(6.09406133718363,19.4681027468548,1.));
#4934=CARTESIAN_POINT('',(1.78390155705886,19.4174111075052,0.99));
#4935=CARTESIAN_POINT('',(1.78390155705886,19.4174111075052,1.));
#4936=CARTESIAN_POINT('',(1.96861096810458,19.4195834684679,0.99));
#4937=CARTESIAN_POINT('',(1.78390155705886,19.4174111075052,0.99));
#4938=CARTESIAN_POINT('',(1.96861096810458,19.4195834684679,1.));
#4939=CARTESIAN_POINT('Origin',(1.79290134099375,18.6521861661994,1.));
#4940=CARTESIAN_POINT('',(1.79290134099375,18.6521861661994,1.));
#4941=CARTESIAN_POINT('',(1.83629089037206,14.9629014437502,1.));
#4942=CARTESIAN_POINT('',(1.79290134099375,18.6521861661994,0.99));
#4943=CARTESIAN_POINT('',(1.79290134099375,18.6521861661994,1.));
#4944=CARTESIAN_POINT('',(1.79290134099375,18.6521861661994,0.99));
#4945=CARTESIAN_POINT('Ctrl Pts',(1.78012431626662,18.6166168436344,1.));
#4946=CARTESIAN_POINT('Ctrl Pts',(1.78012431626662,18.6166168436344,0.99));
#4947=CARTESIAN_POINT('Ctrl Pts',(1.78391180838973,18.6216020308787,1.));
#4948=CARTESIAN_POINT('Ctrl Pts',(1.78391180838973,18.6216020308787,0.99));
#4949=CARTESIAN_POINT('Ctrl Pts',(1.79187633803048,18.6320851342835,1.));
#4950=CARTESIAN_POINT('Ctrl Pts',(1.79187633803048,18.6320851342835,0.99));
#4951=CARTESIAN_POINT('Ctrl Pts',(1.79254871140504,18.6452708509554,1.));
#4952=CARTESIAN_POINT('Ctrl Pts',(1.79254871140504,18.6452708509554,0.99));
#4953=CARTESIAN_POINT('Ctrl Pts',(1.79290134099375,18.6521861661994,1.));
#4954=CARTESIAN_POINT('Ctrl Pts',(1.79290134099375,18.6521861661994,0.99));
#4955=CARTESIAN_POINT('',(1.78012431626662,18.6166168436344,1.));
#4956=CARTESIAN_POINT('Ctrl Pts',(1.78012431626662,18.6166168436344,1.));
#4957=CARTESIAN_POINT('Ctrl Pts',(1.78391180838973,18.6216020308787,1.));
#4958=CARTESIAN_POINT('Ctrl Pts',(1.79187633803048,18.6320851342835,1.));
#4959=CARTESIAN_POINT('Ctrl Pts',(1.79254871140504,18.6452708509554,1.));
#4960=CARTESIAN_POINT('Ctrl Pts',(1.79290134099375,18.6521861661994,1.));
#4961=CARTESIAN_POINT('',(1.78012431626662,18.6166168436344,0.99));
#4962=CARTESIAN_POINT('',(1.78012431626662,18.6166168436344,1.));
#4963=CARTESIAN_POINT('Ctrl Pts',(1.78012431626662,18.6166168436344,0.99));
#4964=CARTESIAN_POINT('Ctrl Pts',(1.78391180838973,18.6216020308787,0.99));
#4965=CARTESIAN_POINT('Ctrl Pts',(1.79187633803048,18.6320851342835,0.99));
#4966=CARTESIAN_POINT('Ctrl Pts',(1.79254871140504,18.6452708509554,0.99));
#4967=CARTESIAN_POINT('Ctrl Pts',(1.79290134099375,18.6521861661994,0.99));
#4968=CARTESIAN_POINT('Ctrl Pts',(1.74486521318288,18.6030066890378,1.));
#4969=CARTESIAN_POINT('Ctrl Pts',(1.74486521318288,18.6030066890378,0.99));
#4970=CARTESIAN_POINT('Ctrl Pts',(1.75177036265343,18.6035219021866,1.));
#4971=CARTESIAN_POINT('Ctrl Pts',(1.75177036265343,18.6035219021866,0.99));
#4972=CARTESIAN_POINT('Ctrl Pts',(1.76493665342249,18.6045042771741,1.));
#4973=CARTESIAN_POINT('Ctrl Pts',(1.76493665342249,18.6045042771741,0.99));
#4974=CARTESIAN_POINT('Ctrl Pts',(1.77522958274083,18.6127131630125,1.));
#4975=CARTESIAN_POINT('Ctrl Pts',(1.77522958274083,18.6127131630125,0.99));
#4976=CARTESIAN_POINT('Ctrl Pts',(1.78012431626662,18.6166168436344,1.));
#4977=CARTESIAN_POINT('Ctrl Pts',(1.78012431626662,18.6166168436344,0.99));
#4978=CARTESIAN_POINT('',(1.74486521318288,18.6030066890378,1.));
#4979=CARTESIAN_POINT('Ctrl Pts',(1.74486521318288,18.6030066890378,1.));
#4980=CARTESIAN_POINT('Ctrl Pts',(1.75177036265343,18.6035219021866,1.));
#4981=CARTESIAN_POINT('Ctrl Pts',(1.76493665342249,18.6045042771741,1.));
#4982=CARTESIAN_POINT('Ctrl Pts',(1.77522958274083,18.6127131630125,1.));
#4983=CARTESIAN_POINT('Ctrl Pts',(1.78012431626662,18.6166168436344,1.));
#4984=CARTESIAN_POINT('',(1.74486521318288,18.6030066890378,0.99));
#4985=CARTESIAN_POINT('',(1.74486521318288,18.6030066890378,1.));
#4986=CARTESIAN_POINT('Ctrl Pts',(1.74486521318288,18.6030066890378,0.99));
#4987=CARTESIAN_POINT('Ctrl Pts',(1.75177036265343,18.6035219021866,0.99));
#4988=CARTESIAN_POINT('Ctrl Pts',(1.76493665342249,18.6045042771741,0.99));
#4989=CARTESIAN_POINT('Ctrl Pts',(1.77522958274083,18.6127131630125,0.99));
#4990=CARTESIAN_POINT('Ctrl Pts',(1.78012431626662,18.6166168436344,0.99));
#4991=CARTESIAN_POINT('Origin',(1.21156879322466,18.5967346083804,1.));
#4992=CARTESIAN_POINT('',(1.21156879322466,18.5967346083804,1.));
#4993=CARTESIAN_POINT('',(5.81268068457169,18.6508481253964,1.));
#4994=CARTESIAN_POINT('',(1.21156879322466,18.5967346083804,0.99));
#4995=CARTESIAN_POINT('',(1.21156879322466,18.5967346083804,1.));
#4996=CARTESIAN_POINT('',(1.21156879322466,18.5967346083804,0.99));
#4997=CARTESIAN_POINT('Ctrl Pts',(1.175305063565,18.6095035854274,1.));
#4998=CARTESIAN_POINT('Ctrl Pts',(1.175305063565,18.6095035854274,0.99));
#4999=CARTESIAN_POINT('Ctrl Pts',(1.18023399707028,18.6057184722475,1.));
#5000=CARTESIAN_POINT('Ctrl Pts',(1.18023399707028,18.6057184722475,0.99));
#5001=CARTESIAN_POINT('Ctrl Pts',(1.19087444798954,18.5975472703087,1.));
#5002=CARTESIAN_POINT('Ctrl Pts',(1.19087444798954,18.5975472703087,0.99));
#5003=CARTESIAN_POINT('Ctrl Pts',(1.20434054334229,18.5970184600037,1.));
#5004=CARTESIAN_POINT('Ctrl Pts',(1.20434054334229,18.5970184600037,0.99));
#5005=CARTESIAN_POINT('Ctrl Pts',(1.21156879322466,18.5967346083804,1.));
#5006=CARTESIAN_POINT('Ctrl Pts',(1.21156879322466,18.5967346083804,0.99));
#5007=CARTESIAN_POINT('',(1.175305063565,18.6095035854274,1.));
#5008=CARTESIAN_POINT('Ctrl Pts',(1.175305063565,18.6095035854274,1.));
#5009=CARTESIAN_POINT('Ctrl Pts',(1.18023399707028,18.6057184722475,1.));
#5010=CARTESIAN_POINT('Ctrl Pts',(1.19087444798954,18.5975472703087,1.));
#5011=CARTESIAN_POINT('Ctrl Pts',(1.20434054334229,18.5970184600037,1.));
#5012=CARTESIAN_POINT('Ctrl Pts',(1.21156879322466,18.5967346083804,1.));
#5013=CARTESIAN_POINT('',(1.175305063565,18.6095035854274,0.99));
#5014=CARTESIAN_POINT('',(1.175305063565,18.6095035854274,1.));
#5015=CARTESIAN_POINT('Ctrl Pts',(1.175305063565,18.6095035854274,0.99));
#5016=CARTESIAN_POINT('Ctrl Pts',(1.18023399707028,18.6057184722475,0.99));
#5017=CARTESIAN_POINT('Ctrl Pts',(1.19087444798954,18.5975472703087,0.99));
#5018=CARTESIAN_POINT('Ctrl Pts',(1.20434054334229,18.5970184600037,0.99));
#5019=CARTESIAN_POINT('Ctrl Pts',(1.21156879322466,18.5967346083804,0.99));
#5020=CARTESIAN_POINT('Ctrl Pts',(1.16238937566352,18.6447707368923,1.));
#5021=CARTESIAN_POINT('Ctrl Pts',(1.16238937566352,18.6447707368923,0.99));
#5022=CARTESIAN_POINT('Ctrl Pts',(1.16286468243897,18.6378840870136,1.));
#5023=CARTESIAN_POINT('Ctrl Pts',(1.16286468243897,18.6378840870136,0.99));
#5024=CARTESIAN_POINT('Ctrl Pts',(1.1637650573271,18.6248386878435,1.));
#5025=CARTESIAN_POINT('Ctrl Pts',(1.1637650573271,18.6248386878435,0.99));
#5026=CARTESIAN_POINT('Ctrl Pts',(1.17160419625586,18.6144215359072,1.));
#5027=CARTESIAN_POINT('Ctrl Pts',(1.17160419625586,18.6144215359072,0.99));
#5028=CARTESIAN_POINT('Ctrl Pts',(1.175305063565,18.6095035854274,1.));
#5029=CARTESIAN_POINT('Ctrl Pts',(1.175305063565,18.6095035854274,0.99));
#5030=CARTESIAN_POINT('',(1.16238937566352,18.6447707368923,1.));
#5031=CARTESIAN_POINT('Ctrl Pts',(1.16238937566352,18.6447707368923,1.));
#5032=CARTESIAN_POINT('Ctrl Pts',(1.16286468243897,18.6378840870136,1.));
#5033=CARTESIAN_POINT('Ctrl Pts',(1.1637650573271,18.6248386878435,1.));
#5034=CARTESIAN_POINT('Ctrl Pts',(1.17160419625586,18.6144215359072,1.));
#5035=CARTESIAN_POINT('Ctrl Pts',(1.175305063565,18.6095035854274,1.));
#5036=CARTESIAN_POINT('',(1.16238937566352,18.6447707368923,0.99));
#5037=CARTESIAN_POINT('',(1.16238937566352,18.6447707368923,1.));
#5038=CARTESIAN_POINT('Ctrl Pts',(1.16238937566352,18.6447707368923,0.99));
#5039=CARTESIAN_POINT('Ctrl Pts',(1.16286468243897,18.6378840870136,0.99));
#5040=CARTESIAN_POINT('Ctrl Pts',(1.1637650573271,18.6248386878435,0.99));
#5041=CARTESIAN_POINT('Ctrl Pts',(1.17160419625586,18.6144215359072,0.99));
#5042=CARTESIAN_POINT('Ctrl Pts',(1.175305063565,18.6095035854274,0.99));
#5043=CARTESIAN_POINT('Origin',(1.15338959172864,19.409995678198,1.));
#5044=CARTESIAN_POINT('',(1.15338959172864,19.409995678198,1.));
#5045=CARTESIAN_POINT('',(1.20127903307439,15.3380984850959,1.));
#5046=CARTESIAN_POINT('',(1.15338959172864,19.409995678198,0.99));
#5047=CARTESIAN_POINT('',(1.15338959172864,19.409995678198,1.));
#5048=CARTESIAN_POINT('',(1.15338959172864,19.409995678198,0.99));
#5049=CARTESIAN_POINT('Origin',(0.96868018068292,19.4078233172354,1.));
#5050=CARTESIAN_POINT('',(0.96868018068292,19.4078233172354,1.));
#5051=CARTESIAN_POINT('',(5.68645064899566,19.4633088517199,1.));
#5052=CARTESIAN_POINT('',(0.96868018068292,19.4078233172354,0.99));
#5053=CARTESIAN_POINT('',(0.96868018068292,19.4078233172354,1.));
#5054=CARTESIAN_POINT('',(0.96868018068292,19.4078233172354,0.99));
#5055=CARTESIAN_POINT('Origin',(0.97813730435812,18.6037121339406,1.));
#5056=CARTESIAN_POINT('',(0.97813730435812,18.6037121339406,1.));
#5057=CARTESIAN_POINT('',(1.02129818386628,14.9338705324858,1.));
#5058=CARTESIAN_POINT('',(0.97813730435812,18.6037121339406,0.99));
#5059=CARTESIAN_POINT('',(0.97813730435812,18.6037121339406,1.));
#5060=CARTESIAN_POINT('',(0.97813730435812,18.6037121339406,0.99));
#5061=CARTESIAN_POINT('Ctrl Pts',(1.00565954765139,18.5075010931396,1.));
#5062=CARTESIAN_POINT('Ctrl Pts',(1.00565954765139,18.5075010931396,0.99));
#5063=CARTESIAN_POINT('Ctrl Pts',(0.997786683131028,18.5224433016517,1.));
#5064=CARTESIAN_POINT('Ctrl Pts',(0.997786683131028,18.5224433016517,0.99));
#5065=CARTESIAN_POINT('Ctrl Pts',(0.98190479098271,18.5525861478081,1.));
#5066=CARTESIAN_POINT('Ctrl Pts',(0.98190479098271,18.5525861478081,0.99));
#5067=CARTESIAN_POINT('Ctrl Pts',(0.97940029066199,18.5865730099857,1.));
#5068=CARTESIAN_POINT('Ctrl Pts',(0.97940029066199,18.5865730099857,0.99));
#5069=CARTESIAN_POINT('Ctrl Pts',(0.97813730435812,18.6037121339406,1.));
#5070=CARTESIAN_POINT('Ctrl Pts',(0.97813730435812,18.6037121339406,0.99));
#5071=CARTESIAN_POINT('',(1.00565954765139,18.5075010931396,1.));
#5072=CARTESIAN_POINT('Ctrl Pts',(1.00565954765139,18.5075010931396,1.));
#5073=CARTESIAN_POINT('Ctrl Pts',(0.997786683131028,18.5224433016517,1.));
#5074=CARTESIAN_POINT('Ctrl Pts',(0.98190479098271,18.5525861478081,1.));
#5075=CARTESIAN_POINT('Ctrl Pts',(0.97940029066199,18.5865730099857,1.));
#5076=CARTESIAN_POINT('Ctrl Pts',(0.97813730435812,18.6037121339406,1.));
#5077=CARTESIAN_POINT('',(1.00565954765139,18.5075010931396,0.99));
#5078=CARTESIAN_POINT('',(1.00565954765139,18.5075010931396,1.));
#5079=CARTESIAN_POINT('Ctrl Pts',(1.00565954765139,18.5075010931396,0.99));
#5080=CARTESIAN_POINT('Ctrl Pts',(0.997786683131028,18.5224433016517,0.99));
#5081=CARTESIAN_POINT('Ctrl Pts',(0.98190479098271,18.5525861478081,0.99));
#5082=CARTESIAN_POINT('Ctrl Pts',(0.97940029066199,18.5865730099857,0.99));
#5083=CARTESIAN_POINT('Ctrl Pts',(0.97813730435812,18.6037121339406,0.99));
#5084=CARTESIAN_POINT('Ctrl Pts',(1.07661840788989,18.4381923327726,1.));
#5085=CARTESIAN_POINT('Ctrl Pts',(1.07661840788989,18.4381923327726,0.99));
#5086=CARTESIAN_POINT('Ctrl Pts',(1.06264746482969,18.4475482292515,1.));
#5087=CARTESIAN_POINT('Ctrl Pts',(1.06264746482969,18.4475482292515,0.99));
#5088=CARTESIAN_POINT('Ctrl Pts',(1.03470553037217,18.4662600545792,1.));
#5089=CARTESIAN_POINT('Ctrl Pts',(1.03470553037217,18.4662600545792,0.99));
#5090=CARTESIAN_POINT('Ctrl Pts',(1.01534155305765,18.493754064432,1.));
#5091=CARTESIAN_POINT('Ctrl Pts',(1.01534155305765,18.493754064432,0.99));
#5092=CARTESIAN_POINT('Ctrl Pts',(1.00565954765139,18.5075010931396,1.));
#5093=CARTESIAN_POINT('Ctrl Pts',(1.00565954765139,18.5075010931396,0.99));
#5094=CARTESIAN_POINT('',(1.07661840788989,18.4381923327726,1.));
#5095=CARTESIAN_POINT('Ctrl Pts',(1.07661840788989,18.4381923327726,1.));
#5096=CARTESIAN_POINT('Ctrl Pts',(1.06264746482969,18.4475482292515,1.));
#5097=CARTESIAN_POINT('Ctrl Pts',(1.03470553037217,18.4662600545792,1.));
#5098=CARTESIAN_POINT('Ctrl Pts',(1.01534155305765,18.493754064432,1.));
#5099=CARTESIAN_POINT('Ctrl Pts',(1.00565954765139,18.5075010931396,1.));
#5100=CARTESIAN_POINT('',(1.07661840788989,18.4381923327726,0.99));
#5101=CARTESIAN_POINT('',(1.07661840788989,18.4381923327726,1.));
#5102=CARTESIAN_POINT('Ctrl Pts',(1.07661840788989,18.4381923327726,0.99));
#5103=CARTESIAN_POINT('Ctrl Pts',(1.06264746482969,18.4475482292515,0.99));
#5104=CARTESIAN_POINT('Ctrl Pts',(1.03470553037217,18.4662600545792,0.99));
#5105=CARTESIAN_POINT('Ctrl Pts',(1.01534155305765,18.493754064432,0.99));
#5106=CARTESIAN_POINT('Ctrl Pts',(1.00565954765139,18.5075010931396,0.99));
#5107=CARTESIAN_POINT('Ctrl Pts',(1.17344988765338,18.4129402174183,1.));
#5108=CARTESIAN_POINT('Ctrl Pts',(1.17344988765338,18.4129402174183,0.99));
#5109=CARTESIAN_POINT('Ctrl Pts',(1.15628578395,18.4137996529255,1.));
#5110=CARTESIAN_POINT('Ctrl Pts',(1.15628578395,18.4137996529255,0.99));
#5111=CARTESIAN_POINT('Ctrl Pts',(1.12224939752991,18.4155039119729,1.));
#5112=CARTESIAN_POINT('Ctrl Pts',(1.12224939752991,18.4155039119729,0.99));
#5113=CARTESIAN_POINT('Ctrl Pts',(1.09174154842575,18.4306728777049,1.));
#5114=CARTESIAN_POINT('Ctrl Pts',(1.09174154842575,18.4306728777049,0.99));
#5115=CARTESIAN_POINT('Ctrl Pts',(1.07661840788989,18.4381923327726,1.));
#5116=CARTESIAN_POINT('Ctrl Pts',(1.07661840788989,18.4381923327726,0.99));
#5117=CARTESIAN_POINT('',(1.17344988765338,18.4129402174183,1.));
#5118=CARTESIAN_POINT('Ctrl Pts',(1.17344988765338,18.4129402174183,1.));
#5119=CARTESIAN_POINT('Ctrl Pts',(1.15628578395,18.4137996529255,1.));
#5120=CARTESIAN_POINT('Ctrl Pts',(1.12224939752991,18.4155039119729,1.));
#5121=CARTESIAN_POINT('Ctrl Pts',(1.09174154842575,18.4306728777049,1.));
#5122=CARTESIAN_POINT('Ctrl Pts',(1.07661840788989,18.4381923327726,1.));
#5123=CARTESIAN_POINT('',(1.17344988765338,18.4129402174183,0.99));
#5124=CARTESIAN_POINT('',(1.17344988765338,18.4129402174183,1.));
#5125=CARTESIAN_POINT('Ctrl Pts',(1.17344988765338,18.4129402174183,0.99));
#5126=CARTESIAN_POINT('Ctrl Pts',(1.15628578395,18.4137996529255,0.99));
#5127=CARTESIAN_POINT('Ctrl Pts',(1.12224939752991,18.4155039119729,0.99));
#5128=CARTESIAN_POINT('Ctrl Pts',(1.09174154842575,18.4306728777049,0.99));
#5129=CARTESIAN_POINT('Ctrl Pts',(1.07661840788989,18.4381923327726,0.99));
#5130=CARTESIAN_POINT('Origin',(1.78729629515952,18.4201596436792,1.));
#5131=CARTESIAN_POINT('',(1.78729629515952,18.4201596436792,1.));
#5132=CARTESIAN_POINT('',(6.1016224498402,18.4709002836151,1.));
#5133=CARTESIAN_POINT('',(1.78729629515952,18.4201596436792,0.99));
#5134=CARTESIAN_POINT('',(1.78729629515952,18.4201596436792,1.));
#5135=CARTESIAN_POINT('',(1.78729629515952,18.4201596436792,0.99));
#5136=CARTESIAN_POINT('Ctrl Pts',(1.88350697555352,18.4476821211688,1.));
#5137=CARTESIAN_POINT('Ctrl Pts',(1.88350697555352,18.4476821211688,0.99));
#5138=CARTESIAN_POINT('Ctrl Pts',(1.8685648419885,18.4398093065907,1.));
#5139=CARTESIAN_POINT('Ctrl Pts',(1.8685648419885,18.4398093065907,0.99));
#5140=CARTESIAN_POINT('Ctrl Pts',(1.83842209715507,18.423927488916,1.));
#5141=CARTESIAN_POINT('Ctrl Pts',(1.83842209715507,18.423927488916,0.99));
#5142=CARTESIAN_POINT('Ctrl Pts',(1.80443537591425,18.4214227515673,1.));
#5143=CARTESIAN_POINT('Ctrl Pts',(1.80443537591425,18.4214227515673,0.99));
#5144=CARTESIAN_POINT('Ctrl Pts',(1.78729629515952,18.4201596436792,1.));
#5145=CARTESIAN_POINT('Ctrl Pts',(1.78729629515952,18.4201596436792,0.99));
#5146=CARTESIAN_POINT('',(1.88350697555352,18.4476821211688,1.));
#5147=CARTESIAN_POINT('Ctrl Pts',(1.88350697555352,18.4476821211688,1.));
#5148=CARTESIAN_POINT('Ctrl Pts',(1.8685648419885,18.4398093065907,1.));
#5149=CARTESIAN_POINT('Ctrl Pts',(1.83842209715507,18.423927488916,1.));
#5150=CARTESIAN_POINT('Ctrl Pts',(1.80443537591425,18.4214227515673,1.));
#5151=CARTESIAN_POINT('Ctrl Pts',(1.78729629515952,18.4201596436792,1.));
#5152=CARTESIAN_POINT('',(1.88350697555352,18.4476821211688,0.99));
#5153=CARTESIAN_POINT('',(1.88350697555352,18.4476821211688,1.));
#5154=CARTESIAN_POINT('Ctrl Pts',(1.88350697555352,18.4476821211688,0.99));
#5155=CARTESIAN_POINT('Ctrl Pts',(1.8685648419885,18.4398093065907,0.99));
#5156=CARTESIAN_POINT('Ctrl Pts',(1.83842209715507,18.423927488916,0.99));
#5157=CARTESIAN_POINT('Ctrl Pts',(1.80443537591425,18.4214227515673,0.99));
#5158=CARTESIAN_POINT('Ctrl Pts',(1.78729629515952,18.4201596436792,0.99));
#5159=CARTESIAN_POINT('Ctrl Pts',(1.95281621763142,18.5186405698113,1.));
#5160=CARTESIAN_POINT('Ctrl Pts',(1.95281621763142,18.5186405698113,0.99));
#5161=CARTESIAN_POINT('Ctrl Pts',(1.94346020378558,18.5046696335526,1.));
#5162=CARTESIAN_POINT('Ctrl Pts',(1.94346020378558,18.5046696335526,0.99));
#5163=CARTESIAN_POINT('Ctrl Pts',(1.92474819966394,18.4767277962313,1.));
#5164=CARTESIAN_POINT('Ctrl Pts',(1.92474819966394,18.4767277962313,0.99));
#5165=CARTESIAN_POINT('Ctrl Pts',(1.89725403871292,18.457364004726,1.));
#5166=CARTESIAN_POINT('Ctrl Pts',(1.89725403871292,18.457364004726,0.99));
#5167=CARTESIAN_POINT('Ctrl Pts',(1.88350697555352,18.4476821211688,1.));
#5168=CARTESIAN_POINT('Ctrl Pts',(1.88350697555352,18.4476821211688,0.99));
#5169=CARTESIAN_POINT('',(1.95281621763142,18.5186405698113,1.));
#5170=CARTESIAN_POINT('Ctrl Pts',(1.95281621763142,18.5186405698113,1.));
#5171=CARTESIAN_POINT('Ctrl Pts',(1.94346020378558,18.5046696335526,1.));
#5172=CARTESIAN_POINT('Ctrl Pts',(1.92474819966394,18.4767277962313,1.));
#5173=CARTESIAN_POINT('Ctrl Pts',(1.89725403871292,18.457364004726,1.));
#5174=CARTESIAN_POINT('Ctrl Pts',(1.88350697555352,18.4476821211688,1.));
#5175=CARTESIAN_POINT('',(1.95281621763142,18.5186405698113,0.99));
#5176=CARTESIAN_POINT('',(1.95281621763142,18.5186405698113,1.));
#5177=CARTESIAN_POINT('Ctrl Pts',(1.95281621763142,18.5186405698113,0.99));
#5178=CARTESIAN_POINT('Ctrl Pts',(1.94346020378558,18.5046696335526,0.99));
#5179=CARTESIAN_POINT('Ctrl Pts',(1.92474819966394,18.4767277962313,0.99));
#5180=CARTESIAN_POINT('Ctrl Pts',(1.89725403871292,18.457364004726,0.99));
#5181=CARTESIAN_POINT('Ctrl Pts',(1.88350697555352,18.4476821211688,0.99));
#5182=CARTESIAN_POINT('Ctrl Pts',(1.97806809177978,18.6154722851731,1.));
#5183=CARTESIAN_POINT('Ctrl Pts',(1.97806809177978,18.6154722851731,0.99));
#5184=CARTESIAN_POINT('Ctrl Pts',(1.97720851575061,18.5983082001861,1.));
#5185=CARTESIAN_POINT('Ctrl Pts',(1.97720851575061,18.5983082001861,0.99));
#5186=CARTESIAN_POINT('Ctrl Pts',(1.97550397804453,18.5642718508027,1.));
#5187=CARTESIAN_POINT('Ctrl Pts',(1.97550397804453,18.5642718508027,0.99));
#5188=CARTESIAN_POINT('Ctrl Pts',(1.96033545384376,18.5337638069312,1.));
#5189=CARTESIAN_POINT('Ctrl Pts',(1.96033545384376,18.5337638069312,0.99));
#5190=CARTESIAN_POINT('Ctrl Pts',(1.95281621763142,18.5186405698113,1.));
#5191=CARTESIAN_POINT('Ctrl Pts',(1.95281621763142,18.5186405698113,0.99));
#5192=CARTESIAN_POINT('',(1.97806809177978,18.6154722851731,1.));
#5193=CARTESIAN_POINT('Ctrl Pts',(1.97806809177978,18.6154722851731,1.));
#5194=CARTESIAN_POINT('Ctrl Pts',(1.97720851575061,18.5983082001861,1.));
#5195=CARTESIAN_POINT('Ctrl Pts',(1.97550397804453,18.5642718508027,1.));
#5196=CARTESIAN_POINT('Ctrl Pts',(1.96033545384376,18.5337638069312,1.));
#5197=CARTESIAN_POINT('Ctrl Pts',(1.95281621763142,18.5186405698113,1.));
#5198=CARTESIAN_POINT('',(1.97806809177978,18.6154722851731,0.99));
#5199=CARTESIAN_POINT('',(1.97806809177978,18.6154722851731,1.));
#5200=CARTESIAN_POINT('Ctrl Pts',(1.97806809177978,18.6154722851731,0.99));
#5201=CARTESIAN_POINT('Ctrl Pts',(1.97720851575061,18.5983082001861,0.99));
#5202=CARTESIAN_POINT('Ctrl Pts',(1.97550397804453,18.5642718508027,0.99));
#5203=CARTESIAN_POINT('Ctrl Pts',(1.96033545384376,18.5337638069312,0.99));
#5204=CARTESIAN_POINT('Ctrl Pts',(1.95281621763142,18.5186405698113,0.99));
#5205=CARTESIAN_POINT('Origin',(1.96861096810458,19.4195834684679,1.));
#5206=CARTESIAN_POINT('',(2.01650040945034,15.3476862753657,1.));
#5207=CARTESIAN_POINT('',(1.96861096810458,19.4195834684679,0.99));
#5208=CARTESIAN_POINT('Origin',(1.50124733346104,16.5462865784115,0.99));
#5209=CARTESIAN_POINT('Origin',(1.00041626190734,16.7093984363774,1.));
#5210=CARTESIAN_POINT('',(1.00041626190734,16.7093984363774,1.));
#5211=CARTESIAN_POINT('',(2.000347049329,16.7211585876099,1.));
#5212=CARTESIAN_POINT('',(5.71818673022011,16.7648839708619,1.));
#5213=CARTESIAN_POINT('',(1.00041626190734,16.7093984363774,0.99));
#5214=CARTESIAN_POINT('',(1.00041626190734,16.7093984363774,1.));
#5215=CARTESIAN_POINT('',(2.000347049329,16.7211585876099,0.99));
#5216=CARTESIAN_POINT('',(1.00041626190734,16.7093984363774,0.99));
#5217=CARTESIAN_POINT('',(2.000347049329,16.7211585876099,1.));
#5218=CARTESIAN_POINT('Origin',(1.00255595534515,16.5274666481026,1.));
#5219=CARTESIAN_POINT('',(1.00255595534515,16.5274666481026,1.));
#5220=CARTESIAN_POINT('',(1.03350750935979,13.8957477895669,1.));
#5221=CARTESIAN_POINT('',(1.00255595534515,16.5274666481026,0.99));
#5222=CARTESIAN_POINT('',(1.00255595534515,16.5274666481026,1.));
#5223=CARTESIAN_POINT('',(1.00255595534515,16.5274666481026,0.99));
#5224=CARTESIAN_POINT('Origin',(2.00248674276681,16.5392267993351,1.));
#5225=CARTESIAN_POINT('',(2.00248674276681,16.5392267993351,1.));
#5226=CARTESIAN_POINT('',(6.22029181736875,16.5888322582033,1.));
#5227=CARTESIAN_POINT('',(2.00248674276681,16.5392267993351,0.99));
#5228=CARTESIAN_POINT('',(2.00248674276681,16.5392267993351,1.));
#5229=CARTESIAN_POINT('',(2.00248674276681,16.5392267993351,0.99));
#5230=CARTESIAN_POINT('Origin',(2.000347049329,16.7211585876099,1.));
#5231=CARTESIAN_POINT('',(2.03236845006255,13.9984738349367,1.));
#5232=CARTESIAN_POINT('',(2.000347049329,16.7211585876099,0.99));
#5233=CARTESIAN_POINT('Origin',(1.50124733346104,16.5462865784115,0.99));
#5234=CARTESIAN_POINT('Ctrl Pts',(1.81226764323073,15.5883130142622,1.));
#5235=CARTESIAN_POINT('Ctrl Pts',(1.81226764323073,15.5883130142622,0.99));
#5236=CARTESIAN_POINT('Ctrl Pts',(1.81484926932458,15.5884985747406,1.));
#5237=CARTESIAN_POINT('Ctrl Pts',(1.81484926932458,15.5884985747406,0.99));
#5238=CARTESIAN_POINT('Ctrl Pts',(1.81974880953776,15.588850740776,1.));
#5239=CARTESIAN_POINT('Ctrl Pts',(1.81974880953776,15.588850740776,0.99));
#5240=CARTESIAN_POINT('Ctrl Pts',(1.82358781660448,15.5918907642523,1.));
#5241=CARTESIAN_POINT('Ctrl Pts',(1.82358781660448,15.5918907642523,0.99));
#5242=CARTESIAN_POINT('Ctrl Pts',(1.8254040051236,15.593328963151,1.));
#5243=CARTESIAN_POINT('Ctrl Pts',(1.8254040051236,15.593328963151,0.99));
#5244=CARTESIAN_POINT('',(1.81226764323073,15.5883130142622,1.));
#5245=CARTESIAN_POINT('',(1.8254040051236,15.593328963151,1.));
#5246=CARTESIAN_POINT('Ctrl Pts',(1.81226764323073,15.5883130142622,1.));
#5247=CARTESIAN_POINT('Ctrl Pts',(1.81484926932458,15.5884985747406,1.));
#5248=CARTESIAN_POINT('Ctrl Pts',(1.81974880953776,15.588850740776,1.));
#5249=CARTESIAN_POINT('Ctrl Pts',(1.82358781660448,15.5918907642523,1.));
#5250=CARTESIAN_POINT('Ctrl Pts',(1.8254040051236,15.593328963151,1.));
#5251=CARTESIAN_POINT('',(1.81226764323073,15.5883130142622,0.99));
#5252=CARTESIAN_POINT('',(1.81226764323073,15.5883130142622,1.));
#5253=CARTESIAN_POINT('',(1.8254040051236,15.593328963151,0.99));
#5254=CARTESIAN_POINT('Ctrl Pts',(1.81226764323073,15.5883130142622,0.99));
#5255=CARTESIAN_POINT('Ctrl Pts',(1.81484926932458,15.5884985747406,0.99));
#5256=CARTESIAN_POINT('Ctrl Pts',(1.81974880953776,15.588850740776,0.99));
#5257=CARTESIAN_POINT('Ctrl Pts',(1.82358781660448,15.5918907642523,0.99));
#5258=CARTESIAN_POINT('Ctrl Pts',(1.8254040051236,15.593328963151,0.99));
#5259=CARTESIAN_POINT('',(1.8254040051236,15.593328963151,1.));
#5260=CARTESIAN_POINT('Origin',(1.61367023753135,15.5859773170771,1.));
#5261=CARTESIAN_POINT('',(1.61367023753135,15.5859773170771,1.));
#5262=CARTESIAN_POINT('',(6.03146146961761,15.6379348061919,1.));
#5263=CARTESIAN_POINT('',(1.61367023753135,15.5859773170771,0.99));
#5264=CARTESIAN_POINT('',(1.61367023753135,15.5859773170771,1.));
#5265=CARTESIAN_POINT('',(1.61367023753135,15.5859773170771,0.99));
#5266=CARTESIAN_POINT('Ctrl Pts',(1.60111394639613,15.5906910955668,1.));
#5267=CARTESIAN_POINT('Ctrl Pts',(1.60111394639613,15.5906910955668,0.99));
#5268=CARTESIAN_POINT('Ctrl Pts',(1.60302010016674,15.5892957971606,1.));
#5269=CARTESIAN_POINT('Ctrl Pts',(1.60302010016674,15.5892957971606,0.99));
#5270=CARTESIAN_POINT('Ctrl Pts',(1.6067693319682,15.5865513715862,1.));
#5271=CARTESIAN_POINT('Ctrl Pts',(1.6067693319682,15.5865513715862,0.99));
#5272=CARTESIAN_POINT('Ctrl Pts',(1.61139588081332,15.5861665103239,1.));
#5273=CARTESIAN_POINT('Ctrl Pts',(1.61139588081332,15.5861665103239,0.99));
#5274=CARTESIAN_POINT('Ctrl Pts',(1.61367023753135,15.5859773170771,1.));
#5275=CARTESIAN_POINT('Ctrl Pts',(1.61367023753135,15.5859773170771,0.99));
#5276=CARTESIAN_POINT('',(1.60111394639613,15.5906910955668,1.));
#5277=CARTESIAN_POINT('Ctrl Pts',(1.60111394639613,15.5906910955668,1.));
#5278=CARTESIAN_POINT('Ctrl Pts',(1.60302010016674,15.5892957971606,1.));
#5279=CARTESIAN_POINT('Ctrl Pts',(1.6067693319682,15.5865513715862,1.));
#5280=CARTESIAN_POINT('Ctrl Pts',(1.61139588081332,15.5861665103239,1.));
#5281=CARTESIAN_POINT('Ctrl Pts',(1.61367023753135,15.5859773170771,1.));
#5282=CARTESIAN_POINT('',(1.60111394639613,15.5906910955668,0.99));
#5283=CARTESIAN_POINT('',(1.60111394639613,15.5906910955668,1.));
#5284=CARTESIAN_POINT('Ctrl Pts',(1.60111394639613,15.5906910955668,0.99));
#5285=CARTESIAN_POINT('Ctrl Pts',(1.60302010016674,15.5892957971606,0.99));
#5286=CARTESIAN_POINT('Ctrl Pts',(1.6067693319682,15.5865513715862,0.99));
#5287=CARTESIAN_POINT('Ctrl Pts',(1.61139588081332,15.5861665103239,0.99));
#5288=CARTESIAN_POINT('Ctrl Pts',(1.61367023753135,15.5859773170771,0.99));
#5289=CARTESIAN_POINT('Ctrl Pts',(1.59680873696248,15.6024468129554,1.));
#5290=CARTESIAN_POINT('Ctrl Pts',(1.59680873696248,15.6024468129554,0.99));
#5291=CARTESIAN_POINT('Ctrl Pts',(1.59667308669165,15.6002070430185,1.));
#5292=CARTESIAN_POINT('Ctrl Pts',(1.59667308669165,15.6002070430185,0.99));
#5293=CARTESIAN_POINT('Ctrl Pts',(1.59639826958256,15.5956694398474,1.));
#5294=CARTESIAN_POINT('Ctrl Pts',(1.59639826958256,15.5956694398474,0.99));
#5295=CARTESIAN_POINT('Ctrl Pts',(1.59952870175901,15.5923646397651,1.));
#5296=CARTESIAN_POINT('Ctrl Pts',(1.59952870175901,15.5923646397651,0.99));
#5297=CARTESIAN_POINT('Ctrl Pts',(1.60111394639613,15.5906910955668,1.));
#5298=CARTESIAN_POINT('Ctrl Pts',(1.60111394639613,15.5906910955668,0.99));
#5299=CARTESIAN_POINT('',(1.59680873696248,15.6024468129554,1.));
#5300=CARTESIAN_POINT('Ctrl Pts',(1.59680873696248,15.6024468129554,1.));
#5301=CARTESIAN_POINT('Ctrl Pts',(1.59667308669165,15.6002070430185,1.));
#5302=CARTESIAN_POINT('Ctrl Pts',(1.59639826958256,15.5956694398474,1.));
#5303=CARTESIAN_POINT('Ctrl Pts',(1.59952870175901,15.5923646397651,1.));
#5304=CARTESIAN_POINT('Ctrl Pts',(1.60111394639613,15.5906910955668,1.));
#5305=CARTESIAN_POINT('',(1.59680873696248,15.6024468129554,0.99));
#5306=CARTESIAN_POINT('',(1.59680873696248,15.6024468129554,1.));
#5307=CARTESIAN_POINT('Ctrl Pts',(1.59680873696248,15.6024468129554,0.99));
#5308=CARTESIAN_POINT('Ctrl Pts',(1.59667308669165,15.6002070430185,0.99));
#5309=CARTESIAN_POINT('Ctrl Pts',(1.59639826958256,15.5956694398474,0.99));
#5310=CARTESIAN_POINT('Ctrl Pts',(1.59952870175901,15.5923646397651,0.99));
#5311=CARTESIAN_POINT('Ctrl Pts',(1.60111394639613,15.5906910955668,0.99));
#5312=CARTESIAN_POINT('Origin',(1.5897853144488,16.1996276030369,1.));
#5313=CARTESIAN_POINT('',(1.5897853144488,16.1996276030369,1.));
#5314=CARTESIAN_POINT('',(1.61876867602633,13.7352583112311,1.));
#5315=CARTESIAN_POINT('',(1.5897853144488,16.1996276030369,0.99));
#5316=CARTESIAN_POINT('',(1.5897853144488,16.1996276030369,1.));
#5317=CARTESIAN_POINT('',(1.5897853144488,16.1996276030369,0.99));
#5318=CARTESIAN_POINT('Ctrl Pts',(1.59379651896258,16.2128702521847,1.));
#5319=CARTESIAN_POINT('Ctrl Pts',(1.59379651896258,16.2128702521847,0.99));
#5320=CARTESIAN_POINT('Ctrl Pts',(1.59226515661026,16.2110342143127,1.));
#5321=CARTESIAN_POINT('Ctrl Pts',(1.59226515661026,16.2110342143127,0.99));
#5322=CARTESIAN_POINT('Ctrl Pts',(1.58907170723923,16.2072054052927,1.));
#5323=CARTESIAN_POINT('Ctrl Pts',(1.58907170723923,16.2072054052927,0.99));
#5324=CARTESIAN_POINT('Ctrl Pts',(1.58954104127602,16.2022215423566,1.));
#5325=CARTESIAN_POINT('Ctrl Pts',(1.58954104127602,16.2022215423566,0.99));
#5326=CARTESIAN_POINT('Ctrl Pts',(1.5897853144488,16.1996276030369,1.));
#5327=CARTESIAN_POINT('Ctrl Pts',(1.5897853144488,16.1996276030369,0.99));
#5328=CARTESIAN_POINT('',(1.59379651896258,16.2128702521847,1.));
#5329=CARTESIAN_POINT('Ctrl Pts',(1.59379651896258,16.2128702521847,1.));
#5330=CARTESIAN_POINT('Ctrl Pts',(1.59226515661026,16.2110342143127,1.));
#5331=CARTESIAN_POINT('Ctrl Pts',(1.58907170723923,16.2072054052927,1.));
#5332=CARTESIAN_POINT('Ctrl Pts',(1.58954104127602,16.2022215423566,1.));
#5333=CARTESIAN_POINT('Ctrl Pts',(1.5897853144488,16.1996276030369,1.));
#5334=CARTESIAN_POINT('',(1.59379651896258,16.2128702521847,0.99));
#5335=CARTESIAN_POINT('',(1.59379651896258,16.2128702521847,1.));
#5336=CARTESIAN_POINT('Ctrl Pts',(1.59379651896258,16.2128702521847,0.99));
#5337=CARTESIAN_POINT('Ctrl Pts',(1.59226515661026,16.2110342143127,0.99));
#5338=CARTESIAN_POINT('Ctrl Pts',(1.58907170723923,16.2072054052927,0.99));
#5339=CARTESIAN_POINT('Ctrl Pts',(1.58954104127602,16.2022215423566,0.99));
#5340=CARTESIAN_POINT('Ctrl Pts',(1.5897853144488,16.1996276030369,0.99));
#5341=CARTESIAN_POINT('Ctrl Pts',(1.60623847516272,16.2178780341923,1.));
#5342=CARTESIAN_POINT('Ctrl Pts',(1.60623847516272,16.2178780341923,0.99));
#5343=CARTESIAN_POINT('Ctrl Pts',(1.60396918529009,16.2176355117452,1.));
#5344=CARTESIAN_POINT('Ctrl Pts',(1.60396918529009,16.2176355117452,0.99));
#5345=CARTESIAN_POINT('Ctrl Pts',(1.59935288604404,16.2171421608503,1.));
#5346=CARTESIAN_POINT('Ctrl Pts',(1.59935288604404,16.2171421608503,0.99));
#5347=CARTESIAN_POINT('Ctrl Pts',(1.59566931339624,16.2143101150758,1.));
#5348=CARTESIAN_POINT('Ctrl Pts',(1.59566931339624,16.2143101150758,0.99));
#5349=CARTESIAN_POINT('Ctrl Pts',(1.59379651896258,16.2128702521847,1.));
#5350=CARTESIAN_POINT('Ctrl Pts',(1.59379651896258,16.2128702521847,0.99));
#5351=CARTESIAN_POINT('',(1.60623847516272,16.2178780341923,1.));
#5352=CARTESIAN_POINT('Ctrl Pts',(1.60623847516272,16.2178780341923,1.));
#5353=CARTESIAN_POINT('Ctrl Pts',(1.60396918529009,16.2176355117452,1.));
#5354=CARTESIAN_POINT('Ctrl Pts',(1.59935288604404,16.2171421608503,1.));
#5355=CARTESIAN_POINT('Ctrl Pts',(1.59566931339624,16.2143101150758,1.));
#5356=CARTESIAN_POINT('Ctrl Pts',(1.59379651896258,16.2128702521847,1.));
#5357=CARTESIAN_POINT('',(1.60623847516272,16.2178780341923,0.99));
#5358=CARTESIAN_POINT('',(1.60623847516272,16.2178780341923,1.));
#5359=CARTESIAN_POINT('Ctrl Pts',(1.60623847516272,16.2178780341923,0.99));
#5360=CARTESIAN_POINT('Ctrl Pts',(1.60396918529009,16.2176355117452,0.99));
#5361=CARTESIAN_POINT('Ctrl Pts',(1.59935288604404,16.2171421608503,0.99));
#5362=CARTESIAN_POINT('Ctrl Pts',(1.59566931339624,16.2143101150758,0.99));
#5363=CARTESIAN_POINT('Ctrl Pts',(1.59379651896258,16.2128702521847,0.99));
#5364=CARTESIAN_POINT('Origin',(1.8048358808621,16.2202137313773,1.));
#5365=CARTESIAN_POINT('',(1.8048358808621,16.2202137313773,1.));
#5366=CARTESIAN_POINT('',(6.12332841009867,16.2710033718996,1.));
#5367=CARTESIAN_POINT('',(1.8048358808621,16.2202137313773,0.99));
#5368=CARTESIAN_POINT('',(1.8048358808621,16.2202137313773,1.));
#5369=CARTESIAN_POINT('',(1.8048358808621,16.2202137313773,0.99));
#5370=CARTESIAN_POINT('Ctrl Pts',(1.81808657769005,16.2155081197689,1.));
#5371=CARTESIAN_POINT('Ctrl Pts',(1.81808657769005,16.2155081197689,0.99));
#5372=CARTESIAN_POINT('Ctrl Pts',(1.81623706699705,16.2169032065066,1.));
#5373=CARTESIAN_POINT('Ctrl Pts',(1.81623706699705,16.2169032065066,0.99));
#5374=CARTESIAN_POINT('Ctrl Pts',(1.81232762447736,16.2198521007366,1.));
#5375=CARTESIAN_POINT('Ctrl Pts',(1.81232762447736,16.2198521007366,0.99));
#5376=CARTESIAN_POINT('Ctrl Pts',(1.80742115700914,16.2200889386565,1.));
#5377=CARTESIAN_POINT('Ctrl Pts',(1.80742115700914,16.2200889386565,0.99));
#5378=CARTESIAN_POINT('Ctrl Pts',(1.8048358808621,16.2202137313773,1.));
#5379=CARTESIAN_POINT('Ctrl Pts',(1.8048358808621,16.2202137313773,0.99));
#5380=CARTESIAN_POINT('',(1.81808657769005,16.2155081197689,1.));
#5381=CARTESIAN_POINT('Ctrl Pts',(1.81808657769005,16.2155081197689,1.));
#5382=CARTESIAN_POINT('Ctrl Pts',(1.81623706699705,16.2169032065066,1.));
#5383=CARTESIAN_POINT('Ctrl Pts',(1.81232762447736,16.2198521007366,1.));
#5384=CARTESIAN_POINT('Ctrl Pts',(1.80742115700914,16.2200889386565,1.));
#5385=CARTESIAN_POINT('Ctrl Pts',(1.8048358808621,16.2202137313773,1.));
#5386=CARTESIAN_POINT('',(1.81808657769005,16.2155081197689,0.99));
#5387=CARTESIAN_POINT('',(1.81808657769005,16.2155081197689,1.));
#5388=CARTESIAN_POINT('Ctrl Pts',(1.81808657769005,16.2155081197689,0.99));
#5389=CARTESIAN_POINT('Ctrl Pts',(1.81623706699705,16.2169032065066,0.99));
#5390=CARTESIAN_POINT('Ctrl Pts',(1.81232762447736,16.2198521007366,0.99));
#5391=CARTESIAN_POINT('Ctrl Pts',(1.80742115700914,16.2200889386565,0.99));
#5392=CARTESIAN_POINT('Ctrl Pts',(1.8048358808621,16.2202137313773,0.99));
#5393=CARTESIAN_POINT('Ctrl Pts',(1.82171371659531,16.2023553049126,1.));
#5394=CARTESIAN_POINT('Ctrl Pts',(1.82171371659531,16.2023553049126,0.99));
#5395=CARTESIAN_POINT('Ctrl Pts',(1.82193952866869,16.2049344576023,1.));
#5396=CARTESIAN_POINT('Ctrl Pts',(1.82193952866869,16.2049344576023,0.99));
#5397=CARTESIAN_POINT('Ctrl Pts',(1.82236525285991,16.2097969420408,1.));
#5398=CARTESIAN_POINT('Ctrl Pts',(1.82236525285991,16.2097969420408,0.99));
#5399=CARTESIAN_POINT('Ctrl Pts',(1.81945376019267,16.2136832038898,1.));
#5400=CARTESIAN_POINT('Ctrl Pts',(1.81945376019267,16.2136832038898,0.99));
#5401=CARTESIAN_POINT('Ctrl Pts',(1.81808657769005,16.2155081197689,1.));
#5402=CARTESIAN_POINT('Ctrl Pts',(1.81808657769005,16.2155081197689,0.99));
#5403=CARTESIAN_POINT('',(1.82171371659531,16.2023553049126,1.));
#5404=CARTESIAN_POINT('Ctrl Pts',(1.82171371659531,16.2023553049126,1.));
#5405=CARTESIAN_POINT('Ctrl Pts',(1.82193952866869,16.2049344576023,1.));
#5406=CARTESIAN_POINT('Ctrl Pts',(1.82236525285991,16.2097969420408,1.));
#5407=CARTESIAN_POINT('Ctrl Pts',(1.81945376019267,16.2136832038898,1.));
#5408=CARTESIAN_POINT('Ctrl Pts',(1.81808657769005,16.2155081197689,1.));
#5409=CARTESIAN_POINT('',(1.82171371659531,16.2023553049126,0.99));
#5410=CARTESIAN_POINT('',(1.82171371659531,16.2023553049126,1.));
#5411=CARTESIAN_POINT('Ctrl Pts',(1.82171371659531,16.2023553049126,0.99));
#5412=CARTESIAN_POINT('Ctrl Pts',(1.82193952866869,16.2049344576023,0.99));
#5413=CARTESIAN_POINT('Ctrl Pts',(1.82236525285991,16.2097969420408,0.99));
#5414=CARTESIAN_POINT('Ctrl Pts',(1.81945376019267,16.2136832038898,0.99));
#5415=CARTESIAN_POINT('Ctrl Pts',(1.81808657769005,16.2155081197689,0.99));
#5416=CARTESIAN_POINT('Origin',(1.82873713910899,15.605174514831,1.));
#5417=CARTESIAN_POINT('',(1.82873713910899,15.605174514831,1.));
#5418=CARTESIAN_POINT('',(1.85420878942969,13.439395618066,1.));
#5419=CARTESIAN_POINT('',(1.82873713910899,15.605174514831,0.99));
#5420=CARTESIAN_POINT('',(1.82873713910899,15.605174514831,1.));
#5421=CARTESIAN_POINT('',(1.82873713910899,15.605174514831,0.99));
#5422=CARTESIAN_POINT('Ctrl Pts',(1.8254040051236,15.593328963151,1.));
#5423=CARTESIAN_POINT('Ctrl Pts',(1.8254040051236,15.593328963151,0.99));
#5424=CARTESIAN_POINT('Ctrl Pts',(1.82674162019111,15.5950621776346,1.));
#5425=CARTESIAN_POINT('Ctrl Pts',(1.82674162019111,15.5950621776346,0.99));
#5426=CARTESIAN_POINT('Ctrl Pts',(1.82944086315121,15.5985597212157,1.));
#5427=CARTESIAN_POINT('Ctrl Pts',(1.82944086315121,15.5985597212157,0.99));
#5428=CARTESIAN_POINT('Ctrl Pts',(1.82897310088156,15.6029565453813,1.));
#5429=CARTESIAN_POINT('Ctrl Pts',(1.82897310088156,15.6029565453813,0.99));
#5430=CARTESIAN_POINT('Ctrl Pts',(1.82873713910899,15.605174514831,1.));
#5431=CARTESIAN_POINT('Ctrl Pts',(1.82873713910899,15.605174514831,0.99));
#5432=CARTESIAN_POINT('Ctrl Pts',(1.8254040051236,15.593328963151,1.));
#5433=CARTESIAN_POINT('Ctrl Pts',(1.82674162019111,15.5950621776346,1.));
#5434=CARTESIAN_POINT('Ctrl Pts',(1.82944086315121,15.5985597212157,1.));
#5435=CARTESIAN_POINT('Ctrl Pts',(1.82897310088156,15.6029565453813,1.));
#5436=CARTESIAN_POINT('Ctrl Pts',(1.82873713910899,15.605174514831,1.));
#5437=CARTESIAN_POINT('Ctrl Pts',(1.8254040051236,15.593328963151,0.99));
#5438=CARTESIAN_POINT('Ctrl Pts',(1.82674162019111,15.5950621776346,0.99));
#5439=CARTESIAN_POINT('Ctrl Pts',(1.82944086315121,15.5985597212157,0.99));
#5440=CARTESIAN_POINT('Ctrl Pts',(1.82897310088156,15.6029565453813,0.99));
#5441=CARTESIAN_POINT('Ctrl Pts',(1.82873713910899,15.605174514831,0.99));
#5442=CARTESIAN_POINT('Ctrl Pts',(1.39562977043798,15.5834129507229,1.));
#5443=CARTESIAN_POINT('Ctrl Pts',(1.39562977043798,15.5834129507229,0.99));
#5444=CARTESIAN_POINT('Ctrl Pts',(1.39821139653183,15.5835985112014,1.));
#5445=CARTESIAN_POINT('Ctrl Pts',(1.39821139653183,15.5835985112014,0.99));
#5446=CARTESIAN_POINT('Ctrl Pts',(1.40311093674501,15.5839506772367,1.));
#5447=CARTESIAN_POINT('Ctrl Pts',(1.40311093674501,15.5839506772367,0.99));
#5448=CARTESIAN_POINT('Ctrl Pts',(1.40694994381173,15.586990700713,1.));
#5449=CARTESIAN_POINT('Ctrl Pts',(1.40694994381173,15.586990700713,0.99));
#5450=CARTESIAN_POINT('Ctrl Pts',(1.40876613233085,15.5884288996117,1.));
#5451=CARTESIAN_POINT('Ctrl Pts',(1.40876613233085,15.5884288996117,0.99));
#5452=CARTESIAN_POINT('',(1.39562977043798,15.5834129507229,1.));
#5453=CARTESIAN_POINT('',(1.40876613233085,15.5884288996117,1.));
#5454=CARTESIAN_POINT('Ctrl Pts',(1.39562977043798,15.5834129507229,1.));
#5455=CARTESIAN_POINT('Ctrl Pts',(1.39821139653183,15.5835985112014,1.));
#5456=CARTESIAN_POINT('Ctrl Pts',(1.40311093674501,15.5839506772367,1.));
#5457=CARTESIAN_POINT('Ctrl Pts',(1.40694994381173,15.586990700713,1.));
#5458=CARTESIAN_POINT('Ctrl Pts',(1.40876613233085,15.5884288996117,1.));
#5459=CARTESIAN_POINT('',(1.39562977043798,15.5834129507229,0.99));
#5460=CARTESIAN_POINT('',(1.39562977043798,15.5834129507229,1.));
#5461=CARTESIAN_POINT('',(1.40876613233085,15.5884288996117,0.99));
#5462=CARTESIAN_POINT('Ctrl Pts',(1.39562977043798,15.5834129507229,0.99));
#5463=CARTESIAN_POINT('Ctrl Pts',(1.39821139653183,15.5835985112014,0.99));
#5464=CARTESIAN_POINT('Ctrl Pts',(1.40311093674501,15.5839506772367,0.99));
#5465=CARTESIAN_POINT('Ctrl Pts',(1.40694994381173,15.586990700713,0.99));
#5466=CARTESIAN_POINT('Ctrl Pts',(1.40876613233085,15.5884288996117,0.99));
#5467=CARTESIAN_POINT('',(1.40876613233085,15.5884288996117,1.));
#5468=CARTESIAN_POINT('Origin',(1.21508673394815,15.5812895903466,1.));
#5469=CARTESIAN_POINT('',(1.21508673394815,15.5812895903466,1.));
#5470=CARTESIAN_POINT('',(5.83216971782602,15.6355909428266,1.));
#5471=CARTESIAN_POINT('',(1.21508673394815,15.5812895903466,0.99));
#5472=CARTESIAN_POINT('',(1.21508673394815,15.5812895903466,1.));
#5473=CARTESIAN_POINT('',(1.21508673394815,15.5812895903466,0.99));
#5474=CARTESIAN_POINT('Ctrl Pts',(1.20183603712021,15.585995201955,1.));
#5475=CARTESIAN_POINT('Ctrl Pts',(1.20183603712021,15.585995201955,0.99));
#5476=CARTESIAN_POINT('Ctrl Pts',(1.20368556005763,15.5846002309997,1.));
#5477=CARTESIAN_POINT('Ctrl Pts',(1.20368556005763,15.5846002309997,0.99));
#5478=CARTESIAN_POINT('Ctrl Pts',(1.2075950777212,15.5816515443522,1.));
#5479=CARTESIAN_POINT('Ctrl Pts',(1.2075950777212,15.5816515443522,0.99));
#5480=CARTESIAN_POINT('Ctrl Pts',(1.21250146880251,15.5814144955807,1.));
#5481=CARTESIAN_POINT('Ctrl Pts',(1.21250146880251,15.5814144955807,0.99));
#5482=CARTESIAN_POINT('Ctrl Pts',(1.21508673394815,15.5812895903466,1.));
#5483=CARTESIAN_POINT('Ctrl Pts',(1.21508673394815,15.5812895903466,0.99));
#5484=CARTESIAN_POINT('',(1.20183603712021,15.585995201955,1.));
#5485=CARTESIAN_POINT('Ctrl Pts',(1.20183603712021,15.585995201955,1.));
#5486=CARTESIAN_POINT('Ctrl Pts',(1.20368556005763,15.5846002309997,1.));
#5487=CARTESIAN_POINT('Ctrl Pts',(1.2075950777212,15.5816515443522,1.));
#5488=CARTESIAN_POINT('Ctrl Pts',(1.21250146880251,15.5814144955807,1.));
#5489=CARTESIAN_POINT('Ctrl Pts',(1.21508673394815,15.5812895903466,1.));
#5490=CARTESIAN_POINT('',(1.20183603712021,15.585995201955,0.99));
#5491=CARTESIAN_POINT('',(1.20183603712021,15.585995201955,1.));
#5492=CARTESIAN_POINT('Ctrl Pts',(1.20183603712021,15.585995201955,0.99));
#5493=CARTESIAN_POINT('Ctrl Pts',(1.20368556005763,15.5846002309997,0.99));
#5494=CARTESIAN_POINT('Ctrl Pts',(1.2075950777212,15.5816515443522,0.99));
#5495=CARTESIAN_POINT('Ctrl Pts',(1.21250146880251,15.5814144955807,0.99));
#5496=CARTESIAN_POINT('Ctrl Pts',(1.21508673394815,15.5812895903466,0.99));
#5497=CARTESIAN_POINT('Ctrl Pts',(1.19822517377877,15.5977590855239,1.));
#5498=CARTESIAN_POINT('Ctrl Pts',(1.19822517377877,15.5977590855239,0.99));
#5499=CARTESIAN_POINT('Ctrl Pts',(1.19804146575419,15.5955361804579,1.));
#5500=CARTESIAN_POINT('Ctrl Pts',(1.19804146575419,15.5955361804579,0.99));
#5501=CARTESIAN_POINT('Ctrl Pts',(1.19767728951105,15.5911295726482,1.));
#5502=CARTESIAN_POINT('Ctrl Pts',(1.19767728951105,15.5911295726482,0.99));
#5503=CARTESIAN_POINT('Ctrl Pts',(1.20045803399111,15.5876964782877,1.));
#5504=CARTESIAN_POINT('Ctrl Pts',(1.20045803399111,15.5876964782877,0.99));
#5505=CARTESIAN_POINT('Ctrl Pts',(1.20183603712021,15.585995201955,1.));
#5506=CARTESIAN_POINT('Ctrl Pts',(1.20183603712021,15.585995201955,0.99));
#5507=CARTESIAN_POINT('',(1.19822517377877,15.5977590855239,1.));
#5508=CARTESIAN_POINT('Ctrl Pts',(1.19822517377877,15.5977590855239,1.));
#5509=CARTESIAN_POINT('Ctrl Pts',(1.19804146575419,15.5955361804579,1.));
#5510=CARTESIAN_POINT('Ctrl Pts',(1.19767728951105,15.5911295726482,1.));
#5511=CARTESIAN_POINT('Ctrl Pts',(1.20045803399111,15.5876964782877,1.));
#5512=CARTESIAN_POINT('Ctrl Pts',(1.20183603712021,15.585995201955,1.));
#5513=CARTESIAN_POINT('',(1.19822517377877,15.5977590855239,0.99));
#5514=CARTESIAN_POINT('',(1.19822517377877,15.5977590855239,1.));
#5515=CARTESIAN_POINT('Ctrl Pts',(1.19822517377877,15.5977590855239,0.99));
#5516=CARTESIAN_POINT('Ctrl Pts',(1.19804146575419,15.5955361804579,0.99));
#5517=CARTESIAN_POINT('Ctrl Pts',(1.19767728951105,15.5911295726482,0.99));
#5518=CARTESIAN_POINT('Ctrl Pts',(1.20045803399111,15.5876964782877,0.99));
#5519=CARTESIAN_POINT('Ctrl Pts',(1.20183603712021,15.585995201955,0.99));
#5520=CARTESIAN_POINT('Origin',(1.1916590910054,16.1560536336164,1.));
#5521=CARTESIAN_POINT('',(1.1916590910054,16.1560536336164,1.));
#5522=CARTESIAN_POINT('',(1.22041378271278,13.7111274628051,1.));
#5523=CARTESIAN_POINT('',(1.1916590910054,16.1560536336164,0.99));
#5524=CARTESIAN_POINT('',(1.1916590910054,16.1560536336164,1.));
#5525=CARTESIAN_POINT('',(1.1916590910054,16.1560536336164,0.99));
#5526=CARTESIAN_POINT('Ctrl Pts',(1.19499228459132,16.1678991859974,1.));
#5527=CARTESIAN_POINT('Ctrl Pts',(1.19499228459132,16.1678991859974,0.99));
#5528=CARTESIAN_POINT('Ctrl Pts',(1.19365468862314,16.1661661310414,1.));
#5529=CARTESIAN_POINT('Ctrl Pts',(1.19365468862314,16.1661661310414,0.99));
#5530=CARTESIAN_POINT('Ctrl Pts',(1.19095529515524,16.1626686644377,1.));
#5531=CARTESIAN_POINT('Ctrl Pts',(1.19095529515524,16.1626686644377,0.99));
#5532=CARTESIAN_POINT('Ctrl Pts',(1.19142309436385,16.1582717840321,1.));
#5533=CARTESIAN_POINT('Ctrl Pts',(1.19142309436385,16.1582717840321,0.99));
#5534=CARTESIAN_POINT('Ctrl Pts',(1.1916590910054,16.1560536336164,1.));
#5535=CARTESIAN_POINT('Ctrl Pts',(1.1916590910054,16.1560536336164,0.99));
#5536=CARTESIAN_POINT('',(1.19499228459132,16.1678991859974,1.));
#5537=CARTESIAN_POINT('Ctrl Pts',(1.19499228459132,16.1678991859974,1.));
#5538=CARTESIAN_POINT('Ctrl Pts',(1.19365468862314,16.1661661310414,1.));
#5539=CARTESIAN_POINT('Ctrl Pts',(1.19095529515524,16.1626686644377,1.));
#5540=CARTESIAN_POINT('Ctrl Pts',(1.19142309436385,16.1582717840321,1.));
#5541=CARTESIAN_POINT('Ctrl Pts',(1.1916590910054,16.1560536336164,1.));
#5542=CARTESIAN_POINT('',(1.19499228459132,16.1678991859974,0.99));
#5543=CARTESIAN_POINT('',(1.19499228459132,16.1678991859974,1.));
#5544=CARTESIAN_POINT('Ctrl Pts',(1.19499228459132,16.1678991859974,0.99));
#5545=CARTESIAN_POINT('Ctrl Pts',(1.19365468862314,16.1661661310414,0.99));
#5546=CARTESIAN_POINT('Ctrl Pts',(1.19095529515524,16.1626686644377,0.99));
#5547=CARTESIAN_POINT('Ctrl Pts',(1.19142309436385,16.1582717840321,0.99));
#5548=CARTESIAN_POINT('Ctrl Pts',(1.1916590910054,16.1560536336164,0.99));
#5549=CARTESIAN_POINT('Ctrl Pts',(1.2081449788447,16.1715264427018,1.));
#5550=CARTESIAN_POINT('Ctrl Pts',(1.2081449788447,16.1715264427018,0.99));
#5551=CARTESIAN_POINT('Ctrl Pts',(1.20556585752804,16.1717523128618,1.));
#5552=CARTESIAN_POINT('Ctrl Pts',(1.20556585752804,16.1717523128618,0.99));
#5553=CARTESIAN_POINT('Ctrl Pts',(1.20070335385963,16.172178153428,1.));
#5554=CARTESIAN_POINT('Ctrl Pts',(1.20070335385963,16.172178153428,0.99));
#5555=CARTESIAN_POINT('Ctrl Pts',(1.19681718842271,16.1692664788267,1.));
#5556=CARTESIAN_POINT('Ctrl Pts',(1.19681718842271,16.1692664788267,0.99));
#5557=CARTESIAN_POINT('Ctrl Pts',(1.19499228459132,16.1678991859974,1.));
#5558=CARTESIAN_POINT('Ctrl Pts',(1.19499228459132,16.1678991859974,0.99));
#5559=CARTESIAN_POINT('',(1.2081449788447,16.1715264427018,1.));
#5560=CARTESIAN_POINT('Ctrl Pts',(1.2081449788447,16.1715264427018,1.));
#5561=CARTESIAN_POINT('Ctrl Pts',(1.20556585752804,16.1717523128618,1.));
#5562=CARTESIAN_POINT('Ctrl Pts',(1.20070335385963,16.172178153428,1.));
#5563=CARTESIAN_POINT('Ctrl Pts',(1.19681718842271,16.1692664788267,1.));
#5564=CARTESIAN_POINT('Ctrl Pts',(1.19499228459132,16.1678991859974,1.));
#5565=CARTESIAN_POINT('',(1.2081449788447,16.1715264427018,0.99));
#5566=CARTESIAN_POINT('',(1.2081449788447,16.1715264427018,1.));
#5567=CARTESIAN_POINT('Ctrl Pts',(1.2081449788447,16.1715264427018,0.99));
#5568=CARTESIAN_POINT('Ctrl Pts',(1.20556585752804,16.1717523128618,0.99));
#5569=CARTESIAN_POINT('Ctrl Pts',(1.20070335385963,16.172178153428,0.99));
#5570=CARTESIAN_POINT('Ctrl Pts',(1.19681718842271,16.1692664788267,0.99));
#5571=CARTESIAN_POINT('Ctrl Pts',(1.19499228459132,16.1678991859974,0.99));
#5572=CARTESIAN_POINT('Origin',(1.38868801533452,16.1736498030781,1.));
#5573=CARTESIAN_POINT('',(1.38868801533452,16.1736498030781,1.));
#5574=CARTESIAN_POINT('',(5.91549948096748,16.22688947537,1.));
#5575=CARTESIAN_POINT('',(1.38868801533452,16.1736498030781,0.99));
#5576=CARTESIAN_POINT('',(1.38868801533452,16.1736498030781,1.));
#5577=CARTESIAN_POINT('',(1.38868801533452,16.1736498030781,0.99));
#5578=CARTESIAN_POINT('Ctrl Pts',(1.40192237980196,16.1703328836541,1.));
#5579=CARTESIAN_POINT('Ctrl Pts',(1.40192237980196,16.1703328836541,0.99));
#5580=CARTESIAN_POINT('Ctrl Pts',(1.40006584376178,16.1716568773249,1.));
#5581=CARTESIAN_POINT('Ctrl Pts',(1.40006584376178,16.1716568773249,0.99));
#5582=CARTESIAN_POINT('Ctrl Pts',(1.39611228385026,16.1744763692102,1.));
#5583=CARTESIAN_POINT('Ctrl Pts',(1.39611228385026,16.1744763692102,0.99));
#5584=CARTESIAN_POINT('Ctrl Pts',(1.39126113370846,16.1739362760818,1.));
#5585=CARTESIAN_POINT('Ctrl Pts',(1.39126113370846,16.1739362760818,0.99));
#5586=CARTESIAN_POINT('Ctrl Pts',(1.38868801533452,16.1736498030781,1.));
#5587=CARTESIAN_POINT('Ctrl Pts',(1.38868801533452,16.1736498030781,0.99));
#5588=CARTESIAN_POINT('',(1.40192237980196,16.1703328836541,1.));
#5589=CARTESIAN_POINT('Ctrl Pts',(1.40192237980196,16.1703328836541,1.));
#5590=CARTESIAN_POINT('Ctrl Pts',(1.40006584376178,16.1716568773249,1.));
#5591=CARTESIAN_POINT('Ctrl Pts',(1.39611228385026,16.1744763692102,1.));
#5592=CARTESIAN_POINT('Ctrl Pts',(1.39126113370846,16.1739362760818,1.));
#5593=CARTESIAN_POINT('Ctrl Pts',(1.38868801533452,16.1736498030781,1.));
#5594=CARTESIAN_POINT('',(1.40192237980196,16.1703328836541,0.99));
#5595=CARTESIAN_POINT('',(1.40192237980196,16.1703328836541,1.));
#5596=CARTESIAN_POINT('Ctrl Pts',(1.40192237980196,16.1703328836541,0.99));
#5597=CARTESIAN_POINT('Ctrl Pts',(1.40006584376178,16.1716568773249,0.99));
#5598=CARTESIAN_POINT('Ctrl Pts',(1.39611228385026,16.1744763692102,0.99));
#5599=CARTESIAN_POINT('Ctrl Pts',(1.39126113370846,16.1739362760818,0.99));
#5600=CARTESIAN_POINT('Ctrl Pts',(1.38868801533452,16.1736498030781,0.99));
#5601=CARTESIAN_POINT('Ctrl Pts',(1.40553318354288,16.1585689993843,1.));
#5602=CARTESIAN_POINT('Ctrl Pts',(1.40553318354288,16.1585689993843,0.99));
#5603=CARTESIAN_POINT('Ctrl Pts',(1.40571688853843,16.160791902336,1.));
#5604=CARTESIAN_POINT('Ctrl Pts',(1.40571688853843,16.160791902336,0.99));
#5605=CARTESIAN_POINT('Ctrl Pts',(1.40608105788649,16.1651984951796,1.));
#5606=CARTESIAN_POINT('Ctrl Pts',(1.40608105788649,16.1651984951796,0.99));
#5607=CARTESIAN_POINT('Ctrl Pts',(1.40330035760069,16.168631604261,1.));
#5608=CARTESIAN_POINT('Ctrl Pts',(1.40330035760069,16.168631604261,0.99));
#5609=CARTESIAN_POINT('Ctrl Pts',(1.40192237980196,16.1703328836541,1.));
#5610=CARTESIAN_POINT('Ctrl Pts',(1.40192237980196,16.1703328836541,0.99));
#5611=CARTESIAN_POINT('',(1.40553318354288,16.1585689993843,1.));
#5612=CARTESIAN_POINT('Ctrl Pts',(1.40553318354288,16.1585689993843,1.));
#5613=CARTESIAN_POINT('Ctrl Pts',(1.40571688853843,16.160791902336,1.));
#5614=CARTESIAN_POINT('Ctrl Pts',(1.40608105788649,16.1651984951796,1.));
#5615=CARTESIAN_POINT('Ctrl Pts',(1.40330035760069,16.168631604261,1.));
#5616=CARTESIAN_POINT('Ctrl Pts',(1.40192237980196,16.1703328836541,1.));
#5617=CARTESIAN_POINT('',(1.40553318354288,16.1585689993843,0.99));
#5618=CARTESIAN_POINT('',(1.40553318354288,16.1585689993843,1.));
#5619=CARTESIAN_POINT('Ctrl Pts',(1.40553318354288,16.1585689993843,0.99));
#5620=CARTESIAN_POINT('Ctrl Pts',(1.40571688853843,16.160791902336,0.99));
#5621=CARTESIAN_POINT('Ctrl Pts',(1.40608105788649,16.1651984951796,0.99));
#5622=CARTESIAN_POINT('Ctrl Pts',(1.40330035760069,16.168631604261,0.99));
#5623=CARTESIAN_POINT('Ctrl Pts',(1.40192237980196,16.1703328836541,0.99));
#5624=CARTESIAN_POINT('Origin',(1.41209926631624,15.6002744512918,1.));
#5625=CARTESIAN_POINT('',(1.41209926631624,15.6002744512918,1.));
#5626=CARTESIAN_POINT('',(1.43757091663693,13.4344955545267,1.));
#5627=CARTESIAN_POINT('',(1.41209926631624,15.6002744512918,0.99));
#5628=CARTESIAN_POINT('',(1.41209926631624,15.6002744512918,1.));
#5629=CARTESIAN_POINT('',(1.41209926631624,15.6002744512918,0.99));
#5630=CARTESIAN_POINT('Ctrl Pts',(1.40876613233085,15.5884288996117,1.));
#5631=CARTESIAN_POINT('Ctrl Pts',(1.40876613233085,15.5884288996117,0.99));
#5632=CARTESIAN_POINT('Ctrl Pts',(1.41010374739836,15.5901621140954,1.));
#5633=CARTESIAN_POINT('Ctrl Pts',(1.41010374739836,15.5901621140954,0.99));
#5634=CARTESIAN_POINT('Ctrl Pts',(1.41280299035846,15.5936596576764,1.));
#5635=CARTESIAN_POINT('Ctrl Pts',(1.41280299035846,15.5936596576764,0.99));
#5636=CARTESIAN_POINT('Ctrl Pts',(1.41233522808881,15.5980564818421,1.));
#5637=CARTESIAN_POINT('Ctrl Pts',(1.41233522808881,15.5980564818421,0.99));
#5638=CARTESIAN_POINT('Ctrl Pts',(1.41209926631624,15.6002744512918,1.));
#5639=CARTESIAN_POINT('Ctrl Pts',(1.41209926631624,15.6002744512918,0.99));
#5640=CARTESIAN_POINT('Ctrl Pts',(1.40876613233085,15.5884288996117,1.));
#5641=CARTESIAN_POINT('Ctrl Pts',(1.41010374739836,15.5901621140954,1.));
#5642=CARTESIAN_POINT('Ctrl Pts',(1.41280299035846,15.5936596576764,1.));
#5643=CARTESIAN_POINT('Ctrl Pts',(1.41233522808881,15.5980564818421,1.));
#5644=CARTESIAN_POINT('Ctrl Pts',(1.41209926631624,15.6002744512918,1.));
#5645=CARTESIAN_POINT('Ctrl Pts',(1.40876613233085,15.5884288996117,0.99));
#5646=CARTESIAN_POINT('Ctrl Pts',(1.41010374739836,15.5901621140954,0.99));
#5647=CARTESIAN_POINT('Ctrl Pts',(1.41280299035846,15.5936596576764,0.99));
#5648=CARTESIAN_POINT('Ctrl Pts',(1.41233522808881,15.5980564818421,0.99));
#5649=CARTESIAN_POINT('Ctrl Pts',(1.41209926631624,15.6002744512918,0.99));
#5650=CARTESIAN_POINT('Ctrl Pts',(1.97878655221652,16.3104600287714,1.));
#5651=CARTESIAN_POINT('Ctrl Pts',(1.97878655221652,16.3104600287714,0.99));
#5652=CARTESIAN_POINT('Ctrl Pts',(1.98666048843137,16.2953989581346,1.));
#5653=CARTESIAN_POINT('Ctrl Pts',(1.98666048843137,16.2953989581346,0.99));
#5654=CARTESIAN_POINT('Ctrl Pts',(2.00265525025127,16.2648045729358,1.));
#5655=CARTESIAN_POINT('Ctrl Pts',(2.00265525025127,16.2648045729358,0.99));
#5656=CARTESIAN_POINT('Ctrl Pts',(2.00508930970599,16.2303524771567,1.));
#5657=CARTESIAN_POINT('Ctrl Pts',(2.00508930970599,16.2303524771567,0.99));
#5658=CARTESIAN_POINT('Ctrl Pts',(2.00632512506646,16.2128605341881,1.));
#5659=CARTESIAN_POINT('Ctrl Pts',(2.00632512506646,16.2128605341881,0.99));
#5660=CARTESIAN_POINT('',(1.97878655221652,16.3104600287714,1.));
#5661=CARTESIAN_POINT('',(2.00632512506646,16.2128605341881,1.));
#5662=CARTESIAN_POINT('Ctrl Pts',(1.97878655221652,16.3104600287714,1.));
#5663=CARTESIAN_POINT('Ctrl Pts',(1.98666048843137,16.2953989581346,1.));
#5664=CARTESIAN_POINT('Ctrl Pts',(2.00265525025127,16.2648045729358,1.));
#5665=CARTESIAN_POINT('Ctrl Pts',(2.00508930970599,16.2303524771567,1.));
#5666=CARTESIAN_POINT('Ctrl Pts',(2.00632512506646,16.2128605341881,1.));
#5667=CARTESIAN_POINT('',(1.97878655221652,16.3104600287714,0.99));
#5668=CARTESIAN_POINT('',(1.97878655221652,16.3104600287714,1.));
#5669=CARTESIAN_POINT('',(2.00632512506646,16.2128605341881,0.99));
#5670=CARTESIAN_POINT('Ctrl Pts',(1.97878655221652,16.3104600287714,0.99));
#5671=CARTESIAN_POINT('Ctrl Pts',(1.98666048843137,16.2953989581346,0.99));
#5672=CARTESIAN_POINT('Ctrl Pts',(2.00265525025127,16.2648045729358,0.99));
#5673=CARTESIAN_POINT('Ctrl Pts',(2.00508930970599,16.2303524771567,0.99));
#5674=CARTESIAN_POINT('Ctrl Pts',(2.00632512506646,16.2128605341881,0.99));
#5675=CARTESIAN_POINT('',(2.00632512506646,16.2128605341881,1.));
#5676=CARTESIAN_POINT('Ctrl Pts',(1.90782762676982,16.3797692652416,1.));
#5677=CARTESIAN_POINT('Ctrl Pts',(1.90782762676982,16.3797692652416,0.99));
#5678=CARTESIAN_POINT('Ctrl Pts',(1.92179859534738,16.3704132899923,1.));
#5679=CARTESIAN_POINT('Ctrl Pts',(1.92179859534738,16.3704132899923,0.99));
#5680=CARTESIAN_POINT('Ctrl Pts',(1.94974057927668,16.3517013081702,1.));
#5681=CARTESIAN_POINT('Ctrl Pts',(1.94974057927668,16.3517013081702,0.99));
#5682=CARTESIAN_POINT('Ctrl Pts',(1.96910455043163,16.3242071372458,1.));
#5683=CARTESIAN_POINT('Ctrl Pts',(1.96910455043163,16.3242071372458,0.99));
#5684=CARTESIAN_POINT('Ctrl Pts',(1.97878655221652,16.3104600287714,1.));
#5685=CARTESIAN_POINT('Ctrl Pts',(1.97878655221652,16.3104600287714,0.99));
#5686=CARTESIAN_POINT('',(1.90782762676982,16.3797692652416,1.));
#5687=CARTESIAN_POINT('Ctrl Pts',(1.90782762676982,16.3797692652416,1.));
#5688=CARTESIAN_POINT('Ctrl Pts',(1.92179859534738,16.3704132899923,1.));
#5689=CARTESIAN_POINT('Ctrl Pts',(1.94974057927668,16.3517013081702,1.));
#5690=CARTESIAN_POINT('Ctrl Pts',(1.96910455043163,16.3242071372458,1.));
#5691=CARTESIAN_POINT('Ctrl Pts',(1.97878655221652,16.3104600287714,1.));
#5692=CARTESIAN_POINT('',(1.90782762676982,16.3797692652416,0.99));
#5693=CARTESIAN_POINT('',(1.90782762676982,16.3797692652416,1.));
#5694=CARTESIAN_POINT('Ctrl Pts',(1.90782762676982,16.3797692652416,0.99));
#5695=CARTESIAN_POINT('Ctrl Pts',(1.92179859534738,16.3704132899923,0.99));
#5696=CARTESIAN_POINT('Ctrl Pts',(1.94974057927668,16.3517013081702,0.99));
#5697=CARTESIAN_POINT('Ctrl Pts',(1.96910455043163,16.3242071372458,0.99));
#5698=CARTESIAN_POINT('Ctrl Pts',(1.97878655221652,16.3104600287714,0.99));
#5699=CARTESIAN_POINT('Ctrl Pts',(1.81099626901122,16.4050211435957,1.));
#5700=CARTESIAN_POINT('Ctrl Pts',(1.81099626901122,16.4050211435957,0.99));
#5701=CARTESIAN_POINT('Ctrl Pts',(1.82816031681824,16.4041615717614,1.));
#5702=CARTESIAN_POINT('Ctrl Pts',(1.82816031681824,16.4041615717614,0.99));
#5703=CARTESIAN_POINT('Ctrl Pts',(1.86219655783671,16.4024570441083,1.));
#5704=CARTESIAN_POINT('Ctrl Pts',(1.86219655783671,16.4024570441083,0.99));
#5705=CARTESIAN_POINT('Ctrl Pts',(1.89270447039838,16.3872885023654,1.));
#5706=CARTESIAN_POINT('Ctrl Pts',(1.89270447039838,16.3872885023654,0.99));
#5707=CARTESIAN_POINT('Ctrl Pts',(1.90782762676982,16.3797692652416,1.));
#5708=CARTESIAN_POINT('Ctrl Pts',(1.90782762676982,16.3797692652416,0.99));
#5709=CARTESIAN_POINT('',(1.81099626901122,16.4050211435957,1.));
#5710=CARTESIAN_POINT('Ctrl Pts',(1.81099626901122,16.4050211435957,1.));
#5711=CARTESIAN_POINT('Ctrl Pts',(1.82816031681824,16.4041615717614,1.));
#5712=CARTESIAN_POINT('Ctrl Pts',(1.86219655783671,16.4024570441083,1.));
#5713=CARTESIAN_POINT('Ctrl Pts',(1.89270447039838,16.3872885023654,1.));
#5714=CARTESIAN_POINT('Ctrl Pts',(1.90782762676982,16.3797692652416,1.));
#5715=CARTESIAN_POINT('',(1.81099626901122,16.4050211435957,0.99));
#5716=CARTESIAN_POINT('',(1.81099626901122,16.4050211435957,1.));
#5717=CARTESIAN_POINT('Ctrl Pts',(1.81099626901122,16.4050211435957,0.99));
#5718=CARTESIAN_POINT('Ctrl Pts',(1.82816031681824,16.4041615717614,0.99));
#5719=CARTESIAN_POINT('Ctrl Pts',(1.86219655783671,16.4024570441083,0.99));
#5720=CARTESIAN_POINT('Ctrl Pts',(1.89270447039838,16.3872885023654,0.99));
#5721=CARTESIAN_POINT('Ctrl Pts',(1.90782762676982,16.3797692652416,0.99));
#5722=CARTESIAN_POINT('Origin',(1.59573336508827,16.4024894440654,1.));
#5723=CARTESIAN_POINT('',(1.59573336508827,16.4024894440654,1.));
#5724=CARTESIAN_POINT('',(6.01769097173042,16.4544959337664,1.));
#5725=CARTESIAN_POINT('',(1.59573336508827,16.4024894440654,0.99));
#5726=CARTESIAN_POINT('',(1.59573336508827,16.4024894440654,1.));
#5727=CARTESIAN_POINT('',(1.59573336508827,16.4024894440654,0.99));
#5728=CARTESIAN_POINT('Ctrl Pts',(1.52646525182569,16.3870904264134,1.));
#5729=CARTESIAN_POINT('Ctrl Pts',(1.52646525182569,16.3870904264134,0.99));
#5730=CARTESIAN_POINT('Ctrl Pts',(1.53786235931255,16.3914776656142,1.));
#5731=CARTESIAN_POINT('Ctrl Pts',(1.53786235931255,16.3914776656142,0.99));
#5732=CARTESIAN_POINT('Ctrl Pts',(1.56018977815654,16.4000724540126,1.));
#5733=CARTESIAN_POINT('Ctrl Pts',(1.56018977815654,16.4000724540126,0.99));
#5734=CARTESIAN_POINT('Ctrl Pts',(1.58405179603459,16.4016950887782,1.));
#5735=CARTESIAN_POINT('Ctrl Pts',(1.58405179603459,16.4016950887782,0.99));
#5736=CARTESIAN_POINT('Ctrl Pts',(1.59573336508827,16.4024894440654,1.));
#5737=CARTESIAN_POINT('Ctrl Pts',(1.59573336508827,16.4024894440654,0.99));
#5738=CARTESIAN_POINT('',(1.52646525182569,16.3870904264134,1.));
#5739=CARTESIAN_POINT('Ctrl Pts',(1.52646525182569,16.3870904264134,1.));
#5740=CARTESIAN_POINT('Ctrl Pts',(1.53786235931255,16.3914776656142,1.));
#5741=CARTESIAN_POINT('Ctrl Pts',(1.56018977815654,16.4000724540126,1.));
#5742=CARTESIAN_POINT('Ctrl Pts',(1.58405179603459,16.4016950887782,1.));
#5743=CARTESIAN_POINT('Ctrl Pts',(1.59573336508827,16.4024894440654,1.));
#5744=CARTESIAN_POINT('',(1.52646525182569,16.3870904264134,0.99));
#5745=CARTESIAN_POINT('',(1.52646525182569,16.3870904264134,1.));
#5746=CARTESIAN_POINT('Ctrl Pts',(1.52646525182569,16.3870904264134,0.99));
#5747=CARTESIAN_POINT('Ctrl Pts',(1.53786235931255,16.3914776656142,0.99));
#5748=CARTESIAN_POINT('Ctrl Pts',(1.56018977815654,16.4000724540126,0.99));
#5749=CARTESIAN_POINT('Ctrl Pts',(1.58405179603459,16.4016950887782,0.99));
#5750=CARTESIAN_POINT('Ctrl Pts',(1.59573336508827,16.4024894440654,0.99));
#5751=CARTESIAN_POINT('Ctrl Pts',(1.46025231188853,16.3481146389346,1.));
#5752=CARTESIAN_POINT('Ctrl Pts',(1.46025231188853,16.3481146389346,0.99));
#5753=CARTESIAN_POINT('Ctrl Pts',(1.47084768062098,16.3557002207414,1.));
#5754=CARTESIAN_POINT('Ctrl Pts',(1.47084768062098,16.3557002207414,0.99));
#5755=CARTESIAN_POINT('Ctrl Pts',(1.49175673103,16.370669715092,1.));
#5756=CARTESIAN_POINT('Ctrl Pts',(1.49175673103,16.370669715092,0.99));
#5757=CARTESIAN_POINT('Ctrl Pts',(1.5150001233427,16.3816662377483,1.));
#5758=CARTESIAN_POINT('Ctrl Pts',(1.5150001233427,16.3816662377483,0.99));
#5759=CARTESIAN_POINT('Ctrl Pts',(1.52646525182569,16.3870904264134,1.));
#5760=CARTESIAN_POINT('Ctrl Pts',(1.52646525182569,16.3870904264134,0.99));
#5761=CARTESIAN_POINT('',(1.46025231188853,16.3481146389346,1.));
#5762=CARTESIAN_POINT('Ctrl Pts',(1.46025231188853,16.3481146389346,1.));
#5763=CARTESIAN_POINT('Ctrl Pts',(1.47084768062098,16.3557002207414,1.));
#5764=CARTESIAN_POINT('Ctrl Pts',(1.49175673103,16.370669715092,1.));
#5765=CARTESIAN_POINT('Ctrl Pts',(1.5150001233427,16.3816662377483,1.));
#5766=CARTESIAN_POINT('Ctrl Pts',(1.52646525182569,16.3870904264134,1.));
#5767=CARTESIAN_POINT('',(1.46025231188853,16.3481146389346,0.99));
#5768=CARTESIAN_POINT('',(1.46025231188853,16.3481146389346,1.));
#5769=CARTESIAN_POINT('Ctrl Pts',(1.46025231188853,16.3481146389346,0.99));
#5770=CARTESIAN_POINT('Ctrl Pts',(1.47084768062098,16.3557002207414,0.99));
#5771=CARTESIAN_POINT('Ctrl Pts',(1.49175673103,16.370669715092,0.99));
#5772=CARTESIAN_POINT('Ctrl Pts',(1.5150001233427,16.3816662377483,0.99));
#5773=CARTESIAN_POINT('Ctrl Pts',(1.52646525182569,16.3870904264134,0.99));
#5774=CARTESIAN_POINT('Ctrl Pts',(1.4281957918918,16.3574605285036,1.));
#5775=CARTESIAN_POINT('Ctrl Pts',(1.4281957918918,16.3574605285036,0.99));
#5776=CARTESIAN_POINT('Ctrl Pts',(1.43370158477096,16.3564276575426,1.));
#5777=CARTESIAN_POINT('Ctrl Pts',(1.43370158477096,16.3564276575426,0.99));
#5778=CARTESIAN_POINT('Ctrl Pts',(1.44469424718696,16.3543654655853,1.));
#5779=CARTESIAN_POINT('Ctrl Pts',(1.44469424718696,16.3543654655853,0.99));
#5780=CARTESIAN_POINT('Ctrl Pts',(1.45507224539711,16.3501958552232,1.));
#5781=CARTESIAN_POINT('Ctrl Pts',(1.45507224539711,16.3501958552232,0.99));
#5782=CARTESIAN_POINT('Ctrl Pts',(1.46025231188853,16.3481146389346,1.));
#5783=CARTESIAN_POINT('Ctrl Pts',(1.46025231188853,16.3481146389346,0.99));
#5784=CARTESIAN_POINT('',(1.4281957918918,16.3574605285036,1.));
#5785=CARTESIAN_POINT('Ctrl Pts',(1.4281957918918,16.3574605285036,1.));
#5786=CARTESIAN_POINT('Ctrl Pts',(1.43370158477096,16.3564276575426,1.));
#5787=CARTESIAN_POINT('Ctrl Pts',(1.44469424718696,16.3543654655853,1.));
#5788=CARTESIAN_POINT('Ctrl Pts',(1.45507224539711,16.3501958552232,1.));
#5789=CARTESIAN_POINT('Ctrl Pts',(1.46025231188853,16.3481146389346,1.));
#5790=CARTESIAN_POINT('',(1.4281957918918,16.3574605285036,0.99));
#5791=CARTESIAN_POINT('',(1.4281957918918,16.3574605285036,1.));
#5792=CARTESIAN_POINT('Ctrl Pts',(1.4281957918918,16.3574605285036,0.99));
#5793=CARTESIAN_POINT('Ctrl Pts',(1.43370158477096,16.3564276575426,0.99));
#5794=CARTESIAN_POINT('Ctrl Pts',(1.44469424718696,16.3543654655853,0.99));
#5795=CARTESIAN_POINT('Ctrl Pts',(1.45507224539711,16.3501958552232,0.99));
#5796=CARTESIAN_POINT('Ctrl Pts',(1.46025231188853,16.3481146389346,0.99));
#5797=CARTESIAN_POINT('Ctrl Pts',(1.39344331933818,16.3598295744195,1.));
#5798=CARTESIAN_POINT('Ctrl Pts',(1.39344331933818,16.3598295744195,0.99));
#5799=CARTESIAN_POINT('Ctrl Pts',(1.39935692300653,16.3597913545274,1.));
#5800=CARTESIAN_POINT('Ctrl Pts',(1.39935692300653,16.3597913545274,0.99));
#5801=CARTESIAN_POINT('Ctrl Pts',(1.41099028165431,16.3597161675963,1.));
#5802=CARTESIAN_POINT('Ctrl Pts',(1.41099028165431,16.3597161675963,0.99));
#5803=CARTESIAN_POINT('Ctrl Pts',(1.4225246884248,16.3582040090806,1.));
#5804=CARTESIAN_POINT('Ctrl Pts',(1.4225246884248,16.3582040090806,0.99));
#5805=CARTESIAN_POINT('Ctrl Pts',(1.4281957918918,16.3574605285036,1.));
#5806=CARTESIAN_POINT('Ctrl Pts',(1.4281957918918,16.3574605285036,0.99));
#5807=CARTESIAN_POINT('',(1.39344331933818,16.3598295744195,1.));
#5808=CARTESIAN_POINT('Ctrl Pts',(1.39344331933818,16.3598295744195,1.));
#5809=CARTESIAN_POINT('Ctrl Pts',(1.39935692300653,16.3597913545274,1.));
#5810=CARTESIAN_POINT('Ctrl Pts',(1.41099028165431,16.3597161675963,1.));
#5811=CARTESIAN_POINT('Ctrl Pts',(1.4225246884248,16.3582040090806,1.));
#5812=CARTESIAN_POINT('Ctrl Pts',(1.4281957918918,16.3574605285036,1.));
#5813=CARTESIAN_POINT('',(1.39344331933818,16.3598295744195,0.99));
#5814=CARTESIAN_POINT('',(1.39344331933818,16.3598295744195,1.));
#5815=CARTESIAN_POINT('Ctrl Pts',(1.39344331933818,16.3598295744195,0.99));
#5816=CARTESIAN_POINT('Ctrl Pts',(1.39935692300653,16.3597913545274,0.99));
#5817=CARTESIAN_POINT('Ctrl Pts',(1.41099028165431,16.3597161675963,0.99));
#5818=CARTESIAN_POINT('Ctrl Pts',(1.4225246884248,16.3582040090806,0.99));
#5819=CARTESIAN_POINT('Ctrl Pts',(1.4281957918918,16.3574605285036,0.99));
#5820=CARTESIAN_POINT('Origin',(1.19762353640974,16.3575265447593,1.));
#5821=CARTESIAN_POINT('',(1.19762353640974,16.3575265447593,1.));
#5822=CARTESIAN_POINT('',(5.81887289484347,16.4118768978257,1.));
#5823=CARTESIAN_POINT('',(1.19762353640974,16.3575265447593,0.99));
#5824=CARTESIAN_POINT('',(1.19762353640974,16.3575265447593,1.));
#5825=CARTESIAN_POINT('',(1.19762353640974,16.3575265447593,0.99));
#5826=CARTESIAN_POINT('Ctrl Pts',(1.10141273120701,16.3300045426719,1.));
#5827=CARTESIAN_POINT('Ctrl Pts',(1.10141273120701,16.3300045426719,0.99));
#5828=CARTESIAN_POINT('Ctrl Pts',(1.11635487132843,16.337877277447,1.));
#5829=CARTESIAN_POINT('Ctrl Pts',(1.11635487132843,16.337877277447,0.99));
#5830=CARTESIAN_POINT('Ctrl Pts',(1.14649768403885,16.3537589629295,1.));
#5831=CARTESIAN_POINT('Ctrl Pts',(1.14649768403885,16.3537589629295,0.99));
#5832=CARTESIAN_POINT('Ctrl Pts',(1.18048441846167,16.3562635236777,1.));
#5833=CARTESIAN_POINT('Ctrl Pts',(1.18048441846167,16.3562635236777,0.99));
#5834=CARTESIAN_POINT('Ctrl Pts',(1.19762353640974,16.3575265447593,1.));
#5835=CARTESIAN_POINT('Ctrl Pts',(1.19762353640974,16.3575265447593,0.99));
#5836=CARTESIAN_POINT('',(1.10141273120701,16.3300045426719,1.));
#5837=CARTESIAN_POINT('Ctrl Pts',(1.10141273120701,16.3300045426719,1.));
#5838=CARTESIAN_POINT('Ctrl Pts',(1.11635487132843,16.337877277447,1.));
#5839=CARTESIAN_POINT('Ctrl Pts',(1.14649768403885,16.3537589629295,1.));
#5840=CARTESIAN_POINT('Ctrl Pts',(1.18048441846167,16.3562635236777,1.));
#5841=CARTESIAN_POINT('Ctrl Pts',(1.19762353640974,16.3575265447593,1.));
#5842=CARTESIAN_POINT('',(1.10141273120701,16.3300045426719,0.99));
#5843=CARTESIAN_POINT('',(1.10141273120701,16.3300045426719,1.));
#5844=CARTESIAN_POINT('Ctrl Pts',(1.10141273120701,16.3300045426719,0.99));
#5845=CARTESIAN_POINT('Ctrl Pts',(1.11635487132843,16.337877277447,0.99));
#5846=CARTESIAN_POINT('Ctrl Pts',(1.14649768403885,16.3537589629295,0.99));
#5847=CARTESIAN_POINT('Ctrl Pts',(1.18048441846167,16.3562635236777,0.99));
#5848=CARTESIAN_POINT('Ctrl Pts',(1.19762353640974,16.3575265447593,0.99));
#5849=CARTESIAN_POINT('Ctrl Pts',(1.03210355433731,16.2590456179262,1.));
#5850=CARTESIAN_POINT('Ctrl Pts',(1.03210355433731,16.2590456179262,0.99));
#5851=CARTESIAN_POINT('Ctrl Pts',(1.04145957957969,16.2730165272552,1.));
#5852=CARTESIAN_POINT('Ctrl Pts',(1.04145957957969,16.2730165272552,0.99));
#5853=CARTESIAN_POINT('Ctrl Pts',(1.06017166041889,16.3009583912401,1.));
#5854=CARTESIAN_POINT('Ctrl Pts',(1.06017166041889,16.3009583912401,0.99));
#5855=CARTESIAN_POINT('Ctrl Pts',(1.08766569274418,16.3203224817239,1.));
#5856=CARTESIAN_POINT('Ctrl Pts',(1.08766569274418,16.3203224817239,0.99));
#5857=CARTESIAN_POINT('Ctrl Pts',(1.10141273120701,16.3300045426719,1.));
#5858=CARTESIAN_POINT('Ctrl Pts',(1.10141273120701,16.3300045426719,0.99));
#5859=CARTESIAN_POINT('',(1.03210355433731,16.2590456179262,1.));
#5860=CARTESIAN_POINT('Ctrl Pts',(1.03210355433731,16.2590456179262,1.));
#5861=CARTESIAN_POINT('Ctrl Pts',(1.04145957957969,16.2730165272552,1.));
#5862=CARTESIAN_POINT('Ctrl Pts',(1.06017166041889,16.3009583912401,1.));
#5863=CARTESIAN_POINT('Ctrl Pts',(1.08766569274418,16.3203224817239,1.));
#5864=CARTESIAN_POINT('Ctrl Pts',(1.10141273120701,16.3300045426719,1.));
#5865=CARTESIAN_POINT('',(1.03210355433731,16.2590456179262,0.99));
#5866=CARTESIAN_POINT('',(1.03210355433731,16.2590456179262,1.));
#5867=CARTESIAN_POINT('Ctrl Pts',(1.03210355433731,16.2590456179262,0.99));
#5868=CARTESIAN_POINT('Ctrl Pts',(1.04145957957969,16.2730165272552,0.99));
#5869=CARTESIAN_POINT('Ctrl Pts',(1.06017166041889,16.3009583912401,0.99));
#5870=CARTESIAN_POINT('Ctrl Pts',(1.08766569274418,16.3203224817239,0.99));
#5871=CARTESIAN_POINT('Ctrl Pts',(1.10141273120701,16.3300045426719,0.99));
#5872=CARTESIAN_POINT('Ctrl Pts',(1.00685167738512,16.1622141409665,1.));
#5873=CARTESIAN_POINT('Ctrl Pts',(1.00685167738512,16.1622141409665,0.99));
#5874=CARTESIAN_POINT('Ctrl Pts',(1.00771123624966,16.1793781461181,1.));
#5875=CARTESIAN_POINT('Ctrl Pts',(1.00771123624966,16.1793781461181,0.99));
#5876=CARTESIAN_POINT('Ctrl Pts',(1.00941574436431,16.2134144259675,1.));
#5877=CARTESIAN_POINT('Ctrl Pts',(1.00941574436431,16.2134144259675,0.99));
#5878=CARTESIAN_POINT('Ctrl Pts',(1.02458428836008,16.2439223834843,1.));
#5879=CARTESIAN_POINT('Ctrl Pts',(1.02458428836008,16.2439223834843,0.99));
#5880=CARTESIAN_POINT('Ctrl Pts',(1.03210355433731,16.2590456179262,1.));
#5881=CARTESIAN_POINT('Ctrl Pts',(1.03210355433731,16.2590456179262,0.99));
#5882=CARTESIAN_POINT('',(1.00685167738512,16.1622141409665,1.));
#5883=CARTESIAN_POINT('Ctrl Pts',(1.00685167738512,16.1622141409665,1.));
#5884=CARTESIAN_POINT('Ctrl Pts',(1.00771123624966,16.1793781461181,1.));
#5885=CARTESIAN_POINT('Ctrl Pts',(1.00941574436431,16.2134144259675,1.));
#5886=CARTESIAN_POINT('Ctrl Pts',(1.02458428836008,16.2439223834843,1.));
#5887=CARTESIAN_POINT('Ctrl Pts',(1.03210355433731,16.2590456179262,1.));
#5888=CARTESIAN_POINT('',(1.00685167738512,16.1622141409665,0.99));
#5889=CARTESIAN_POINT('',(1.00685167738512,16.1622141409665,1.));
#5890=CARTESIAN_POINT('Ctrl Pts',(1.00685167738512,16.1622141409665,0.99));
#5891=CARTESIAN_POINT('Ctrl Pts',(1.00771123624966,16.1793781461181,0.99));
#5892=CARTESIAN_POINT('Ctrl Pts',(1.00941574436431,16.2134144259675,0.99));
#5893=CARTESIAN_POINT('Ctrl Pts',(1.02458428836008,16.2439223834843,0.99));
#5894=CARTESIAN_POINT('Ctrl Pts',(1.03210355433731,16.2590456179262,0.99));
#5895=CARTESIAN_POINT('Origin',(1.01586779368051,15.3956005074763,1.));
#5896=CARTESIAN_POINT('',(1.01586779368051,15.3956005074763,1.));
#5897=CARTESIAN_POINT('',(1.04016342852747,13.3298147192537,1.));
#5898=CARTESIAN_POINT('',(1.01586779368051,15.3956005074763,0.99));
#5899=CARTESIAN_POINT('',(1.01586779368051,15.3956005074763,1.));
#5900=CARTESIAN_POINT('',(1.01586779368051,15.3956005074763,0.99));
#5901=CARTESIAN_POINT('Origin',(2.01579858110217,15.4073606587088,1.));
#5902=CARTESIAN_POINT('',(2.01579858110217,15.4073606587088,1.));
#5903=CARTESIAN_POINT('',(6.23360365570411,15.4569661175771,1.));
#5904=CARTESIAN_POINT('',(2.01579858110217,15.4073606587088,0.99));
#5905=CARTESIAN_POINT('',(2.01579858110217,15.4073606587088,1.));
#5906=CARTESIAN_POINT('',(2.01579858110217,15.4073606587088,0.99));
#5907=CARTESIAN_POINT('Origin',(2.00632512506646,16.2128605341881,1.));
#5908=CARTESIAN_POINT('',(2.03535748793128,13.7443248082258,1.));
#5909=CARTESIAN_POINT('',(2.00632512506646,16.2128605341881,0.99));
#5910=CARTESIAN_POINT('Origin',(1.50124733346104,16.5462865784115,0.99));
#5911=CARTESIAN_POINT('Origin',(1.84636103324674,14.1066670556832,1.));
#5912=CARTESIAN_POINT('',(1.84636103324674,14.1066670556832,1.));
#5913=CARTESIAN_POINT('',(2.03107044429246,14.1088394166459,1.));
#5914=CARTESIAN_POINT('',(6.15652081337154,14.1573586950328,1.));
#5915=CARTESIAN_POINT('',(1.84636103324674,14.1066670556832,0.99));
#5916=CARTESIAN_POINT('',(1.84636103324674,14.1066670556832,1.));
#5917=CARTESIAN_POINT('',(2.03107044429246,14.1088394166459,0.99));
#5918=CARTESIAN_POINT('',(1.84636103324674,14.1066670556832,0.99));
#5919=CARTESIAN_POINT('',(2.03107044429246,14.1088394166459,1.));
#5920=CARTESIAN_POINT('Origin',(1.85536081577971,13.3414422335785,1.));
#5921=CARTESIAN_POINT('',(1.85536081577971,13.3414422335785,1.));
#5922=CARTESIAN_POINT('',(1.86752062776504,12.3075294774397,1.));
#5923=CARTESIAN_POINT('',(1.85536081577971,13.3414422335785,0.99));
#5924=CARTESIAN_POINT('',(1.85536081577971,13.3414422335785,1.));
#5925=CARTESIAN_POINT('',(1.85536081577971,13.3414422335785,0.99));
#5926=CARTESIAN_POINT('Ctrl Pts',(1.84258379175354,13.305872851413,1.));
#5927=CARTESIAN_POINT('Ctrl Pts',(1.84258379175354,13.305872851413,0.99));
#5928=CARTESIAN_POINT('Ctrl Pts',(1.84637128368434,13.3108580187008,1.));
#5929=CARTESIAN_POINT('Ctrl Pts',(1.84637128368434,13.3108580187008,0.99));
#5930=CARTESIAN_POINT('Ctrl Pts',(1.85433584862495,13.3213411271348,1.));
#5931=CARTESIAN_POINT('Ctrl Pts',(1.85433584862495,13.3213411271348,0.99));
#5932=CARTESIAN_POINT('Ctrl Pts',(1.85500819756991,13.3345268742558,1.));
#5933=CARTESIAN_POINT('Ctrl Pts',(1.85500819756991,13.3345268742558,0.99));
#5934=CARTESIAN_POINT('Ctrl Pts',(1.85536081577971,13.3414422335785,1.));
#5935=CARTESIAN_POINT('Ctrl Pts',(1.85536081577971,13.3414422335785,0.99));
#5936=CARTESIAN_POINT('',(1.84258379175354,13.305872851413,1.));
#5937=CARTESIAN_POINT('Ctrl Pts',(1.84258379175354,13.305872851413,1.));
#5938=CARTESIAN_POINT('Ctrl Pts',(1.84637128368434,13.3108580187008,1.));
#5939=CARTESIAN_POINT('Ctrl Pts',(1.85433584862495,13.3213411271348,1.));
#5940=CARTESIAN_POINT('Ctrl Pts',(1.85500819756991,13.3345268742558,1.));
#5941=CARTESIAN_POINT('Ctrl Pts',(1.85536081577971,13.3414422335785,1.));
#5942=CARTESIAN_POINT('',(1.84258379175354,13.305872851413,0.99));
#5943=CARTESIAN_POINT('',(1.84258379175354,13.305872851413,1.));
#5944=CARTESIAN_POINT('Ctrl Pts',(1.84258379175354,13.305872851413,0.99));
#5945=CARTESIAN_POINT('Ctrl Pts',(1.84637128368434,13.3108580187008,0.99));
#5946=CARTESIAN_POINT('Ctrl Pts',(1.85433584862495,13.3213411271348,0.99));
#5947=CARTESIAN_POINT('Ctrl Pts',(1.85500819756991,13.3345268742558,0.99));
#5948=CARTESIAN_POINT('Ctrl Pts',(1.85536081577971,13.3414422335785,0.99));
#5949=CARTESIAN_POINT('Ctrl Pts',(1.80732468726788,13.2922628160174,1.));
#5950=CARTESIAN_POINT('Ctrl Pts',(1.80732468726788,13.2922628160174,0.99));
#5951=CARTESIAN_POINT('Ctrl Pts',(1.81422984031865,13.2927779662734,1.));
#5952=CARTESIAN_POINT('Ctrl Pts',(1.81422984031865,13.2927779662734,0.99));
#5953=CARTESIAN_POINT('Ctrl Pts',(1.82739615091451,13.2937602223109,1.));
#5954=CARTESIAN_POINT('Ctrl Pts',(1.82739615091451,13.2937602223109,0.99));
#5955=CARTESIAN_POINT('Ctrl Pts',(1.83768906170732,13.3019691477217,1.));
#5956=CARTESIAN_POINT('Ctrl Pts',(1.83768906170732,13.3019691477217,0.99));
#5957=CARTESIAN_POINT('Ctrl Pts',(1.84258379175354,13.305872851413,1.));
#5958=CARTESIAN_POINT('Ctrl Pts',(1.84258379175354,13.305872851413,0.99));
#5959=CARTESIAN_POINT('',(1.80732468726788,13.2922628160174,1.));
#5960=CARTESIAN_POINT('Ctrl Pts',(1.80732468726788,13.2922628160174,1.));
#5961=CARTESIAN_POINT('Ctrl Pts',(1.81422984031865,13.2927779662734,1.));
#5962=CARTESIAN_POINT('Ctrl Pts',(1.82739615091451,13.2937602223109,1.));
#5963=CARTESIAN_POINT('Ctrl Pts',(1.83768906170732,13.3019691477217,1.));
#5964=CARTESIAN_POINT('Ctrl Pts',(1.84258379175354,13.305872851413,1.));
#5965=CARTESIAN_POINT('',(1.80732468726788,13.2922628160174,0.99));
#5966=CARTESIAN_POINT('',(1.80732468726788,13.2922628160174,1.));
#5967=CARTESIAN_POINT('Ctrl Pts',(1.80732468726788,13.2922628160174,0.99));
#5968=CARTESIAN_POINT('Ctrl Pts',(1.81422984031865,13.2927779662734,0.99));
#5969=CARTESIAN_POINT('Ctrl Pts',(1.82739615091451,13.2937602223109,0.99));
#5970=CARTESIAN_POINT('Ctrl Pts',(1.83768906170732,13.3019691477217,0.99));
#5971=CARTESIAN_POINT('Ctrl Pts',(1.84258379175354,13.305872851413,0.99));
#5972=CARTESIAN_POINT('Origin',(1.27402826730966,13.28599073536,1.));
#5973=CARTESIAN_POINT('',(1.27402826730966,13.28599073536,1.));
#5974=CARTESIAN_POINT('',(5.87514015865671,13.3401042523759,1.));
#5975=CARTESIAN_POINT('',(1.27402826730966,13.28599073536,0.99));
#5976=CARTESIAN_POINT('',(1.27402826730966,13.28599073536,1.));
#5977=CARTESIAN_POINT('',(1.27402826730966,13.28599073536,0.99));
#5978=CARTESIAN_POINT('Ctrl Pts',(1.23776453905192,13.2987595932059,1.));
#5979=CARTESIAN_POINT('Ctrl Pts',(1.23776453905192,13.2987595932059,0.99));
#5980=CARTESIAN_POINT('Ctrl Pts',(1.24269346982746,13.294974457685,1.));
#5981=CARTESIAN_POINT('Ctrl Pts',(1.24269346982746,13.294974457685,0.99));
#5982=CARTESIAN_POINT('Ctrl Pts',(1.25333390345989,13.286803216267,1.));
#5983=CARTESIAN_POINT('Ctrl Pts',(1.25333390345989,13.286803216267,0.99));
#5984=CARTESIAN_POINT('Ctrl Pts',(1.26680001527194,13.2862745235844,1.));
#5985=CARTESIAN_POINT('Ctrl Pts',(1.26680001527194,13.2862745235844,0.99));
#5986=CARTESIAN_POINT('Ctrl Pts',(1.27402826730966,13.28599073536,1.));
#5987=CARTESIAN_POINT('Ctrl Pts',(1.27402826730966,13.28599073536,0.99));
#5988=CARTESIAN_POINT('',(1.23776453905192,13.2987595932059,1.));
#5989=CARTESIAN_POINT('Ctrl Pts',(1.23776453905192,13.2987595932059,1.));
#5990=CARTESIAN_POINT('Ctrl Pts',(1.24269346982746,13.294974457685,1.));
#5991=CARTESIAN_POINT('Ctrl Pts',(1.25333390345989,13.286803216267,1.));
#5992=CARTESIAN_POINT('Ctrl Pts',(1.26680001527194,13.2862745235844,1.));
#5993=CARTESIAN_POINT('Ctrl Pts',(1.27402826730966,13.28599073536,1.));
#5994=CARTESIAN_POINT('',(1.23776453905192,13.2987595932059,0.99));
#5995=CARTESIAN_POINT('',(1.23776453905192,13.2987595932059,1.));
#5996=CARTESIAN_POINT('Ctrl Pts',(1.23776453905192,13.2987595932059,0.99));
#5997=CARTESIAN_POINT('Ctrl Pts',(1.24269346982746,13.294974457685,0.99));
#5998=CARTESIAN_POINT('Ctrl Pts',(1.25333390345989,13.286803216267,0.99));
#5999=CARTESIAN_POINT('Ctrl Pts',(1.26680001527194,13.2862745235844,0.99));
#6000=CARTESIAN_POINT('Ctrl Pts',(1.27402826730966,13.28599073536,0.99));
#6001=CARTESIAN_POINT('Ctrl Pts',(1.22484885044948,13.3340268042713,1.));
#6002=CARTESIAN_POINT('Ctrl Pts',(1.22484885044948,13.3340268042713,0.99));
#6003=CARTESIAN_POINT('Ctrl Pts',(1.22532420128854,13.3271402942195,1.));
#6004=CARTESIAN_POINT('Ctrl Pts',(1.22532420128854,13.3271402942195,0.99));
#6005=CARTESIAN_POINT('Ctrl Pts',(1.22622467546973,13.3140949306888,1.));
#6006=CARTESIAN_POINT('Ctrl Pts',(1.22622467546973,13.3140949306888,0.99));
#6007=CARTESIAN_POINT('Ctrl Pts',(1.23406366809561,13.3036776847147,1.));
#6008=CARTESIAN_POINT('Ctrl Pts',(1.23406366809561,13.3036776847147,0.99));
#6009=CARTESIAN_POINT('Ctrl Pts',(1.23776453905192,13.2987595932059,1.));
#6010=CARTESIAN_POINT('Ctrl Pts',(1.23776453905192,13.2987595932059,0.99));
#6011=CARTESIAN_POINT('',(1.22484885044948,13.3340268042713,1.));
#6012=CARTESIAN_POINT('Ctrl Pts',(1.22484885044948,13.3340268042713,1.));
#6013=CARTESIAN_POINT('Ctrl Pts',(1.22532420128854,13.3271402942195,1.));
#6014=CARTESIAN_POINT('Ctrl Pts',(1.22622467546973,13.3140949306888,1.));
#6015=CARTESIAN_POINT('Ctrl Pts',(1.23406366809561,13.3036776847147,1.));
#6016=CARTESIAN_POINT('Ctrl Pts',(1.23776453905192,13.2987595932059,1.));
#6017=CARTESIAN_POINT('',(1.22484885044948,13.3340268042713,0.99));
#6018=CARTESIAN_POINT('',(1.22484885044948,13.3340268042713,1.));
#6019=CARTESIAN_POINT('Ctrl Pts',(1.22484885044948,13.3340268042713,0.99));
#6020=CARTESIAN_POINT('Ctrl Pts',(1.22532420128854,13.3271402942195,0.99));
#6021=CARTESIAN_POINT('Ctrl Pts',(1.22622467546973,13.3140949306888,0.99));
#6022=CARTESIAN_POINT('Ctrl Pts',(1.23406366809561,13.3036776847147,0.99));
#6023=CARTESIAN_POINT('Ctrl Pts',(1.23776453905192,13.2987595932059,0.99));
#6024=CARTESIAN_POINT('Origin',(1.21584906791652,14.0992516263761,1.));
#6025=CARTESIAN_POINT('',(1.21584906791652,14.0992516263761,1.));
#6026=CARTESIAN_POINT('',(1.23250877116833,12.6827264591849,1.));
#6027=CARTESIAN_POINT('',(1.21584906791652,14.0992516263761,0.99));
#6028=CARTESIAN_POINT('',(1.21584906791652,14.0992516263761,1.));
#6029=CARTESIAN_POINT('',(1.21584906791652,14.0992516263761,0.99));
#6030=CARTESIAN_POINT('Origin',(1.0311396568708,14.0970792654134,1.));
#6031=CARTESIAN_POINT('',(1.0311396568708,14.0970792654134,1.));
#6032=CARTESIAN_POINT('',(5.74891012518357,14.1525647998979,1.));
#6033=CARTESIAN_POINT('',(1.0311396568708,14.0970792654134,0.99));
#6034=CARTESIAN_POINT('',(1.0311396568708,14.0970792654134,1.));
#6035=CARTESIAN_POINT('',(1.0311396568708,14.0970792654134,0.99));
#6036=CARTESIAN_POINT('Origin',(1.04059677844312,13.2929682609202,1.));
#6037=CARTESIAN_POINT('',(1.04059677844312,13.2929682609202,1.));
#6038=CARTESIAN_POINT('',(1.05252792090878,12.2784985959756,1.));
#6039=CARTESIAN_POINT('',(1.04059677844312,13.2929682609202,0.99));
#6040=CARTESIAN_POINT('',(1.04059677844312,13.2929682609202,1.));
#6041=CARTESIAN_POINT('',(1.04059677844312,13.2929682609202,0.99));
#6042=CARTESIAN_POINT('Ctrl Pts',(1.06811901840684,13.1967575032217,1.));
#6043=CARTESIAN_POINT('Ctrl Pts',(1.06811901840684,13.1967575032217,0.99));
#6044=CARTESIAN_POINT('Ctrl Pts',(1.0602461547611,13.2116996411276,1.));
#6045=CARTESIAN_POINT('Ctrl Pts',(1.0602461547611,13.2116996411276,0.99));
#6046=CARTESIAN_POINT('Ctrl Pts',(1.04436424534525,13.2418423809717,1.));
#6047=CARTESIAN_POINT('Ctrl Pts',(1.04436424534525,13.2418423809717,0.99));
#6048=CARTESIAN_POINT('Ctrl Pts',(1.04185975912437,13.2758291591405,1.));
#6049=CARTESIAN_POINT('Ctrl Pts',(1.04185975912437,13.2758291591405,0.99));
#6050=CARTESIAN_POINT('Ctrl Pts',(1.04059677844312,13.2929682609202,1.));
#6051=CARTESIAN_POINT('Ctrl Pts',(1.04059677844312,13.2929682609202,0.99));
#6052=CARTESIAN_POINT('',(1.06811901840684,13.1967575032217,1.));
#6053=CARTESIAN_POINT('Ctrl Pts',(1.06811901840684,13.1967575032217,1.));
#6054=CARTESIAN_POINT('Ctrl Pts',(1.0602461547611,13.2116996411276,1.));
#6055=CARTESIAN_POINT('Ctrl Pts',(1.04436424534525,13.2418423809717,1.));
#6056=CARTESIAN_POINT('Ctrl Pts',(1.04185975912437,13.2758291591405,1.));
#6057=CARTESIAN_POINT('Ctrl Pts',(1.04059677844312,13.2929682609202,1.));
#6058=CARTESIAN_POINT('',(1.06811901840684,13.1967575032217,0.99));
#6059=CARTESIAN_POINT('',(1.06811901840684,13.1967575032217,1.));
#6060=CARTESIAN_POINT('Ctrl Pts',(1.06811901840684,13.1967575032217,0.99));
#6061=CARTESIAN_POINT('Ctrl Pts',(1.0602461547611,13.2116996411276,0.99));
#6062=CARTESIAN_POINT('Ctrl Pts',(1.04436424534525,13.2418423809717,0.99));
#6063=CARTESIAN_POINT('Ctrl Pts',(1.04185975912437,13.2758291591405,0.99));
#6064=CARTESIAN_POINT('Ctrl Pts',(1.04059677844312,13.2929682609202,0.99));
#6065=CARTESIAN_POINT('Ctrl Pts',(1.13907788372729,13.1274483107509,1.));
#6066=CARTESIAN_POINT('Ctrl Pts',(1.13907788372729,13.1274483107509,0.99));
#6067=CARTESIAN_POINT('Ctrl Pts',(1.1251069453662,13.1368043324151,1.));
#6068=CARTESIAN_POINT('Ctrl Pts',(1.1251069453662,13.1368043324151,0.99));
#6069=CARTESIAN_POINT('Ctrl Pts',(1.0971650595121,13.1555163818589,1.));
#6070=CARTESIAN_POINT('Ctrl Pts',(1.0971650595121,13.1555163818589,0.99));
#6071=CARTESIAN_POINT('Ctrl Pts',(1.0778010342181,13.1830104597722,1.));
#6072=CARTESIAN_POINT('Ctrl Pts',(1.0778010342181,13.1830104597722,0.99));
#6073=CARTESIAN_POINT('Ctrl Pts',(1.06811901840684,13.1967575032217,1.));
#6074=CARTESIAN_POINT('Ctrl Pts',(1.06811901840684,13.1967575032217,0.99));
#6075=CARTESIAN_POINT('',(1.13907788372729,13.1274483107509,1.));
#6076=CARTESIAN_POINT('Ctrl Pts',(1.13907788372729,13.1274483107509,1.));
#6077=CARTESIAN_POINT('Ctrl Pts',(1.1251069453662,13.1368043324151,1.));
#6078=CARTESIAN_POINT('Ctrl Pts',(1.0971650595121,13.1555163818589,1.));
#6079=CARTESIAN_POINT('Ctrl Pts',(1.0778010342181,13.1830104597722,1.));
#6080=CARTESIAN_POINT('Ctrl Pts',(1.06811901840684,13.1967575032217,1.));
#6081=CARTESIAN_POINT('',(1.13907788372729,13.1274483107509,0.99));
#6082=CARTESIAN_POINT('',(1.13907788372729,13.1274483107509,1.));
#6083=CARTESIAN_POINT('Ctrl Pts',(1.13907788372729,13.1274483107509,0.99));
#6084=CARTESIAN_POINT('Ctrl Pts',(1.1251069453662,13.1368043324151,0.99));
#6085=CARTESIAN_POINT('Ctrl Pts',(1.0971650595121,13.1555163818589,0.99));
#6086=CARTESIAN_POINT('Ctrl Pts',(1.0778010342181,13.1830104597722,0.99));
#6087=CARTESIAN_POINT('Ctrl Pts',(1.06811901840684,13.1967575032217,0.99));
#6088=CARTESIAN_POINT('Ctrl Pts',(1.23590936068694,13.1021964337987,1.));
#6089=CARTESIAN_POINT('Ctrl Pts',(1.23590936068694,13.1021964337987,0.99));
#6090=CARTESIAN_POINT('Ctrl Pts',(1.2187452699421,13.1030559713199,1.));
#6091=CARTESIAN_POINT('Ctrl Pts',(1.2187452699421,13.1030559713199,0.99));
#6092=CARTESIAN_POINT('Ctrl Pts',(1.18470897243157,13.1047604294953,1.));
#6093=CARTESIAN_POINT('Ctrl Pts',(1.18470897243157,13.1047604294953,0.99));
#6094=CARTESIAN_POINT('Ctrl Pts',(1.15420103799214,13.1199290439985,1.));
#6095=CARTESIAN_POINT('Ctrl Pts',(1.15420103799214,13.1199290439985,0.99));
#6096=CARTESIAN_POINT('Ctrl Pts',(1.13907788372729,13.1274483107509,1.));
#6097=CARTESIAN_POINT('Ctrl Pts',(1.13907788372729,13.1274483107509,0.99));
#6098=CARTESIAN_POINT('',(1.23590936068694,13.1021964337987,1.));
#6099=CARTESIAN_POINT('Ctrl Pts',(1.23590936068694,13.1021964337987,1.));
#6100=CARTESIAN_POINT('Ctrl Pts',(1.2187452699421,13.1030559713199,1.));
#6101=CARTESIAN_POINT('Ctrl Pts',(1.18470897243157,13.1047604294953,1.));
#6102=CARTESIAN_POINT('Ctrl Pts',(1.15420103799214,13.1199290439985,1.));
#6103=CARTESIAN_POINT('Ctrl Pts',(1.13907788372729,13.1274483107509,1.));
#6104=CARTESIAN_POINT('',(1.23590936068694,13.1021964337987,0.99));
#6105=CARTESIAN_POINT('',(1.23590936068694,13.1021964337987,1.));
#6106=CARTESIAN_POINT('Ctrl Pts',(1.23590936068694,13.1021964337987,0.99));
#6107=CARTESIAN_POINT('Ctrl Pts',(1.2187452699421,13.1030559713199,0.99));
#6108=CARTESIAN_POINT('Ctrl Pts',(1.18470897243157,13.1047604294953,0.99));
#6109=CARTESIAN_POINT('Ctrl Pts',(1.15420103799214,13.1199290439985,0.99));
#6110=CARTESIAN_POINT('Ctrl Pts',(1.13907788372729,13.1274483107509,0.99));
#6111=CARTESIAN_POINT('Origin',(1.84975576819308,13.1094158600596,1.));
#6112=CARTESIAN_POINT('',(1.84975576819308,13.1094158600596,1.));
#6113=CARTESIAN_POINT('',(6.16408192287378,13.1601564999955,1.));
#6114=CARTESIAN_POINT('',(1.84975576819308,13.1094158600596,0.99));
#6115=CARTESIAN_POINT('',(1.84975576819308,13.1094158600596,1.));
#6116=CARTESIAN_POINT('',(1.84975576819308,13.1094158600596,0.99));
#6117=CARTESIAN_POINT('Ctrl Pts',(1.94596645139092,13.1369380991471,1.));
#6118=CARTESIAN_POINT('Ctrl Pts',(1.94596645139092,13.1369380991471,0.99));
#6119=CARTESIAN_POINT('Ctrl Pts',(1.93102432362629,13.1290652356146,1.));
#6120=CARTESIAN_POINT('Ctrl Pts',(1.93102432362629,13.1290652356146,0.99));
#6121=CARTESIAN_POINT('Ctrl Pts',(1.90088160915604,13.1131833290173,1.));
#6122=CARTESIAN_POINT('Ctrl Pts',(1.90088160915604,13.1131833290173,0.99));
#6123=CARTESIAN_POINT('Ctrl Pts',(1.86689485507695,13.1106788412954,1.));
#6124=CARTESIAN_POINT('Ctrl Pts',(1.86689485507695,13.1106788412954,0.99));
#6125=CARTESIAN_POINT('Ctrl Pts',(1.84975576819308,13.1094158600596,1.));
#6126=CARTESIAN_POINT('Ctrl Pts',(1.84975576819308,13.1094158600596,0.99));
#6127=CARTESIAN_POINT('',(1.94596645139092,13.1369380991471,1.));
#6128=CARTESIAN_POINT('Ctrl Pts',(1.94596645139092,13.1369380991471,1.));
#6129=CARTESIAN_POINT('Ctrl Pts',(1.93102432362629,13.1290652356146,1.));
#6130=CARTESIAN_POINT('Ctrl Pts',(1.90088160915604,13.1131833290173,1.));
#6131=CARTESIAN_POINT('Ctrl Pts',(1.86689485507695,13.1106788412954,1.));
#6132=CARTESIAN_POINT('Ctrl Pts',(1.84975576819308,13.1094158600596,1.));
#6133=CARTESIAN_POINT('',(1.94596645139092,13.1369380991471,0.99));
#6134=CARTESIAN_POINT('',(1.94596645139092,13.1369380991471,1.));
#6135=CARTESIAN_POINT('Ctrl Pts',(1.94596645139092,13.1369380991471,0.99));
#6136=CARTESIAN_POINT('Ctrl Pts',(1.93102432362629,13.1290652356146,0.99));
#6137=CARTESIAN_POINT('Ctrl Pts',(1.90088160915604,13.1131833290173,0.99));
#6138=CARTESIAN_POINT('Ctrl Pts',(1.86689485507695,13.1106788412954,0.99));
#6139=CARTESIAN_POINT('Ctrl Pts',(1.84975576819308,13.1094158600596,0.99));
#6140=CARTESIAN_POINT('Ctrl Pts',(2.01527568838686,13.2078969798934,1.));
#6141=CARTESIAN_POINT('Ctrl Pts',(2.01527568838686,13.2078969798934,0.99));
#6142=CARTESIAN_POINT('Ctrl Pts',(2.00591966288318,13.193926035164,1.));
#6143=CARTESIAN_POINT('Ctrl Pts',(2.00591966288318,13.193926035164,0.99));
#6144=CARTESIAN_POINT('Ctrl Pts',(1.98720760527577,13.1659841358497,1.));
#6145=CARTESIAN_POINT('Ctrl Pts',(1.98720760527577,13.1659841358497,0.99));
#6146=CARTESIAN_POINT('Ctrl Pts',(1.95971350591841,13.146620113658,1.));
#6147=CARTESIAN_POINT('Ctrl Pts',(1.95971350591841,13.146620113658,0.99));
#6148=CARTESIAN_POINT('Ctrl Pts',(1.94596645139092,13.1369380991471,1.));
#6149=CARTESIAN_POINT('Ctrl Pts',(1.94596645139092,13.1369380991471,0.99));
#6150=CARTESIAN_POINT('',(2.01527568838686,13.2078969798934,1.));
#6151=CARTESIAN_POINT('Ctrl Pts',(2.01527568838686,13.2078969798934,1.));
#6152=CARTESIAN_POINT('Ctrl Pts',(2.00591966288318,13.193926035164,1.));
#6153=CARTESIAN_POINT('Ctrl Pts',(1.98720760527577,13.1659841358497,1.));
#6154=CARTESIAN_POINT('Ctrl Pts',(1.95971350591841,13.146620113658,1.));
#6155=CARTESIAN_POINT('Ctrl Pts',(1.94596645139092,13.1369380991471,1.));
#6156=CARTESIAN_POINT('',(2.01527568838686,13.2078969798934,0.99));
#6157=CARTESIAN_POINT('',(2.01527568838686,13.2078969798934,1.));
#6158=CARTESIAN_POINT('Ctrl Pts',(2.01527568838686,13.2078969798934,0.99));
#6159=CARTESIAN_POINT('Ctrl Pts',(2.00591966288318,13.193926035164,0.99));
#6160=CARTESIAN_POINT('Ctrl Pts',(1.98720760527577,13.1659841358497,0.99));
#6161=CARTESIAN_POINT('Ctrl Pts',(1.95971350591841,13.146620113658,0.99));
#6162=CARTESIAN_POINT('Ctrl Pts',(1.94596645139092,13.1369380991471,0.99));
#6163=CARTESIAN_POINT('Ctrl Pts',(2.04052756586478,13.3047284121527,1.));
#6164=CARTESIAN_POINT('Ctrl Pts',(2.04052756586478,13.3047284121527,0.99));
#6165=CARTESIAN_POINT('Ctrl Pts',(2.03966799493513,13.2875643494671,1.));
#6166=CARTESIAN_POINT('Ctrl Pts',(2.03966799493513,13.2875643494671,0.99));
#6167=CARTESIAN_POINT('Ctrl Pts',(2.03796346934927,13.2535280844008,1.));
#6168=CARTESIAN_POINT('Ctrl Pts',(2.03796346934927,13.2535280844008,0.99));
#6169=CARTESIAN_POINT('Ctrl Pts',(2.0227949253854,13.223020146406,1.));
#6170=CARTESIAN_POINT('Ctrl Pts',(2.0227949253854,13.223020146406,0.99));
#6171=CARTESIAN_POINT('Ctrl Pts',(2.01527568838686,13.2078969798934,1.));
#6172=CARTESIAN_POINT('Ctrl Pts',(2.01527568838686,13.2078969798934,0.99));
#6173=CARTESIAN_POINT('',(2.04052756586478,13.3047284121527,1.));
#6174=CARTESIAN_POINT('Ctrl Pts',(2.04052756586478,13.3047284121527,1.));
#6175=CARTESIAN_POINT('Ctrl Pts',(2.03966799493513,13.2875643494671,1.));
#6176=CARTESIAN_POINT('Ctrl Pts',(2.03796346934927,13.2535280844008,1.));
#6177=CARTESIAN_POINT('Ctrl Pts',(2.0227949253854,13.223020146406,1.));
#6178=CARTESIAN_POINT('Ctrl Pts',(2.01527568838686,13.2078969798934,1.));
#6179=CARTESIAN_POINT('',(2.04052756586478,13.3047284121527,0.99));
#6180=CARTESIAN_POINT('',(2.04052756586478,13.3047284121527,1.));
#6181=CARTESIAN_POINT('Ctrl Pts',(2.04052756586478,13.3047284121527,0.99));
#6182=CARTESIAN_POINT('Ctrl Pts',(2.03966799493513,13.2875643494671,0.99));
#6183=CARTESIAN_POINT('Ctrl Pts',(2.03796346934927,13.2535280844008,0.99));
#6184=CARTESIAN_POINT('Ctrl Pts',(2.0227949253854,13.223020146406,0.99));
#6185=CARTESIAN_POINT('Ctrl Pts',(2.01527568838686,13.2078969798934,0.99));
#6186=CARTESIAN_POINT('Origin',(2.03107044429246,14.1088394166459,1.));
#6187=CARTESIAN_POINT('',(2.04773014754428,12.6923142494547,1.));
#6188=CARTESIAN_POINT('',(2.03107044429246,14.1088394166459,0.99));
#6189=CARTESIAN_POINT('Origin',(1.50124733346104,16.5462865784115,0.99));
#6190=CARTESIAN_POINT('Origin',(10.5,11.375,1.));
#6191=CARTESIAN_POINT('Origin',(10.5,11.375,1.));
#6192=CARTESIAN_POINT('Origin',(25.0605618804245,0.,6.));
#6193=CARTESIAN_POINT('',(21.,8.58847118032329,1.));
#6194=CARTESIAN_POINT('',(21.,8.58847118032329,0.3));
#6195=CARTESIAN_POINT('',(21.,8.58847118032329,6.));
#6196=CARTESIAN_POINT('',(15.5605618804245,0.,1.));
#6197=CARTESIAN_POINT('Origin',(25.0605618804245,0.,1.));
#6198=CARTESIAN_POINT('',(15.5605618804245,0.,0.3));
#6199=CARTESIAN_POINT('',(15.5605618804245,0.,6.));
#6200=CARTESIAN_POINT('Origin',(25.0605618804245,0.,0.3));
#6201=CARTESIAN_POINT('Origin',(10.5,11.375,0.3));
#6202=CARTESIAN_POINT('',(21.,0.,0.3));
#6203=CARTESIAN_POINT('',(9.6305029823407,0.,0.3));
#6204=CARTESIAN_POINT('',(21.,2.29178519583952,0.3));
#6205=CARTESIAN_POINT('',(19.25,1.5,0.3));
#6206=CARTESIAN_POINT('Origin',(19.5,1.5,0.3));
#6207=CARTESIAN_POINT('Origin',(21.,0.,0.));
#6208=CARTESIAN_POINT('',(21.,0.,0.));
#6209=CARTESIAN_POINT('',(21.,0.,0.));
#6210=CARTESIAN_POINT('',(21.,22.75,0.));
#6211=CARTESIAN_POINT('',(21.,0.,0.));
#6212=CARTESIAN_POINT('',(21.,22.75,1.));
#6213=CARTESIAN_POINT('',(21.,22.75,0.));
#6214=CARTESIAN_POINT('',(21.,0.,1.));
#6215=CARTESIAN_POINT('Origin',(0.,0.,0.));
#6216=CARTESIAN_POINT('',(0.,0.,1.));
#6217=CARTESIAN_POINT('',(0.,0.,1.));
#6218=CARTESIAN_POINT('',(0.,0.,0.));
#6219=CARTESIAN_POINT('',(0.,0.,0.));
#6220=CARTESIAN_POINT('',(0.,0.,0.));
#6221=CARTESIAN_POINT('Origin',(10.5,11.375,1.));
#6222=CARTESIAN_POINT('',(0.,22.75,1.));
#6223=CARTESIAN_POINT('',(0.,22.75,1.));
#6224=CARTESIAN_POINT('',(0.,45.5,1.));
#6225=CARTESIAN_POINT('',(1.9,1.5,1.));
#6226=CARTESIAN_POINT('Origin',(1.5,1.5,1.));
#6227=CARTESIAN_POINT('',(1.9,21.25,1.));
#6228=CARTESIAN_POINT('Origin',(1.5,21.25,1.));
#6229=CARTESIAN_POINT('',(19.9,21.25,1.));
#6230=CARTESIAN_POINT('Origin',(19.5,21.25,1.));
#6231=CARTESIAN_POINT('Origin',(1.5,1.5,1.));
#6232=CARTESIAN_POINT('',(1.9,1.5,0.5));
#6233=CARTESIAN_POINT('',(1.9,1.5,1.));
#6234=CARTESIAN_POINT('Origin',(1.5,1.5,0.5));
#6235=CARTESIAN_POINT('Origin',(1.5,1.5,0.5));
#6236=CARTESIAN_POINT('',(1.25,1.5,0.5));
#6237=CARTESIAN_POINT('Origin',(1.5,1.5,0.5));
#6238=CARTESIAN_POINT('Origin',(1.5,21.25,1.));
#6239=CARTESIAN_POINT('',(1.9,21.25,0.5));
#6240=CARTESIAN_POINT('',(1.9,21.25,1.));
#6241=CARTESIAN_POINT('Origin',(1.5,21.25,0.5));
#6242=CARTESIAN_POINT('Origin',(1.5,21.25,0.5));
#6243=CARTESIAN_POINT('',(1.25,21.25,0.5));
#6244=CARTESIAN_POINT('Origin',(1.5,21.25,0.5));
#6245=CARTESIAN_POINT('Origin',(19.5,21.25,1.));
#6246=CARTESIAN_POINT('',(19.9,21.25,0.5));
#6247=CARTESIAN_POINT('',(19.9,21.25,1.));
#6248=CARTESIAN_POINT('Origin',(19.5,21.25,0.5));
#6249=CARTESIAN_POINT('Origin',(19.5,21.25,0.5));
#6250=CARTESIAN_POINT('',(19.25,21.25,0.5));
#6251=CARTESIAN_POINT('Origin',(19.5,21.25,0.5));
#6252=CARTESIAN_POINT('Origin',(1.5,1.5,0.));
#6253=CARTESIAN_POINT('',(1.25,1.5,0.));
#6254=CARTESIAN_POINT('',(1.25,1.5,0.));
#6255=CARTESIAN_POINT('Origin',(1.5,1.5,0.));
#6256=CARTESIAN_POINT('Origin',(19.5,1.5,0.));
#6257=CARTESIAN_POINT('',(19.25,1.5,0.));
#6258=CARTESIAN_POINT('',(19.25,1.5,0.));
#6259=CARTESIAN_POINT('Origin',(19.5,1.5,0.));
#6260=CARTESIAN_POINT('Origin',(19.5,21.25,0.));
#6261=CARTESIAN_POINT('',(19.25,21.25,0.));
#6262=CARTESIAN_POINT('',(19.25,21.25,0.));
#6263=CARTESIAN_POINT('Origin',(19.5,21.25,0.));
#6264=CARTESIAN_POINT('Origin',(1.5,21.25,0.));
#6265=CARTESIAN_POINT('',(1.25,21.25,0.));
#6266=CARTESIAN_POINT('',(1.25,21.25,0.));
#6267=CARTESIAN_POINT('Origin',(1.5,21.25,0.));
#6268=CARTESIAN_POINT('Origin',(0.,22.75,0.));
#6269=CARTESIAN_POINT('',(0.,22.75,0.));
#6270=CARTESIAN_POINT('',(0.,45.5,0.));
#6271=CARTESIAN_POINT('',(0.,22.75,0.));
#6272=CARTESIAN_POINT('Origin',(21.,22.75,0.));
#6273=CARTESIAN_POINT('',(0.,22.75,0.));
#6274=CARTESIAN_POINT('Origin',(10.5,11.375,0.));
#6275=UNCERTAINTY_MEASURE_WITH_UNIT(LENGTH_MEASURE(0.001),#6279,
'DISTANCE_ACCURACY_VALUE',
'Maximum model space distance between geometric entities at asserted c
onnectivities');
#6276=UNCERTAINTY_MEASURE_WITH_UNIT(LENGTH_MEASURE(0.001),#6279,
'DISTANCE_ACCURACY_VALUE',
'Maximum model space distance between geometric entities at asserted c
onnectivities');
#6277=(
GEOMETRIC_REPRESENTATION_CONTEXT(3)
GLOBAL_UNCERTAINTY_ASSIGNED_CONTEXT((#6275))
GLOBAL_UNIT_ASSIGNED_CONTEXT((#6279,#6281,#6282))
REPRESENTATION_CONTEXT('','3D')
);
#6278=(
GEOMETRIC_REPRESENTATION_CONTEXT(3)
GLOBAL_UNCERTAINTY_ASSIGNED_CONTEXT((#6276))
GLOBAL_UNIT_ASSIGNED_CONTEXT((#6279,#6281,#6282))
REPRESENTATION_CONTEXT('','3D')
);
#6279=(
LENGTH_UNIT()
NAMED_UNIT(*)
SI_UNIT(.CENTI.,.METRE.)
);
#6280=(
LENGTH_UNIT()
NAMED_UNIT(*)
SI_UNIT($,.METRE.)
);
#6281=(
NAMED_UNIT(*)
PLANE_ANGLE_UNIT()
SI_UNIT($,.RADIAN.)
);
#6282=(
NAMED_UNIT(*)
SI_UNIT($,.STERADIAN.)
SOLID_ANGLE_UNIT()
);
#6283=SHAPE_DEFINITION_REPRESENTATION(#6284,#6285);
#6284=PRODUCT_DEFINITION_SHAPE('',$,#6287);
#6285=SHAPE_REPRESENTATION('',(#3355),#6277);
#6286=PRODUCT_DEFINITION_CONTEXT('part definition',#6291,'design');
#6287=PRODUCT_DEFINITION('2026-07-07-08-25-10-750','plate side-l',#6288,
#6286);
#6288=PRODUCT_DEFINITION_FORMATION('',$,#6293);
#6289=PRODUCT_RELATED_PRODUCT_CATEGORY('plate side-l','plate side-l',(#6293));
#6290=APPLICATION_PROTOCOL_DEFINITION('international standard',
'automotive_design',2009,#6291);
#6291=APPLICATION_CONTEXT(
'Core Data for Automotive Mechanical Design Process');
#6292=PRODUCT_CONTEXT('part definition',#6291,'mechanical');
#6293=PRODUCT('2026-07-07-08-25-10-750','plate side-l',$,(#6292));
#6294=PRESENTATION_STYLE_ASSIGNMENT((#6295));
#6295=SURFACE_STYLE_USAGE(.BOTH.,#6296);
#6296=SURFACE_SIDE_STYLE('',(#6297));
#6297=SURFACE_STYLE_FILL_AREA(#6298);
#6298=FILL_AREA_STYLE('ABS(\X2\D770C0C9\X0\)',(#6299));
#6299=FILL_AREA_STYLE_COLOUR('ABS(\X2\D770C0C9\X0\)',#6300);
#6300=COLOUR_RGB('ABS(\X2\D770C0C9\X0\)',0.964705882352941,0.964705882352941,
0.952941176470588);
ENDSEC;
END-ISO-10303-21;
